local_timestamp,epoch,datetime,node_file_id,co_corrected,pm_pct_fs_corrected,node_id
2021-09-01 12:00:00,1630522800.0,2021-09-01 19:00:00,2220876,0.0920584914566446,10.89823388950223,31
2021-09-01 13:00:00,1630526400.0,2021-09-01 20:00:00,2220924,0.0917322986762337,11.580932550147743,31
2021-09-01 14:00:00,1630530000.0,2021-09-01 21:00:00,2220994,0.1142720336070369,10.055392696836051,31
2021-09-01 15:00:00,1630533600.0,2021-09-01 22:00:00,2221035,0.1355074982890581,9.608956777123923,31
2021-09-01 16:00:00,1630537200.0,2021-09-01 23:00:00,2221118,0.1385994043893103,9.979824140033829,31
2021-09-01 17:00:00,1630540800.0,2021-09-02 00:00:00,2221195,0.1459795269272152,9.946584754686397,31
2021-09-01 18:00:00,1630544400.0,2021-09-02 01:00:00,2221244,0.1478087587493967,10.733164023560215,31
2021-09-01 19:00:00,1630548000.0,2021-09-02 02:00:00,2221318,0.1563713166087423,12.954107446527274,31
2021-09-01 20:00:00,1630551600.0,2021-09-02 03:00:00,2221401,0.1745122268596839,15.054364769441044,31
2021-09-01 21:00:00,1630555200.0,2021-09-02 04:00:00,2221440,0.176404381786355,14.43208757557265,31
2021-09-01 22:00:00,1630558800.0,2021-09-02 05:00:00,2221491,0.1814399293165264,14.827071022040576,31
2021-09-01 23:00:00,1630562400.0,2021-09-02 06:00:00,2221560,0.1865460805986132,15.849414719334806,31
2021-09-02 00:00:00,1630566000.0,2021-09-02 07:00:00,2221613,0.1779709915126696,15.531613707764317,31
2021-09-02 01:00:00,1630569600.0,2021-09-02 08:00:00,2221677,0.1733800783150528,15.601788948172915,31
2021-09-02 02:00:00,1630573200.0,2021-09-02 09:00:00,2221724,0.175650859301927,14.681478953017931,31
2021-09-02 03:00:00,1630576800.0,2021-09-02 10:00:00,2221770,0.176782122198139,14.327606355720286,31
2021-09-02 04:00:00,1630580400.0,2021-09-02 11:00:00,2221828,0.1869675560699886,14.507342977134886,31
2021-09-02 05:00:00,1630584000.0,2021-09-02 12:00:00,2221867,0.198155045531409,16.92430216987848,31
2021-09-02 06:00:00,1630587600.0,2021-09-02 13:00:00,2221936,0.1872473010788266,11.860538674595407,31
2021-09-02 07:00:00,1630591200.0,2021-09-02 14:00:00,2221994,0.2060526123733694,12.917654778797624,31
2021-09-02 08:00:00,1630594800.0,2021-09-02 15:00:00,2222061,0.2040731021568157,14.91593816583807,31
2021-09-02 09:00:00,1630598400.0,2021-09-02 16:00:00,2222328,0.1920814819215425,12.82361933990057,31
2021-09-02 10:00:00,1630602000.0,2021-09-02 17:00:00,2222366,0.1928726683336113,13.097340187991792,31
2021-09-02 11:00:00,1630605600.0,2021-09-02 18:00:00,2222401,0.1661118246930557,12.000021648413108,31
2021-09-02 12:00:00,1630609200.0,2021-09-02 19:00:00,2222459,0.1717302657788617,14.86918205112372,31
2021-09-02 13:00:00,1630612800.0,2021-09-02 20:00:00,2222541,0.1620095390635419,13.369249253157308,31
2021-09-02 14:00:00,1630616400.0,2021-09-02 21:00:00,2222827,0.1530753107253852,14.926556215765014,31
2021-09-02 15:00:00,1630620000.0,2021-09-02 22:00:00,2222828,0.1668614605096702,14.68011828887428,31
2021-09-02 16:00:00,1630623600.0,2021-09-02 23:00:00,2222829,0.1643469379212858,13.406746137595883,31
2021-09-02 17:00:00,1630627200.0,2021-09-03 00:00:00,2222830,0.1802280240504728,14.82943591514544,31
2021-09-02 18:00:00,1630630800.0,2021-09-03 01:00:00,2222831,0.1875074245044576,12.11778913781148,31
2021-09-02 19:00:00,1630634400.0,2021-09-03 02:00:00,2222842,0.1915054007665325,12.039689143868568,31
2021-09-02 20:00:00,1630638000.0,2021-09-03 03:00:00,2222949,0.1951257826522474,12.9525660066773,31
2021-09-02 21:00:00,1630641600.0,2021-09-03 04:00:00,2222997,0.1969733399596602,13.73190749411628,31
2021-09-02 22:00:00,1630645200.0,2021-09-03 05:00:00,2223031,0.1880904019464585,12.988142553560294,31
2021-09-02 23:00:00,1630648800.0,2021-09-03 06:00:00,2223095,0.1866733415386646,13.108685662223191,31
2021-09-03 00:00:00,1630652400.0,2021-09-03 07:00:00,2223135,0.1870349518174927,12.924072582757466,31
2021-09-03 01:00:00,1630656000.0,2021-09-03 08:00:00,2223198,0.1810242871023422,11.817146115052868,31
2021-09-03 02:00:00,1630659600.0,2021-09-03 09:00:00,2223248,0.1700948532939684,12.30658269752636,31
2021-09-03 03:00:00,1630663200.0,2021-09-03 10:00:00,2223313,0.1681852126356242,12.220619632567328,31
2021-09-03 04:00:00,1630666800.0,2021-09-03 11:00:00,2223360,0.1720599846770676,12.744544520031772,31
2021-09-03 05:00:00,1630670400.0,2021-09-03 12:00:00,2223419,0.1828910170769468,14.057050610823996,31
2021-09-03 06:00:00,1630674000.0,2021-09-03 13:00:00,2223489,0.178819534443497,14.347460011396448,31
2021-09-03 07:00:00,1630677600.0,2021-09-03 14:00:00,2223523,0.1994563193772864,14.77888227826708,31
2021-09-03 08:00:00,1630681200.0,2021-09-03 15:00:00,2223586,0.1921264450606257,13.714392078230569,31
2021-09-03 09:00:00,1630684800.0,2021-09-03 16:00:00,2223667,0.2080200500597168,13.795670158275255,31
2021-09-03 10:00:00,1630688400.0,2021-09-03 17:00:00,2223823,0.2174750529728785,13.416638313208969,31
2021-09-03 11:00:00,1630692000.0,2021-09-03 18:00:00,2223869,0.1802888836254417,16.25306629265264,31
2021-09-03 12:00:00,1630695600.0,2021-09-03 19:00:00,2223928,0.1733763017875911,13.441399393174642,31
2021-09-03 13:00:00,1630699200.0,2021-09-03 20:00:00,2224128,0.1784751296343841,15.640385715483989,31
2021-09-03 14:00:00,1630702800.0,2021-09-03 21:00:00,2224129,0.1685501020828742,13.554497369990534,31
2021-09-03 15:00:00,1630706400.0,2021-09-03 22:00:00,2224130,0.1801339229937674,9.770993582147504,31
2021-09-03 16:00:00,1630710000.0,2021-09-03 23:00:00,2224148,0.1831628624849519,8.819447530621156,31
2021-09-03 17:00:00,1630713600.0,2021-09-04 00:00:00,2224206,0.18962065559945,9.86693604357426,31
2021-09-03 18:00:00,1630717200.0,2021-09-04 01:00:00,2224277,0.1934624981761661,9.765094492328668,31
2021-09-03 19:00:00,1630720800.0,2021-09-04 02:00:00,2224336,0.2123112393731253,11.459334290491087,31
2021-09-03 20:00:00,1630724400.0,2021-09-04 03:00:00,2224381,0.2229809690249662,11.815132259617382,31
2021-09-03 21:00:00,1630728000.0,2021-09-04 04:00:00,2224464,0.2186626357001924,12.49694799044007,31
2021-09-03 22:00:00,1630731600.0,2021-09-04 05:00:00,2224511,0.2251094623157013,11.98703446989574,31
2021-09-03 23:00:00,1630735200.0,2021-09-04 06:00:00,2224582,0.2153708871459814,11.195692593899691,31
2021-09-04 00:00:00,1630738800.0,2021-09-04 07:00:00,2224611,0.2669955797815601,11.868809795217736,31
2021-09-04 01:00:00,1630742400.0,2021-09-04 08:00:00,2224671,0.2921710276662361,10.681095144418016,31
2021-09-04 02:00:00,1630746000.0,2021-09-04 09:00:00,2224713,0.3288253055348787,12.381769995890313,31
2021-09-04 03:00:00,1630749600.0,2021-09-04 10:00:00,2224840,0.2579354371294879,12.036193783104824,31
2021-09-04 04:00:00,1630753200.0,2021-09-04 11:00:00,2224894,0.272809237368518,11.323072369535844,31
2021-09-04 05:00:00,1630756800.0,2021-09-04 12:00:00,2224967,0.2510348149565218,11.209451273374857,31
2021-09-04 06:00:00,1630760400.0,2021-09-04 13:00:00,2225027,0.3144221207496864,11.744325862712088,31
2021-09-04 07:00:00,1630764000.0,2021-09-04 14:00:00,2225063,0.2686060984097596,21.11703736393356,31
2021-09-04 08:00:00,1630767600.0,2021-09-04 15:00:00,2225139,0.2020135922062237,19.784799417194808,31
2021-09-04 09:00:00,1630771200.0,2021-09-04 16:00:00,2225179,0.2230668648459361,20.354995696471725,31
2021-09-04 10:00:00,1630774800.0,2021-09-04 17:00:00,2225279,0.2241851421359429,17.8389233134364,31
2021-09-04 11:00:00,1630778400.0,2021-09-04 18:00:00,2225320,0.1607476029047594,14.224766824725188,31
2021-09-04 12:00:00,1630782000.0,2021-09-04 19:00:00,2225396,0.1646184222531765,12.613359953758282,31
2021-09-04 13:00:00,1630785600.0,2021-09-04 20:00:00,2225450,0.156970814985967,10.982739388489088,31
2021-09-04 14:00:00,1630789200.0,2021-09-04 21:00:00,2225500,0.1403475190453131,11.8126194718733,31
2021-09-04 15:00:00,1630792800.0,2021-09-04 22:00:00,2225827,0.145242615526778,10.166529825747368,31
2021-09-04 16:00:00,1630796400.0,2021-09-04 23:00:00,2225828,0.1816226775174315,10.60099866277138,31
2021-09-04 17:00:00,1630800000.0,2021-09-05 00:00:00,2225829,0.2105120563040869,11.373869323034503,31
2021-09-04 18:00:00,1630803600.0,2021-09-05 01:00:00,2225830,0.232090586792689,10.649280882784923,31
2021-09-04 19:00:00,1630807200.0,2021-09-05 02:00:00,2225831,0.254898837010429,7.253880919754771,31
2021-09-04 20:00:00,1630810800.0,2021-09-05 03:00:00,2225883,0.2497331611154777,8.55325728142898,31
2021-09-04 21:00:00,1630814400.0,2021-09-05 04:00:00,2225919,0.2401572011960082,8.140839298250798,31
2021-09-04 22:00:00,1630818000.0,2021-09-05 05:00:00,2225998,0.2510772379488771,8.822239604534992,31
2021-09-04 23:00:00,1630821600.0,2021-09-05 06:00:00,2226050,0.2330339308591247,9.090599687407938,31
2021-09-05 00:00:00,1630825200.0,2021-09-05 07:00:00,2226114,0.2302901985781015,11.284294293531064,31
2021-09-05 01:00:00,1630828800.0,2021-09-05 08:00:00,2226182,0.2674963365397852,12.575033343886805,31
2021-09-05 02:00:00,1630832400.0,2021-09-05 09:00:00,2226215,0.2988701866459475,12.87376972558437,31
2021-09-05 03:00:00,1630836000.0,2021-09-05 10:00:00,2226273,0.3740737354736032,13.448603253799702,31
2021-09-05 04:00:00,1630839600.0,2021-09-05 11:00:00,2226316,0.3881442425291762,11.635000830943651,31
2021-09-05 05:00:00,1630843200.0,2021-09-05 12:00:00,2226401,0.2788090669264588,14.684617386365336,31
2021-09-05 06:00:00,1630846800.0,2021-09-05 13:00:00,2226423,0.2705942365875038,29.571531977690483,31
2021-09-05 07:00:00,1630850400.0,2021-09-05 14:00:00,2226500,0.2772427366022697,23.37006459828424,31
2021-09-05 08:00:00,1630854000.0,2021-09-05 15:00:00,2226553,0.2805952506968379,15.373325845977291,31
2021-09-05 09:00:00,1630857600.0,2021-09-05 16:00:00,2226604,0.248281380974414,15.655711042725857,31
2021-09-05 10:00:00,1630861200.0,2021-09-05 17:00:00,2226640,0.1870322022920028,13.288332446524263,31
2021-09-05 11:00:00,1630864800.0,2021-09-05 18:00:00,2226730,0.1725056251790116,12.197938355402174,31
2021-09-05 12:00:00,1630868400.0,2021-09-05 19:00:00,2226786,0.1598009325405691,12.594620563846052,31
2021-09-05 13:00:00,1630872000.0,2021-09-05 20:00:00,2226879,0.1133827454346462,9.330992072696606,31
2021-09-05 14:00:00,1630875600.0,2021-09-05 21:00:00,2226908,0.0907459815407039,7.617751497972273,31
2021-09-05 15:00:00,1630879200.0,2021-09-05 22:00:00,2226997,0.0997943497323167,6.828538109752189,31
2021-09-05 16:00:00,1630882800.0,2021-09-05 23:00:00,2227040,0.1896362038763713,6.466271621241361,31
2021-09-05 17:00:00,1630886400.0,2021-09-06 00:00:00,2227078,0.2423058552005648,10.979194541371452,31
2021-09-05 18:00:00,1630890000.0,2021-09-06 01:00:00,2227132,0.2718501059269398,8.674573366071389,31
2021-09-05 19:00:00,1630893600.0,2021-09-06 02:00:00,2227185,0.2569047516185873,8.352333853341408,31
2021-09-05 20:00:00,1630897200.0,2021-09-06 03:00:00,2227270,0.2551340050929946,6.927698624935524,31
2021-09-05 21:00:00,1630900800.0,2021-09-06 04:00:00,2227312,0.2650424979466629,7.822183853678416,31
2021-09-05 22:00:00,1630904400.0,2021-09-06 05:00:00,2227357,0.2592359374053202,8.99512616756591,31
2021-09-05 23:00:00,1630908000.0,2021-09-06 06:00:00,2227421,0.3060160626613548,9.404631903440348,31
2021-09-06 00:00:00,1630911600.0,2021-09-06 07:00:00,2227479,0.3081330158430205,9.61307131574395,31
2021-09-06 01:00:00,1630915200.0,2021-09-06 08:00:00,2227505,0.3579699361397955,8.971170280794958,31
2021-09-06 02:00:00,1630918800.0,2021-09-06 09:00:00,2227592,0.3677918817681096,8.640398459390312,31
2021-09-06 03:00:00,1630922400.0,2021-09-06 10:00:00,2227633,0.2724925546307916,7.631623540179252,31
2021-09-06 04:00:00,1630926000.0,2021-09-06 11:00:00,2227680,0.2573232273965595,7.391824757480726,31
2021-09-06 05:00:00,1630929600.0,2021-09-06 12:00:00,2227741,0.2453144187567007,9.506341085384069,31
2021-09-06 06:00:00,1630933200.0,2021-09-06 13:00:00,2227808,0.2398077072255867,10.081780198404724,31
2021-09-06 07:00:00,1630936800.0,2021-09-06 14:00:00,2227877,0.2662876033119488,9.016151909464872,31
2021-09-06 08:00:00,1630940400.0,2021-09-06 15:00:00,2227900,0.2696086706886115,7.90631108129289,31
2021-09-06 09:00:00,1630944000.0,2021-09-06 16:00:00,2227988,0.2420993288324012,7.565415451112168,31
2021-09-06 10:00:00,1630947600.0,2021-09-06 17:00:00,2228047,0.1671961131463284,8.045093238566237,31
2021-09-06 11:00:00,1630951200.0,2021-09-06 18:00:00,2228094,0.12428067511407,9.355904129237471,31
2021-09-06 12:00:00,1630954800.0,2021-09-06 19:00:00,2228164,0.0849983751426037,7.200989445049952,31
2021-09-06 13:00:00,1630958400.0,2021-09-06 20:00:00,2228472,0.0769542689613855,11.968698226583822,31
2021-09-06 14:00:00,1630962000.0,2021-09-06 21:00:00,2228473,0.0589626362600948,11.611503198881891,31
2021-09-06 15:00:00,1630965600.0,2021-09-06 22:00:00,2228474,0.1506322997616039,9.75437226458511,31
2021-09-06 16:00:00,1630969200.0,2021-09-06 23:00:00,2228475,0.1630398020757515,9.856160189312318,31
2021-09-06 17:00:00,1630972800.0,2021-09-07 00:00:00,2228476,0.171280456709221,7.263155020617874,31
2021-09-06 18:00:00,1630976400.0,2021-09-07 01:00:00,2228649,0.2114630735627653,9.192897916281888,31
2021-09-06 19:00:00,1630980000.0,2021-09-07 02:00:00,2228788,0.2759849402464793,12.740188840697488,31
2021-09-06 20:00:00,1630983600.0,2021-09-07 03:00:00,2228789,0.2797245394545904,7.514319817631831,31
2021-09-06 21:00:00,1630987200.0,2021-09-07 04:00:00,2228816,0.2824572530412444,5.440333448169278,31
2021-09-06 22:00:00,1630990800.0,2021-09-07 05:00:00,2228856,0.2950231311144156,4.701088045469411,31
2021-09-06 23:00:00,1630994400.0,2021-09-07 06:00:00,2228949,0.2660084436527352,4.405291254333282,31
2021-09-07 00:00:00,1630998000.0,2021-09-07 07:00:00,2228975,0.2348943380908285,4.126775914121147,31
2021-09-07 01:00:00,1631001600.0,2021-09-07 08:00:00,2229010,0.2068456313612094,3.89872436262592,31
2021-09-07 02:00:00,1631005200.0,2021-09-07 09:00:00,2229083,0.1601669995539646,4.019898314157554,31
2021-09-07 03:00:00,1631008800.0,2021-09-07 10:00:00,2229114,0.1642608703119848,3.953529880709863,31
2021-09-07 04:00:00,1631012400.0,2021-09-07 11:00:00,2229180,0.1950866582573586,5.321425344086458,31
2021-09-07 05:00:00,1631016000.0,2021-09-07 12:00:00,2229209,0.2332156847153477,4.996398600787442,31
2021-09-07 06:00:00,1631019600.0,2021-09-07 13:00:00,2229271,0.3226918724169809,7.371581489048884,31
2021-09-07 07:00:00,1631023200.0,2021-09-07 14:00:00,2229325,0.4053477313206952,9.280264792194938,31
2021-09-07 08:00:00,1631026800.0,2021-09-07 15:00:00,2229385,0.3301742415030381,8.850253201316887,31
2021-09-07 09:00:00,1631030400.0,2021-09-07 16:00:00,2229448,0.30730443105717,11.07102225238597,31
2021-09-07 10:00:00,1631034000.0,2021-09-07 17:00:00,2229495,0.2068642551603438,10.972972848967776,31
2021-09-07 11:00:00,1631037600.0,2021-09-07 18:00:00,2229526,0.1403286542480388,6.937466353238525,31
2021-09-07 12:00:00,1631041200.0,2021-09-07 19:00:00,2230960,0.1309022284305159,5.952450273724447,31
2021-09-07 13:00:00,1631044800.0,2021-09-07 20:00:00,2230961,0.1198059143111797,7.586249166731979,31
2021-09-07 14:00:00,1631048400.0,2021-09-07 21:00:00,2230962,0.1240123985892199,9.480249467318632,31
2021-09-07 15:00:00,1631052000.0,2021-09-07 22:00:00,2230963,0.1303271694292528,9.888215528577785,31
2021-09-07 16:00:00,1631055600.0,2021-09-07 23:00:00,2230964,0.1590400882397384,8.638105575526822,31
2021-09-07 17:00:00,1631059200.0,2021-09-08 00:00:00,2230965,0.1761238734041184,8.32705029576241,31
2021-09-07 18:00:00,1631062800.0,2021-09-08 01:00:00,2230966,0.1787749132754451,6.894186252515784,31
2021-09-07 19:00:00,1631066400.0,2021-09-08 02:00:00,2230967,0.2243116904153297,7.183286888162819,31
2021-09-07 20:00:00,1631070000.0,2021-09-08 03:00:00,2230968,0.2486654443801707,7.1768192393559085,31
2021-09-07 21:00:00,1631073600.0,2021-09-08 04:00:00,2230969,0.2187754384889337,7.6098212670926015,31
2021-09-07 22:00:00,1631077200.0,2021-09-08 05:00:00,2230970,0.1699709391881669,10.378338034381454,31
2021-09-07 23:00:00,1631080800.0,2021-09-08 06:00:00,2230971,0.1686688827606793,11.282459803271736,31
2021-09-08 00:00:00,1631084400.0,2021-09-08 07:00:00,2230972,0.2017291722477742,12.368892181516204,31
2021-09-08 01:00:00,1631088000.0,2021-09-08 08:00:00,2230973,0.1978497897407121,12.27614388046954,31
2021-09-08 02:00:00,1631091600.0,2021-09-08 09:00:00,2230974,0.2343773275344747,11.345490899633024,31
2021-09-08 03:00:00,1631095200.0,2021-09-08 10:00:00,2230975,0.2672264891811466,9.729861375451598,31
2021-09-08 04:00:00,1631098800.0,2021-09-08 11:00:00,2230976,0.2568686201701563,11.810308434828311,31
2021-09-08 05:00:00,1631102400.0,2021-09-08 12:00:00,2230977,0.2013492408827352,15.235594517582465,31
2021-09-08 06:00:00,1631106000.0,2021-09-08 13:00:00,2230978,0.3834921598325667,15.48696485136519,31
2021-09-08 07:00:00,1631109600.0,2021-09-08 14:00:00,2230979,0.3605232952299378,14.100277653424872,31
2021-09-08 08:00:00,1631113200.0,2021-09-08 15:00:00,2230980,0.2125148359832399,13.320534843654968,31
2021-09-08 09:00:00,1631116800.0,2021-09-08 16:00:00,2230981,0.1345654667058047,13.57178631952566,31
2021-09-08 10:00:00,1631120400.0,2021-09-08 17:00:00,2230982,0.0778730724628967,9.988794234291907,31
2021-09-08 11:00:00,1631124000.0,2021-09-08 18:00:00,2231022,0.0597024677046526,7.535064338571447,31
2021-09-08 12:00:00,1631127600.0,2021-09-08 19:00:00,2231769,0.0842019899614637,8.676538878545827,31
2021-09-08 13:00:00,1631131200.0,2021-09-08 20:00:00,2231770,0.0910292134065751,10.964588897544903,31
2021-09-08 14:00:00,1631134800.0,2021-09-08 21:00:00,2231771,0.0963610166293175,9.691347931973857,31
2021-09-08 15:00:00,1631138400.0,2021-09-08 22:00:00,2231772,0.1066713779274856,9.52618347903564,31
2021-09-08 16:00:00,1631142000.0,2021-09-08 23:00:00,2231773,0.1384681226042763,10.559086669848416,31
2021-09-08 17:00:00,1631145600.0,2021-09-09 00:00:00,2231774,0.1624544373794777,10.534295746728008,31
2021-09-08 18:00:00,1631149200.0,2021-09-09 01:00:00,2231775,0.1646865760808288,11.747105036022989,31
2021-09-08 19:00:00,1631152800.0,2021-09-09 02:00:00,2231776,0.1842611367213357,13.96254442225056,31
2021-09-08 20:00:00,1631156400.0,2021-09-09 03:00:00,2231777,0.1763852473949245,16.15769815534022,31
2021-09-08 21:00:00,1631160000.0,2021-09-09 04:00:00,2231778,0.1787342297883805,12.805533174730332,31
2021-09-08 22:00:00,1631163600.0,2021-09-09 05:00:00,2231812,0.1867107571204201,12.9055494966616,31
2021-09-08 23:00:00,1631167200.0,2021-09-09 06:00:00,2231874,0.1725664388668344,12.724161862280042,31
2021-09-09 00:00:00,1631170800.0,2021-09-09 07:00:00,2231924,0.1455222923419391,12.96680685231292,31
2021-09-09 01:00:00,1631174400.0,2021-09-09 08:00:00,2232016,0.1491332055215317,14.401516428539727,31
2021-09-09 02:00:00,1631178000.0,2021-09-09 09:00:00,2232070,0.1434672599499146,13.739755256816863,31
2021-09-09 03:00:00,1631181600.0,2021-09-09 10:00:00,2232127,0.1532750771354475,13.197489718606258,31
2021-09-09 04:00:00,1631185200.0,2021-09-09 11:00:00,2232172,0.1643147950217032,13.126621118618283,31
2021-09-09 05:00:00,1631188800.0,2021-09-09 12:00:00,2232238,0.1854156391853889,13.338659351262464,31
2021-09-09 06:00:00,1631192400.0,2021-09-09 13:00:00,2232326,0.1364886570022199,12.196393452589987,31
2021-09-09 07:00:00,1631196000.0,2021-09-09 14:00:00,2232355,0.1684465231445115,12.18727751068674,31
2021-09-09 08:00:00,1631199600.0,2021-09-09 15:00:00,2232449,0.1902573372609049,10.995590622046166,31
2021-09-09 09:00:00,1631203200.0,2021-09-09 16:00:00,2232471,0.1584667849120367,9.027025884500494,31
2021-09-09 10:00:00,1631206800.0,2021-09-09 17:00:00,2232674,0.0750106558886642,6.476977586022999,31
2021-09-09 11:00:00,1631210400.0,2021-09-09 18:00:00,2232725,0.0816099859536788,8.885277394625358,31
2021-09-09 12:00:00,1631214000.0,2021-09-09 19:00:00,2234123,0.072073520079027,10.725890179201274,31
2021-09-09 13:00:00,1631217600.0,2021-09-09 20:00:00,2234124,0.0918016596644099,9.178170991352347,31
2021-09-09 14:00:00,1631221200.0,2021-09-09 21:00:00,2234125,0.0887030320737613,10.669469238435674,31
2021-09-09 15:00:00,1631224800.0,2021-09-09 22:00:00,2234126,0.1099397176306086,8.456719661328632,31
2021-09-09 16:00:00,1631228400.0,2021-09-09 23:00:00,2234142,0.1247030335656242,7.655447371255573,31
2021-09-09 17:00:00,1631232000.0,2021-09-10 00:00:00,2234236,0.1221627101461615,6.3235986226399135,31
2021-09-09 18:00:00,1631235600.0,2021-09-10 01:00:00,2234277,0.1368555487804036,7.999863265790831,31
2021-09-09 19:00:00,1631239200.0,2021-09-10 02:00:00,2235054,0.1514713861881181,11.786482807864507,31
2021-09-09 20:00:00,1631242800.0,2021-09-10 03:00:00,2235055,0.1406812639181689,13.124288754226288,31
2021-09-09 21:00:00,1631246400.0,2021-09-10 04:00:00,2235056,0.1376611460414933,12.6235215386744,31
2021-09-09 22:00:00,1631250000.0,2021-09-10 05:00:00,2235057,0.1358241189112366,10.83556911123904,31
2021-09-09 23:00:00,1631253600.0,2021-09-10 06:00:00,2235058,0.1217614021632234,11.327333172794782,31
2021-09-10 00:00:00,1631257200.0,2021-09-10 07:00:00,2235059,0.114500417105174,10.215835634917417,31
2021-09-10 01:00:00,1631260800.0,2021-09-10 08:00:00,2235060,0.1200387326620913,10.321484388114063,31
2021-09-10 02:00:00,1631264400.0,2021-09-10 09:00:00,2235061,0.1029568618702649,8.874660241878942,31
2021-09-10 03:00:00,1631268000.0,2021-09-10 10:00:00,2235062,0.1027616905280424,9.87366734694277,31
2021-09-10 04:00:00,1631271600.0,2021-09-10 11:00:00,2235063,0.1050448250547672,11.769842513768763,31
2021-09-10 05:00:00,1631275200.0,2021-09-10 12:00:00,2235064,0.1155658263881873,11.188537777851776,31
2021-09-10 06:00:00,1631278800.0,2021-09-10 13:00:00,2235129,0.1292045108171005,8.164214973905162,31
2021-09-10 07:00:00,1631282400.0,2021-09-10 14:00:00,2235319,0.1173243683458579,8.041421355076697,31
2021-09-10 08:00:00,1631286000.0,2021-09-10 15:00:00,2235320,0.1346909296606706,6.402042396268583,31
2021-09-10 09:00:00,1631289600.0,2021-09-10 16:00:00,2235321,0.1193517916571882,3.480863268299873,31
2021-09-10 10:00:00,1631293200.0,2021-09-10 17:00:00,2235416,0.0996028585144221,2.7763491582874327,31
2021-09-10 11:00:00,1631296800.0,2021-09-10 18:00:00,2235467,0.0847009867375847,2.484567137389594,31
2021-09-10 12:00:00,1631300400.0,2021-09-10 19:00:00,2235512,0.0795036254213033,2.499960946074636,31
2021-09-10 13:00:00,1631304000.0,2021-09-10 20:00:00,2235553,0.0900245961365896,3.5139023540235725,31
2021-09-10 14:00:00,1631307600.0,2021-09-10 21:00:00,2235999,0.0960191889441305,5.706821889866555,31
2021-09-10 15:00:00,1631311200.0,2021-09-10 22:00:00,2236000,0.104568553643465,4.993107020514545,31
2021-09-10 16:00:00,1631314800.0,2021-09-10 23:00:00,2236001,0.1196304733728297,6.694894514205027,31
2021-09-10 17:00:00,1631318400.0,2021-09-11 00:00:00,2236002,0.1334948873438332,5.53749373418328,31
2021-09-10 18:00:00,1631322000.0,2021-09-11 01:00:00,2236003,0.1339061165786157,8.14726515802747,31
2021-09-10 19:00:00,1631325600.0,2021-09-11 02:00:00,2236004,0.1414263818142255,13.826415492861974,31
2021-09-10 20:00:00,1631329200.0,2021-09-11 03:00:00,2236037,0.1759068135153952,11.342415781369814,31
2021-09-10 21:00:00,1631332800.0,2021-09-11 04:00:00,2236111,0.1798709307685521,12.999814731693478,31
2021-09-10 22:00:00,1631336400.0,2021-09-11 05:00:00,2236162,0.1612171826213905,13.574734419242702,31
2021-09-10 23:00:00,1631340000.0,2021-09-11 06:00:00,2236213,0.139707336073329,14.59242320015244,31
2021-09-11 00:00:00,1631343600.0,2021-09-11 07:00:00,2236287,0.1367218344611067,15.10858086300762,31
2021-09-11 01:00:00,1631347200.0,2021-09-11 08:00:00,2236332,0.1394124400177223,14.507981726154703,31
2021-09-11 02:00:00,1631350800.0,2021-09-11 09:00:00,2236405,0.1343702902987565,15.243895439476034,31
2021-09-11 03:00:00,1631354400.0,2021-09-11 10:00:00,2236457,0.1552042112082929,15.934863345387551,31
2021-09-11 04:00:00,1631358000.0,2021-09-11 11:00:00,2236524,0.1618764187637497,14.003677256512756,31
2021-09-11 05:00:00,1631361600.0,2021-09-11 12:00:00,2236609,0.1919626586792877,14.508065840270152,31
2021-09-11 06:00:00,1631365200.0,2021-09-11 13:00:00,2236684,0.2100299557811478,15.214479174258788,31
2021-09-11 07:00:00,1631368800.0,2021-09-11 14:00:00,2236708,0.2728711992498668,14.602709798910974,31
2021-09-11 08:00:00,1631372400.0,2021-09-11 15:00:00,2236772,0.167836265384214,13.368109603535558,31
2021-09-11 09:00:00,1631376000.0,2021-09-11 16:00:00,2236850,0.1187413998075318,14.187067987529922,31
2021-09-11 10:00:00,1631379600.0,2021-09-11 17:00:00,2237169,0.0776617885622072,12.370226702495392,31
2021-09-11 11:00:00,1631383200.0,2021-09-11 18:00:00,2237170,0.0646917868970901,10.360135819706729,31
2021-09-11 12:00:00,1631386800.0,2021-09-11 19:00:00,2237171,0.0772625598355269,10.354518396765467,31
2021-09-11 13:00:00,1631390400.0,2021-09-11 20:00:00,2237172,0.1040734927017763,12.920115847446462,31
2021-09-11 14:00:00,1631394000.0,2021-09-11 21:00:00,2237173,0.1042184519456395,10.628567981070692,31
2021-09-11 15:00:00,1631397600.0,2021-09-11 22:00:00,2237475,0.1305471937840695,12.345764629034685,31
2021-09-11 16:00:00,1631401200.0,2021-09-11 23:00:00,2237476,0.1329934801159221,13.389884696106932,31
2021-09-11 17:00:00,1631404800.0,2021-09-12 00:00:00,2237477,0.1368948679997235,13.15705359064489,31
2021-09-11 18:00:00,1631408400.0,2021-09-12 01:00:00,2237478,0.1425573509260919,13.862148824281933,31
2021-09-11 19:00:00,1631412000.0,2021-09-12 02:00:00,2237479,0.1680727936503985,10.971022977586223,31
2021-09-11 20:00:00,1631415600.0,2021-09-12 03:00:00,2237494,0.1733697026219636,12.76596709350716,31
2021-09-11 21:00:00,1631419200.0,2021-09-12 04:00:00,2237584,0.1666144830267721,14.190821074311645,31
2021-09-11 22:00:00,1631422800.0,2021-09-12 05:00:00,2237614,0.1770772678153884,15.072953997990352,31
2021-09-11 23:00:00,1631426400.0,2021-09-12 06:00:00,2237702,0.2178031878361722,15.00339492173484,31
2021-09-12 00:00:00,1631430000.0,2021-09-12 07:00:00,2237733,0.3092063156830837,15.674033356333725,31
2021-09-12 01:00:00,1631433600.0,2021-09-12 08:00:00,2237809,0.3356776388241977,15.194018107614772,31
2021-09-12 02:00:00,1631437200.0,2021-09-12 09:00:00,2237866,0.2953458290488218,15.177078918866265,31
2021-09-12 03:00:00,1631440800.0,2021-09-12 10:00:00,2237948,0.3563598201951368,14.072937888440627,31
2021-09-12 04:00:00,1631444400.0,2021-09-12 11:00:00,2237978,0.3115807383991437,12.042198763007232,31
2021-09-12 05:00:00,1631448000.0,2021-09-12 12:00:00,2238052,0.3029831750377589,13.056366367878208,31
2021-09-12 06:00:00,1631451600.0,2021-09-12 13:00:00,2238121,0.3231357780643379,13.663050839725054,31
2021-09-12 07:00:00,1631455200.0,2021-09-12 14:00:00,2238180,0.2926699638669093,12.835800687620177,31
2021-09-12 08:00:00,1631458800.0,2021-09-12 15:00:00,2238215,0.1789670178304044,9.212071123442591,31
2021-09-12 09:00:00,1631462400.0,2021-09-12 16:00:00,2238626,0.1353187953068622,15.7166040484369,31
2021-09-12 10:00:00,1631466000.0,2021-09-12 17:00:00,2238627,0.1050182282837722,14.215184571545109,31
2021-09-12 11:00:00,1631469600.0,2021-09-12 18:00:00,2238628,0.0776929080509827,10.389760873152287,31
2021-09-12 12:00:00,1631473200.0,2021-09-12 19:00:00,2238688,0.0513449782502554,9.905050857845952,31
2021-09-12 13:00:00,1631476800.0,2021-09-12 20:00:00,2238739,0.0691725579977877,10.509440637869869,31
2021-09-12 14:00:00,1631480400.0,2021-09-12 21:00:00,2239119,0.0767767718200054,10.419078038707482,31
2021-09-12 15:00:00,1631484000.0,2021-09-12 22:00:00,2239120,0.1226251497611195,10.850516431554084,31
2021-09-12 16:00:00,1631487600.0,2021-09-12 23:00:00,2239121,0.154506557455876,11.655132302811596,31
2021-09-12 17:00:00,1631491200.0,2021-09-13 00:00:00,2239122,0.1698973201283237,11.012424934292769,31
2021-09-12 18:00:00,1631494800.0,2021-09-13 01:00:00,2239123,0.1704576159668604,10.45236446760256,31
2021-09-12 19:00:00,1631498400.0,2021-09-13 02:00:00,2239124,0.1974496438260548,11.825577231207587,31
2021-09-12 20:00:00,1631502000.0,2021-09-13 03:00:00,2239154,0.2044892243328796,11.999384031857932,31
2021-09-12 21:00:00,1631505600.0,2021-09-13 04:00:00,2239236,0.1965694643560524,15.019280061756184,31
2021-09-12 22:00:00,1631509200.0,2021-09-13 05:00:00,2239277,0.1798847007537476,16.007247455829987,31
2021-09-12 23:00:00,1631512800.0,2021-09-13 06:00:00,2239347,0.1906786638431263,17.427908659880618,31
2021-09-13 00:00:00,1631516400.0,2021-09-13 07:00:00,2239422,0.1660753791388842,17.55456235261594,31
2021-09-13 01:00:00,1631520000.0,2021-09-13 08:00:00,2239467,0.162607404987191,18.89899814431962,31
2021-09-13 02:00:00,1631523600.0,2021-09-13 09:00:00,2239521,0.2003747416875417,15.106148757516287,31
2021-09-13 03:00:00,1631527200.0,2021-09-13 10:00:00,2239595,0.2522206094567387,14.685144823335314,31
2021-09-13 04:00:00,1631530800.0,2021-09-13 11:00:00,2239663,0.2458046474383756,14.51956830533697,31
2021-09-13 05:00:00,1631534400.0,2021-09-13 12:00:00,2239711,0.2947254527277959,16.846332266745016,31
2021-09-13 06:00:00,1631538000.0,2021-09-13 13:00:00,2239820,0.3721623463776847,19.885191424760585,31
2021-09-13 07:00:00,1631541600.0,2021-09-13 14:00:00,2239881,0.4281126672354124,20.72245239323019,31
2021-09-13 08:00:00,1631545200.0,2021-09-13 15:00:00,2239937,0.2749837262206197,22.894024273573493,31
2021-09-13 09:00:00,1631548800.0,2021-09-13 16:00:00,2240025,0.1620374662975335,20.09986519381545,31
2021-09-13 10:00:00,1631552400.0,2021-09-13 17:00:00,2240259,0.0948022384325163,18.42070580778923,31
2021-09-13 11:00:00,1631556000.0,2021-09-13 18:00:00,2240318,0.0737293435235463,14.64385761728098,31
2021-09-13 12:00:00,1631559600.0,2021-09-13 19:00:00,2240336,0.0595558154245052,10.927748395253005,31
2021-09-13 13:00:00,1631563200.0,2021-09-13 20:00:00,2240428,0.0647116890291212,10.823535543606704,31
2021-09-13 14:00:00,1631566800.0,2021-09-13 21:00:00,2240490,0.1093334783861587,14.088638176934513,31
2021-09-13 15:00:00,1631570400.0,2021-09-13 22:00:00,2240576,0.1367219313046913,14.25246414096184,31
2021-09-13 16:00:00,1631574000.0,2021-09-13 23:00:00,2240762,0.1538707912973247,18.785893693100824,31
2021-09-13 17:00:00,1631577600.0,2021-09-14 00:00:00,2240763,0.1513563986228159,19.014603309979474,31
2021-09-13 18:00:00,1631581200.0,2021-09-14 01:00:00,2240764,0.1532143779280206,16.685166230989918,31
2021-09-13 19:00:00,1631584800.0,2021-09-14 02:00:00,2241743,0.1800077608147382,17.39584969109144,31
2021-09-13 20:00:00,1631588400.0,2021-09-14 03:00:00,2241744,0.1743711719151076,19.44326522917863,31
2021-09-13 21:00:00,1631592000.0,2021-09-14 04:00:00,2241745,0.1673437605906568,20.71104688588595,31
2021-09-13 22:00:00,1631595600.0,2021-09-14 05:00:00,2241746,0.1556320846230982,21.45374363041469,31
2021-09-13 23:00:00,1631599200.0,2021-09-14 06:00:00,2241747,0.1577418272990024,22.55163085968958,31
2021-09-14 00:00:00,1631602800.0,2021-09-14 07:00:00,2241748,0.1687689761087841,24.04476664741525,31
2021-09-14 01:00:00,1631606400.0,2021-09-14 08:00:00,2241749,0.2012406480418004,24.65102638500534,31
2021-09-14 02:00:00,1631610000.0,2021-09-14 09:00:00,2241750,0.2692520853334114,23.74758314616892,31
2021-09-14 03:00:00,1631613600.0,2021-09-14 10:00:00,2241751,0.2452898961320989,20.23910243993224,31
2021-09-14 04:00:00,1631617200.0,2021-09-14 11:00:00,2241752,0.232194013786453,17.420118760070054,31
2021-09-14 05:00:00,1631620800.0,2021-09-14 12:00:00,2241753,0.2581381324273408,18.162080704848044,31
2021-09-14 06:00:00,1631624400.0,2021-09-14 13:00:00,2241754,0.316935116880377,17.03033935931716,31
2021-09-14 07:00:00,1631628000.0,2021-09-14 14:00:00,2241755,0.3429015564285348,18.37577329842486,31
2021-09-14 08:00:00,1631631600.0,2021-09-14 15:00:00,2241756,0.3703400019218609,18.726930248235945,31
2021-09-14 09:00:00,1631635200.0,2021-09-14 16:00:00,2241757,0.2811890887648189,20.13491800604071,31
2021-09-14 10:00:00,1631638800.0,2021-09-14 17:00:00,2241758,0.2088908676235021,22.07455470091132,31
2021-09-14 11:00:00,1631642400.0,2021-09-14 18:00:00,2241793,0.1727626311095152,17.165643281073045,31
2021-09-14 12:00:00,1631646000.0,2021-09-14 19:00:00,2241876,0.145255966195885,9.563324086498664,31
2021-09-14 13:00:00,1631649600.0,2021-09-14 20:00:00,2241903,0.1467807499870153,10.588955541017068,31
2021-09-14 14:00:00,1631653200.0,2021-09-14 21:00:00,2241991,0.1404645248419356,12.362532500873726,31
2021-09-14 15:00:00,1631656800.0,2021-09-14 22:00:00,2242048,0.1494237393547403,11.820229681124568,31
2021-09-14 16:00:00,1631660400.0,2021-09-14 23:00:00,2242108,0.1492660624594824,13.595297418713225,31
2021-09-14 17:00:00,1631664000.0,2021-09-15 00:00:00,2242135,0.1561968249631778,13.285404355399626,31
2021-09-14 18:00:00,1631667600.0,2021-09-15 01:00:00,2242180,0.156383428719616,15.333006731422673,31
2021-09-14 19:00:00,1631671200.0,2021-09-15 02:00:00,2242246,0.1638652342772369,20.64940435242076,31
2021-09-14 20:00:00,1631674800.0,2021-09-15 03:00:00,2242313,0.1669319203556519,20.08551586589824,31
2021-09-14 21:00:00,1631678400.0,2021-09-15 04:00:00,2242357,0.1661814151952427,19.15040512047764,31
2021-09-14 22:00:00,1631682000.0,2021-09-15 05:00:00,2242443,0.1616214705983075,19.24899606496211,31
2021-09-14 23:00:00,1631685600.0,2021-09-15 06:00:00,2242467,0.1561497840156773,21.216300374940797,31
2021-09-15 00:00:00,1631689200.0,2021-09-15 07:00:00,2242552,0.1639486974397473,21.10754298835787,31
2021-09-15 01:00:00,1631692800.0,2021-09-15 08:00:00,2242606,0.1646794045245548,19.88521477997035,31
2021-09-15 02:00:00,1631696400.0,2021-09-15 09:00:00,2242669,0.1566038125822311,21.890922887313337,31
2021-09-15 03:00:00,1631700000.0,2021-09-15 10:00:00,2242706,0.1375642780210635,19.40941043787776,31
2021-09-15 04:00:00,1631703600.0,2021-09-15 11:00:00,2242770,0.1288165710087331,18.668712024223524,31
2021-09-15 05:00:00,1631707200.0,2021-09-15 12:00:00,2242864,0.1332529265462866,16.82867938248543,31
2021-09-15 06:00:00,1631710800.0,2021-09-15 13:00:00,2242883,0.1471789317409451,17.488744379176815,31
2021-09-15 07:00:00,1631714400.0,2021-09-15 14:00:00,2242952,0.1578735385841349,16.479855265545627,31
2021-09-15 08:00:00,1631718000.0,2021-09-15 15:00:00,2244305,0.1759955171590637,14.203255454271408,31
2021-09-15 09:00:00,1631721600.0,2021-09-15 16:00:00,2244701,0.2015619658245407,12.798923123952129,31
2021-09-15 10:00:00,1631725200.0,2021-09-15 17:00:00,2245162,0.1396822325649308,8.820190635317697,31
2021-09-15 11:00:00,1631728800.0,2021-09-15 18:00:00,2245235,0.1098497143677391,8.560713777104436,31
2021-09-15 12:00:00,1631732400.0,2021-09-15 19:00:00,2245287,0.1099702425312129,8.80975655924722,31
2021-09-15 13:00:00,1631736000.0,2021-09-15 20:00:00,2245355,0.1377578065475023,11.641989783784757,31
2021-09-15 14:00:00,1631739600.0,2021-09-15 21:00:00,2245387,0.1320074704279538,12.471526359776588,31
2021-09-15 15:00:00,1631743200.0,2021-09-15 22:00:00,2245437,0.1378439677536526,11.39521173197277,31
2021-09-15 16:00:00,1631746800.0,2021-09-15 23:00:00,2245531,0.1431124417480583,9.59459550444828,31
2021-09-15 17:00:00,1631750400.0,2021-09-16 00:00:00,2245585,0.1437060846632695,10.313431258168992,31
2021-09-15 18:00:00,1631754000.0,2021-09-16 01:00:00,2245615,0.1382321177898683,11.892008956146318,31
2021-09-15 19:00:00,1631757600.0,2021-09-16 02:00:00,2245815,0.1510019889430414,14.38182280622734,31
2021-09-15 20:00:00,1631761200.0,2021-09-16 03:00:00,2245901,0.1464965666798877,13.994194740156257,31
2021-09-15 21:00:00,1631764800.0,2021-09-16 04:00:00,2245964,0.1423496760498462,13.742389549405797,31
2021-09-15 22:00:00,1631768400.0,2021-09-16 05:00:00,2246020,0.1380070136880838,12.493031973870185,31
2021-09-15 23:00:00,1631772000.0,2021-09-16 06:00:00,2246068,0.1289058634044052,12.449495315716222,31
2021-09-16 00:00:00,1631775600.0,2021-09-16 07:00:00,2246146,0.1312469237395425,11.88579549555102,31
2021-09-16 01:00:00,1631779200.0,2021-09-16 08:00:00,2246190,0.1250133032322152,12.304415602888328,31
2021-09-16 02:00:00,1631782800.0,2021-09-16 09:00:00,2246260,0.1197927039578655,11.691720294710208,31
2021-09-16 03:00:00,1631786400.0,2021-09-16 10:00:00,2246301,0.1358409666381357,12.046677658409738,31
2021-09-16 04:00:00,1631790000.0,2021-09-16 11:00:00,2246392,0.1315746078644376,12.144671578021793,31
2021-09-16 05:00:00,1631793600.0,2021-09-16 12:00:00,2246449,0.1403125979165691,9.888789872015684,31
2021-09-16 06:00:00,1631797200.0,2021-09-16 13:00:00,2246518,0.144886844192887,9.085102821370166,31
2021-09-16 07:00:00,1631800800.0,2021-09-16 14:00:00,2246573,0.1531189352225834,8.862096727544781,31
2021-09-16 08:00:00,1631804400.0,2021-09-16 15:00:00,2246621,0.1484258250537684,9.002011969259113,31
2021-09-16 09:00:00,1631808000.0,2021-09-16 16:00:00,2246685,0.1356730231461353,5.919014528491664,31
2021-09-16 10:00:00,1631811600.0,2021-09-16 17:00:00,2246784,0.1308331389403584,4.6645937241635975,31
2021-09-16 11:00:00,1631815200.0,2021-09-16 18:00:00,2246867,0.1282080058121494,4.134921906295793,31
2021-09-16 12:00:00,1631818800.0,2021-09-16 19:00:00,2246944,0.1065609193314518,4.472403571668238,31
2021-09-16 13:00:00,1631822400.0,2021-09-16 20:00:00,2246970,0.0859365711613986,6.526707378210943,31
2021-09-16 14:00:00,1631826000.0,2021-09-16 21:00:00,2247041,0.1175726976768333,8.580948972949926,31
2021-09-16 15:00:00,1631829600.0,2021-09-16 22:00:00,2247347,0.1447438911611613,10.813496766787663,31
2021-09-16 16:00:00,1631833200.0,2021-09-16 23:00:00,2247489,0.1463329463703383,14.4266426334001,31
2021-09-16 17:00:00,1631836800.0,2021-09-17 00:00:00,2247490,0.1380442848692606,15.565087095658372,31
2021-09-16 18:00:00,1631840400.0,2021-09-17 01:00:00,2247543,0.1391628511477351,14.874913089838364,31
2021-09-16 19:00:00,1631844000.0,2021-09-17 02:00:00,2247595,0.1523627370601484,14.685617154021529,31
2021-09-16 20:00:00,1631847600.0,2021-09-17 03:00:00,2247634,0.1537260987235972,17.47476337729446,31
2021-09-16 21:00:00,1631851200.0,2021-09-17 04:00:00,2247705,0.1497987974193925,16.015586441446562,31
2021-09-16 22:00:00,1631854800.0,2021-09-17 05:00:00,2247761,0.1470059666209666,17.00223411697933,31
2021-09-16 23:00:00,1631858400.0,2021-09-17 06:00:00,2247853,0.1468762617596135,16.89883565015303,31
2021-09-17 00:00:00,1631862000.0,2021-09-17 07:00:00,2247913,0.1365573911181576,16.71867238798674,31
2021-09-17 01:00:00,1631865600.0,2021-09-17 08:00:00,2247957,0.1263058490839412,12.889494130292102,31
2021-09-17 02:00:00,1631869200.0,2021-09-17 09:00:00,2248055,0.1251237121389264,11.34849875561522,31
2021-09-17 03:00:00,1631872800.0,2021-09-17 10:00:00,2248134,0.1253497385096358,12.003602271547418,31
2021-09-17 04:00:00,1631876400.0,2021-09-17 11:00:00,2248191,0.1270118120061884,12.374410445783363,31
2021-09-17 05:00:00,1631880000.0,2021-09-17 12:00:00,2248257,0.136666862459554,12.115015426705185,31
2021-09-17 06:00:00,1631883600.0,2021-09-17 13:00:00,2248308,0.1403398252616642,11.994305506326686,31
2021-09-17 07:00:00,1631887200.0,2021-09-17 14:00:00,2248392,0.1550349261351147,9.320900819132074,31
2021-09-17 08:00:00,1631890800.0,2021-09-17 15:00:00,2248428,0.164516548749198,9.83941500263327,31
2021-09-17 09:00:00,1631894400.0,2021-09-17 16:00:00,2248542,0.150953082067245,9.936172651782249,31
2021-09-17 10:00:00,1631898000.0,2021-09-17 17:00:00,2248667,0.1359917211229745,10.584948021604458,31
2021-09-17 11:00:00,1631901600.0,2021-09-17 18:00:00,2248769,0.0930601487778723,9.70851294821137,31
2021-09-17 12:00:00,1631905200.0,2021-09-17 19:00:00,2248838,0.1151453016427369,7.538170547304957,31
2021-09-17 13:00:00,1631908800.0,2021-09-17 20:00:00,2248868,0.1188899636438405,9.039008403865871,31
2021-09-17 14:00:00,1631912400.0,2021-09-17 21:00:00,2250722,0.1311224954918863,10.370658443283777,31
2021-09-17 15:00:00,1631916000.0,2021-09-17 22:00:00,2250723,0.1469352538445282,11.43156597248529,31
2021-09-17 16:00:00,1631919600.0,2021-09-17 23:00:00,2250724,0.1595838040484365,10.588550254901543,31
2021-09-17 17:00:00,1631923200.0,2021-09-18 00:00:00,2250725,0.1626866722604282,10.820447350360777,31
2021-09-17 18:00:00,1631926800.0,2021-09-18 01:00:00,2250726,0.1630782878915835,11.38401599933892,31
2021-09-17 19:00:00,1631930400.0,2021-09-18 02:00:00,2250727,0.1604425438322051,11.282124038566408,31
2021-09-17 20:00:00,1631934000.0,2021-09-18 03:00:00,2250728,0.1629393627256693,11.554871458393356,31
2021-09-17 21:00:00,1631937600.0,2021-09-18 04:00:00,2250729,0.1555670880222016,12.539922506073449,31
2021-09-17 22:00:00,1631941200.0,2021-09-18 05:00:00,2250730,0.1613673304911667,10.95835583536503,31
2021-09-17 23:00:00,1631944800.0,2021-09-18 06:00:00,2250731,0.1619345139785025,12.69034088138226,31
2021-09-18 00:00:00,1631948400.0,2021-09-18 07:00:00,2250732,0.1570933837070577,10.979112941149928,31
2021-09-18 01:00:00,1631952000.0,2021-09-18 08:00:00,2250733,0.1383248658567964,10.586538399182997,31
2021-09-18 02:00:00,1631955600.0,2021-09-18 09:00:00,2250734,0.1453259923821671,10.204423864852318,31
2021-09-18 03:00:00,1631959200.0,2021-09-18 10:00:00,2250735,0.1469144033899582,9.850432357991568,31
2021-09-18 04:00:00,1631962800.0,2021-09-18 11:00:00,2250736,0.1813444726301742,9.64552798994596,31
2021-09-18 05:00:00,1631966400.0,2021-09-18 12:00:00,2250737,0.1720161163264311,10.674896107918446,31
2021-09-18 06:00:00,1631970000.0,2021-09-18 13:00:00,2250738,0.1505504788822217,9.896623544519334,31
2021-09-18 07:00:00,1631973600.0,2021-09-18 14:00:00,2250739,0.1499798165311749,8.416540435215317,31
2021-09-18 08:00:00,1631977200.0,2021-09-18 15:00:00,2250740,0.1486092489712216,9.162562692109413,31
2021-09-18 09:00:00,1631980800.0,2021-09-18 16:00:00,2250741,0.1377071542937411,9.07260148503548,31
2021-09-18 10:00:00,1631984400.0,2021-09-18 17:00:00,2250742,0.1225277534914983,9.217517214399574,31
2021-09-18 11:00:00,1631988000.0,2021-09-18 18:00:00,2250743,0.116481622102449,8.51452909563784,31
2021-09-18 12:00:00,1631991600.0,2021-09-18 19:00:00,2250744,0.1063568691347813,7.194001240318784,31
2021-09-18 13:00:00,1631995200.0,2021-09-18 20:00:00,2250745,0.0799676218735881,5.14265940147712,31
2021-09-18 14:00:00,1631998800.0,2021-09-18 21:00:00,2250746,0.0946081493734697,5.335908150122153,31
2021-09-18 15:00:00,1632002400.0,2021-09-18 22:00:00,2250747,0.1084137804850901,4.837635345333339,31
2021-09-18 16:00:00,1632006000.0,2021-09-18 23:00:00,2250748,0.1056953759447883,4.857257701919696,31
2021-09-18 17:00:00,1632009600.0,2021-09-19 00:00:00,2250749,0.108405322775926,5.567720018762096,31
2021-09-18 18:00:00,1632013200.0,2021-09-19 01:00:00,2250750,0.1172948290741124,2.942571550898921,31
2021-09-18 19:00:00,1632016800.0,2021-09-19 02:00:00,2250757,0.1369783118209935,5.891886722535498,31
2021-09-18 20:00:00,1632020400.0,2021-09-19 03:00:00,2250876,0.1301378844045425,5.740891883735599,31
2021-09-18 21:00:00,1632024000.0,2021-09-19 04:00:00,2251360,0.1485096838326424,6.143107199464164,31
2021-09-18 22:00:00,1632027600.0,2021-09-19 05:00:00,2251361,0.1234250054393144,5.271655954259163,31
2021-09-18 23:00:00,1632031200.0,2021-09-19 06:00:00,2251362,0.1121905523841057,5.13809101812726,31
2021-09-19 00:00:00,1632034800.0,2021-09-19 07:00:00,2251363,0.1136087839743771,5.542545528867448,31
2021-09-19 01:00:00,1632038400.0,2021-09-19 08:00:00,2251364,0.1088431957415871,5.855524853712374,31
2021-09-19 02:00:00,1632042000.0,2021-09-19 09:00:00,2251365,0.1013649874340362,4.780713276078235,31
2021-09-19 03:00:00,1632045600.0,2021-09-19 10:00:00,2251366,0.0997201430966039,5.862546130554821,31
2021-09-19 04:00:00,1632049200.0,2021-09-19 11:00:00,2251367,0.1061314247630233,5.901111534310327,31
2021-09-19 05:00:00,1632052800.0,2021-09-19 12:00:00,2251426,0.1040038432320777,5.630088064334857,31
2021-09-19 06:00:00,1632056400.0,2021-09-19 13:00:00,2251490,0.1106300899604861,5.350193965758516,31
2021-09-19 07:00:00,1632060000.0,2021-09-19 14:00:00,2251528,0.1174750078460258,5.363966955898526,31
2021-09-19 08:00:00,1632063600.0,2021-09-19 15:00:00,2251791,0.125759129887199,6.638446620757388,31
2021-09-19 09:00:00,1632067200.0,2021-09-19 16:00:00,2251792,0.0986145824907576,5.549001107477331,31
2021-09-19 10:00:00,1632070800.0,2021-09-19 17:00:00,2251793,0.0700568964216983,5.941070647371565,31
2021-09-19 11:00:00,1632074400.0,2021-09-19 18:00:00,2251794,0.0839343470208198,6.359170162012488,31
2021-09-19 12:00:00,1632078000.0,2021-09-19 19:00:00,2251909,0.0879993446454157,4.609571448992119,31
2021-09-19 13:00:00,1632081600.0,2021-09-19 20:00:00,2251910,0.0866293202107685,6.043518884903619,31
2021-09-19 14:00:00,1632085200.0,2021-09-19 21:00:00,2253527,0.0986389958210157,6.600252940258287,31
2021-09-19 15:00:00,1632088800.0,2021-09-19 22:00:00,2253528,0.1075765590300004,4.949278315651182,31
2021-09-19 16:00:00,1632092400.0,2021-09-19 23:00:00,2253529,0.1216872484947824,4.137866204691316,31
2021-09-19 17:00:00,1632096000.0,2021-09-20 00:00:00,2253530,0.1286443344046426,4.679673710641292,31
2021-09-19 18:00:00,1632099600.0,2021-09-20 01:00:00,2253531,0.1450550446727493,4.799170758012444,31
2021-09-19 19:00:00,1632103200.0,2021-09-20 02:00:00,2253532,0.1828528630485435,4.980567081640892,31
2021-09-19 20:00:00,1632106800.0,2021-09-20 03:00:00,2253533,0.183213153519853,5.959783035218537,31
2021-09-19 21:00:00,1632110400.0,2021-09-20 04:00:00,2253534,0.1723544135861268,6.7487706095946125,31
2021-09-19 22:00:00,1632114000.0,2021-09-20 05:00:00,2253536,0.1949822222314179,6.888290413863004,31
2021-09-19 23:00:00,1632117600.0,2021-09-20 06:00:00,2253537,0.211270743095272,5.915073772930619,31
2021-09-20 00:00:00,1632121200.0,2021-09-20 07:00:00,2253538,0.1957435655110934,6.54814515424697,31
2021-09-20 01:00:00,1632124800.0,2021-09-20 08:00:00,2253539,0.1771227140498297,6.3121262392741775,31
2021-09-20 02:00:00,1632128400.0,2021-09-20 09:00:00,2253540,0.1730084488530623,5.558532686258662,31
2021-09-20 03:00:00,1632132000.0,2021-09-20 10:00:00,2253541,0.1646719949567368,5.155207457666871,31
2021-09-20 04:00:00,1632135600.0,2021-09-20 11:00:00,2253542,0.1616046050234121,3.948725279755826,31
2021-09-20 05:00:00,1632139200.0,2021-09-20 12:00:00,2253543,0.1936288811283302,4.536944560750581,31
2021-09-20 06:00:00,1632142800.0,2021-09-20 13:00:00,2253544,0.2189506629724834,3.9060019296162864,31
2021-09-20 07:00:00,1632146400.0,2021-09-20 14:00:00,2253545,0.2933946325855253,4.107366892009651,31
2021-09-20 08:00:00,1632150000.0,2021-09-20 15:00:00,2253546,0.2244633407928833,4.275847440350693,31
2021-09-20 09:00:00,1632153600.0,2021-09-20 16:00:00,2253547,0.1771608666480123,6.288431364731408,31
2021-09-20 10:00:00,1632157200.0,2021-09-20 17:00:00,2253548,0.1077162292577506,7.932923301195975,31
2021-09-20 11:00:00,1632160800.0,2021-09-20 18:00:00,2253549,0.0862229027904384,6.19114392758475,31
2021-09-20 12:00:00,1632164400.0,2021-09-20 19:00:00,2253550,0.0721429345358551,5.265183526635156,31
2021-09-20 13:00:00,1632168000.0,2021-09-20 20:00:00,2253551,0.0498412847857046,4.152648581121072,31
2021-09-20 14:00:00,1632171600.0,2021-09-20 21:00:00,2253552,0.0237263569108291,6.481361411755133,31
2021-09-20 15:00:00,1632175200.0,2021-09-20 22:00:00,2253553,0.0931299904524369,5.453369947875189,31
2021-09-20 16:00:00,1632178800.0,2021-09-20 23:00:00,2253762,0.1287327432860347,5.235159610674053,31
2021-09-20 17:00:00,1632182400.0,2021-09-21 00:00:00,2253763,0.1556906668234331,7.211324830272194,31
2021-09-20 18:00:00,1632186000.0,2021-09-21 01:00:00,2253764,0.1947361756279753,6.029247862937613,31
2021-09-20 19:00:00,1632189600.0,2021-09-21 02:00:00,2253830,0.3066757215507438,7.571328780258834,31
2021-09-20 20:00:00,1632193200.0,2021-09-21 03:00:00,2253865,0.3217681177874643,6.5393158742854105,31
2021-09-20 21:00:00,1632196800.0,2021-09-21 04:00:00,2253942,0.3569032190898205,4.76627403007956,31
2021-09-20 22:00:00,1632200400.0,2021-09-21 05:00:00,2254013,0.2748397695467608,5.39044652116375,31
2021-09-20 23:00:00,1632204000.0,2021-09-21 06:00:00,2254030,0.2695515864927527,4.524413948007134,31
2021-09-21 00:00:00,1632207600.0,2021-09-21 07:00:00,2254141,0.2062650782926095,4.884723166550149,31
2021-09-21 01:00:00,1632211200.0,2021-09-21 08:00:00,2254200,0.2383847336021085,4.896250121045839,31
2021-09-21 02:00:00,1632214800.0,2021-09-21 09:00:00,2254324,0.1875652324263858,3.570096026628028,31
2021-09-21 03:00:00,1632218400.0,2021-09-21 10:00:00,2254325,0.196514895512549,3.538515422040624,31
2021-09-21 04:00:00,1632222000.0,2021-09-21 11:00:00,2254385,0.2316252096977581,4.542638927089131,31
2021-09-21 05:00:00,1632225600.0,2021-09-21 12:00:00,2254447,0.2782361538202738,4.1750910912400006,31
2021-09-21 06:00:00,1632229200.0,2021-09-21 13:00:00,2254508,0.322129033553874,3.740557391028859,31
2021-09-21 07:00:00,1632232800.0,2021-09-21 14:00:00,2254569,0.5414614420007566,8.543772628750663,31
2021-09-21 08:00:00,1632236400.0,2021-09-21 15:00:00,2254615,0.6042663749898312,5.961517774747149,31
2021-09-21 09:00:00,1632240000.0,2021-09-21 16:00:00,2257526,0.2619196620118765,7.698783392369386,31
2021-09-21 10:00:00,1632243600.0,2021-09-21 17:00:00,2257527,0.3602890394893231,8.963930400829055,31
2021-09-21 11:00:00,1632247200.0,2021-09-21 18:00:00,2257528,0.1852847993809603,8.955115061680077,31
2021-09-21 12:00:00,1632250800.0,2021-09-21 19:00:00,2257529,0.104805047752706,8.328191032518797,31
2021-09-21 13:00:00,1632254400.0,2021-09-21 20:00:00,2257530,0.0940431319059279,8.201052380084787,31
2021-09-21 14:00:00,1632258000.0,2021-09-21 21:00:00,2257531,0.0882679800986138,7.759032806366884,31
2021-09-21 15:00:00,1632261600.0,2021-09-21 22:00:00,2257532,0.1091029273045037,7.701535066919935,31
2021-09-21 16:00:00,1632265200.0,2021-09-21 23:00:00,2257533,0.1566155605535414,8.067324239102389,31
2021-09-21 17:00:00,1632268800.0,2021-09-22 00:00:00,2257534,0.1844587879363537,8.959345921839773,31
2021-09-21 18:00:00,1632272400.0,2021-09-22 01:00:00,2257535,0.2011658623018061,9.68239533624816,31
2021-09-21 19:00:00,1632276000.0,2021-09-22 02:00:00,2257536,0.2085085837516757,9.187490575338328,31
2021-09-21 20:00:00,1632279600.0,2021-09-22 03:00:00,2257537,0.2533989208517245,10.946277889402232,31
2021-09-21 21:00:00,1632283200.0,2021-09-22 04:00:00,2257538,0.2388505588832224,12.754452901204504,31
2021-09-21 22:00:00,1632286800.0,2021-09-22 05:00:00,2257539,0.17772978300516,13.068006879113105,31
2021-09-21 23:00:00,1632290400.0,2021-09-22 06:00:00,2257540,0.1745362887368752,16.667004933764552,31
2021-09-22 00:00:00,1632294000.0,2021-09-22 07:00:00,2257541,0.1676583183130127,15.098051703209396,31
2021-09-22 01:00:00,1632297600.0,2021-09-22 08:00:00,2257542,0.1573416869975271,16.015797024569437,31
2021-09-22 02:00:00,1632301200.0,2021-09-22 09:00:00,2257543,0.1806579259892969,14.534801942355744,31
2021-09-22 03:00:00,1632304800.0,2021-09-22 10:00:00,2257544,0.2048034145419144,12.14471603137118,31
2021-09-22 04:00:00,1632308400.0,2021-09-22 11:00:00,2257545,0.1880908730359557,5.626491251316678,31
2021-09-22 05:00:00,1632312000.0,2021-09-22 12:00:00,2257546,0.2680523806446581,7.252365108063822,31
2021-09-22 06:00:00,1632315600.0,2021-09-22 13:00:00,2257547,0.3279034266781737,11.002956869207956,31
2021-09-22 07:00:00,1632319200.0,2021-09-22 14:00:00,2257548,0.202823698004076,5.901928001071262,31
2021-09-22 08:00:00,1632322800.0,2021-09-22 15:00:00,2257549,0.2179917889217789,5.850015177554136,31
2021-09-22 09:00:00,1632326400.0,2021-09-22 16:00:00,2257550,0.2179358888130181,8.858430849457921,31
2021-09-22 10:00:00,1632330000.0,2021-09-22 17:00:00,2257551,0.1143674580154631,4.624201262237607,31
2021-09-22 11:00:00,1632333600.0,2021-09-22 18:00:00,2257552,0.0632069872328055,5.063660364100009,31
2021-09-22 12:00:00,1632337200.0,2021-09-22 19:00:00,2257553,0.0549962007510708,4.117090464131886,31
2021-09-22 13:00:00,1632340800.0,2021-09-22 20:00:00,2257554,0.0926366695758252,3.0874632515813456,31
2021-09-22 14:00:00,1632344400.0,2021-09-22 21:00:00,2257555,0.1396192079362104,3.9091116871967424,31
2021-09-22 15:00:00,1632348000.0,2021-09-22 22:00:00,2257556,0.165890213767315,4.587139833447862,31
2021-09-22 16:00:00,1632351600.0,2021-09-22 23:00:00,2257557,0.1768498052190457,4.1159497466425865,31
2021-09-22 17:00:00,1632355200.0,2021-09-23 00:00:00,2257558,0.1844267855130466,4.2303069454506215,31
2021-09-22 18:00:00,1632358800.0,2021-09-23 01:00:00,2257559,0.1813473193777179,4.13915236234727,31
2021-09-22 19:00:00,1632362400.0,2021-09-23 02:00:00,2257560,0.1881697521623314,3.862729926713039,31
2021-09-22 20:00:00,1632366000.0,2021-09-23 03:00:00,2257561,0.1899867554354105,4.02047641091283,31
2021-09-22 21:00:00,1632369600.0,2021-09-23 04:00:00,2257562,0.1938511838880062,4.14479075093633,31
2021-09-22 22:00:00,1632373200.0,2021-09-23 05:00:00,2257563,0.1975785191456089,5.312551739623084,31
2021-09-22 23:00:00,1632376800.0,2021-09-23 06:00:00,2257564,0.1680196278635437,5.138273845096576,31
2021-09-23 00:00:00,1632380400.0,2021-09-23 07:00:00,2257565,0.145792619330642,4.848754379837983,31
2021-09-23 01:00:00,1632384000.0,2021-09-23 08:00:00,2257566,0.1499967535878255,5.06164939214719,31
2021-09-23 02:00:00,1632387600.0,2021-09-23 09:00:00,2257567,0.154011075737485,6.949337169032853,31
2021-09-23 03:00:00,1632391200.0,2021-09-23 10:00:00,2257568,0.1561026097300076,9.249388085723986,31
2021-09-23 04:00:00,1632394800.0,2021-09-23 11:00:00,2257569,0.1782757522607541,5.574183083923787,31
2021-09-23 05:00:00,1632398400.0,2021-09-23 12:00:00,2257570,0.2484659571607313,5.492450757805918,31
2021-09-23 06:00:00,1632402000.0,2021-09-23 13:00:00,2257571,0.3499588794131282,7.040976270662966,31
2021-09-23 07:00:00,1632405600.0,2021-09-23 14:00:00,2257572,0.3762572132683254,6.503184761860555,31
2021-09-23 08:00:00,1632409200.0,2021-09-23 15:00:00,2257573,0.3250837035884707,8.508013183618651,31
2021-09-23 09:00:00,1632412800.0,2021-09-23 16:00:00,2257574,0.2407013271566686,10.63600108738236,31
2021-09-23 10:00:00,1632416400.0,2021-09-23 17:00:00,2257575,0.1530800607523953,10.571656450615928,31
2021-09-23 11:00:00,1632420000.0,2021-09-23 18:00:00,2257576,0.1646886767201357,10.371661542627804,31
2021-09-23 12:00:00,1632423600.0,2021-09-23 19:00:00,2257577,0.1416635078352468,9.742073606509416,31
2021-09-23 13:00:00,1632427200.0,2021-09-23 20:00:00,2257806,0.0874839751970652,6.135945915510844,31
2021-09-23 14:00:00,1632430800.0,2021-09-23 21:00:00,2257808,0.0959525148451986,5.063698098147812,31
2021-09-23 15:00:00,1632434400.0,2021-09-23 22:00:00,2257809,0.1452514965535034,5.474454307142498,31
2021-09-23 16:00:00,1632438000.0,2021-09-23 23:00:00,2257810,0.1754079554377297,6.74368590424142,31
2021-09-23 17:00:00,1632441600.0,2021-09-24 00:00:00,2257811,0.1893243596421293,6.87111900816344,31
2021-09-23 18:00:00,1632445200.0,2021-09-24 01:00:00,2257870,0.1733716443840054,5.279213995660511,31
2021-09-23 19:00:00,1632448800.0,2021-09-24 02:00:00,2257922,0.2155903072885205,6.855995086458126,31
2021-09-23 20:00:00,1632452400.0,2021-09-24 03:00:00,2257974,0.2394823961415899,8.205460684014573,31
2021-09-23 21:00:00,1632456000.0,2021-09-24 04:00:00,2258011,0.2761910828136079,9.172716636472448,31
2021-09-23 22:00:00,1632459600.0,2021-09-24 05:00:00,2258063,0.3136682145152211,10.50348276406254,31
2021-09-23 23:00:00,1632463200.0,2021-09-24 06:00:00,2258122,0.3090629145126652,7.535508854679683,31
2021-09-24 00:00:00,1632466800.0,2021-09-24 07:00:00,2258154,0.2676792659403701,6.3472605979559305,31
2021-09-24 01:00:00,1632470400.0,2021-09-24 08:00:00,2258234,0.2250160813496853,6.5735685723765735,31
2021-09-24 02:00:00,1632474000.0,2021-09-24 09:00:00,2258255,0.2337663492781856,5.9749665443523625,31
2021-09-24 03:00:00,1632477600.0,2021-09-24 10:00:00,2258329,0.2859837702998239,6.960949156497903,31
2021-09-24 04:00:00,1632481200.0,2021-09-24 11:00:00,2258359,0.2998184099137841,6.766130114579164,31
2021-09-24 05:00:00,1632484800.0,2021-09-24 12:00:00,2258428,0.2027602450189383,7.538434016711867,31
2021-09-24 06:00:00,1632488400.0,2021-09-24 13:00:00,2258479,0.166941770960476,6.270423249685538,31
2021-09-24 07:00:00,1632492000.0,2021-09-24 14:00:00,2258517,0.2215066780674036,8.134803227856926,31
2021-09-24 08:00:00,1632495600.0,2021-09-24 15:00:00,2258596,0.2471960624607785,5.727141270329359,31
2021-09-24 09:00:00,1632499200.0,2021-09-24 16:00:00,2258660,0.2229867193319668,8.010324609566947,31
2021-09-24 10:00:00,1632502800.0,2021-09-24 17:00:00,2258687,0.1662829755302464,7.572447654318486,31
2021-09-24 11:00:00,1632506400.0,2021-09-24 18:00:00,2258763,0.1278474455367571,6.102729797441782,31
2021-09-24 12:00:00,1632510000.0,2021-09-24 19:00:00,2258914,0.1168893041824753,4.373801201066192,31
2021-09-24 13:00:00,1632513600.0,2021-09-24 20:00:00,2258915,0.0993302602147545,4.526507057640232,31
2021-09-24 14:00:00,1632517200.0,2021-09-24 21:00:00,2258916,0.1258052356183379,5.079310205826082,31
2021-09-24 15:00:00,1632520800.0,2021-09-24 22:00:00,2259995,0.1494758144361569,5.242700447350254,31
2021-09-24 16:00:00,1632524400.0,2021-09-24 23:00:00,2259996,0.1629635574907185,4.4129239063810655,31
2021-09-24 17:00:00,1632528000.0,2021-09-25 00:00:00,2259997,0.1747063079893554,4.527395411398658,31
2021-09-24 18:00:00,1632531600.0,2021-09-25 01:00:00,2259998,0.1705709526515191,4.425070208297829,31
2021-09-24 19:00:00,1632535200.0,2021-09-25 02:00:00,2259999,0.1698545121706738,5.777757116840286,31
2021-09-24 20:00:00,1632538800.0,2021-09-25 03:00:00,2260000,0.1718344751498607,7.622807109628685,31
2021-09-24 21:00:00,1632542400.0,2021-09-25 04:00:00,2260001,0.1765619704602948,9.162996408660865,31
2021-09-24 22:00:00,1632546000.0,2021-09-25 05:00:00,2260002,0.1793759992606016,8.226949055061263,31
2021-09-24 23:00:00,1632549600.0,2021-09-25 06:00:00,2260003,0.1657658322120502,7.727314227937228,31
2021-09-25 00:00:00,1632553200.0,2021-09-25 07:00:00,2260004,0.1547907621360044,6.465383049890757,31
2021-09-25 01:00:00,1632556800.0,2021-09-25 08:00:00,2260005,0.1321413067408374,3.85080455842524,31
2021-09-25 02:00:00,1632560400.0,2021-09-25 09:00:00,2260006,0.1274110508916559,4.1297986708737655,31
2021-09-25 03:00:00,1632564000.0,2021-09-25 10:00:00,2260007,0.1153005022434,3.523101678048337,31
2021-09-25 04:00:00,1632567600.0,2021-09-25 11:00:00,2260008,0.116331872314709,5.505404182174752,31
2021-09-25 05:00:00,1632571200.0,2021-09-25 12:00:00,2260009,0.1170038398422443,6.547462141525184,31
2021-09-25 06:00:00,1632574800.0,2021-09-25 13:00:00,2260010,0.1178555663905891,7.379191786846157,31
2021-09-25 07:00:00,1632578400.0,2021-09-25 14:00:00,2260011,0.1271131909722749,7.406818382007355,31
2021-09-25 08:00:00,1632582000.0,2021-09-25 15:00:00,2260012,0.1375305504989061,6.634020535518675,31
2021-09-25 09:00:00,1632585600.0,2021-09-25 16:00:00,2260013,0.1394269706694463,10.407181343126942,31
2021-09-25 10:00:00,1632589200.0,2021-09-25 17:00:00,2260014,0.1459987826456861,9.178346052052362,31
2021-09-25 11:00:00,1632592800.0,2021-09-25 18:00:00,2260207,0.1416275868740742,5.407478116777839,31
2021-09-25 12:00:00,1632596400.0,2021-09-25 19:00:00,2260208,0.0940174780870233,6.081394383803564,31
2021-09-25 13:00:00,1632600000.0,2021-09-25 20:00:00,2260209,0.0944142214254914,6.4168628007416215,31
2021-09-25 14:00:00,1632603600.0,2021-09-25 21:00:00,2260210,0.0942707623109109,5.559149999489954,31
2021-09-25 15:00:00,1632607200.0,2021-09-25 22:00:00,2260230,0.1099983893658975,2.916888654846232,31
2021-09-25 16:00:00,1632610800.0,2021-09-25 23:00:00,2260360,0.1211947747231229,4.781362485107668,31
2021-09-25 17:00:00,1632614400.0,2021-09-26 00:00:00,2260361,0.1209394511615035,6.607545200554728,31
2021-09-25 18:00:00,1632618000.0,2021-09-26 01:00:00,2260619,0.1265546001772601,8.39935541609705,31
2021-09-25 19:00:00,1632621600.0,2021-09-26 02:00:00,2260620,0.1383206031988531,10.83420081388987,31
2021-09-25 20:00:00,1632625200.0,2021-09-26 03:00:00,2260621,0.1461254789350316,10.331927717297107,31
2021-09-25 21:00:00,1632628800.0,2021-09-26 04:00:00,2260622,0.1236553671279107,10.624890645284916,31
2021-09-25 22:00:00,1632632400.0,2021-09-26 05:00:00,2260623,0.1239006034757195,10.633777393686843,31
2021-09-25 23:00:00,1632636000.0,2021-09-26 06:00:00,2262367,0.1246109336756761,8.513143533018209,31
2021-09-26 00:00:00,1632639600.0,2021-09-26 07:00:00,2262368,0.1179256823740368,7.318778435164163,31
2021-09-26 01:00:00,1632643200.0,2021-09-26 08:00:00,2262369,0.1113153851390952,4.962066720909973,31
2021-09-26 02:00:00,1632646800.0,2021-09-26 09:00:00,2262370,0.114048866683237,4.533675812312634,31
2021-09-26 03:00:00,1632650400.0,2021-09-26 10:00:00,2262371,0.113302872842703,3.903034442596841,31
2021-09-26 04:00:00,1632654000.0,2021-09-26 11:00:00,2262372,0.107918734419725,4.66079035017504,31
2021-09-26 05:00:00,1632657600.0,2021-09-26 12:00:00,2262373,0.1105536090912247,5.44889796606633,31
2021-09-26 06:00:00,1632661200.0,2021-09-26 13:00:00,2262374,0.1154434082834996,6.846110038404557,31
2021-09-26 07:00:00,1632664800.0,2021-09-26 14:00:00,2262375,0.1239217557339786,6.992440884360263,31
2021-09-26 08:00:00,1632668400.0,2021-09-26 15:00:00,2262376,0.1243094341079073,5.241482301802062,31
2021-09-26 09:00:00,1632672000.0,2021-09-26 16:00:00,2262377,0.1217080171018511,6.804822267771469,31
2021-09-26 10:00:00,1632675600.0,2021-09-26 17:00:00,2262378,0.1158987320647792,5.156727289448304,31
2021-09-26 11:00:00,1632679200.0,2021-09-26 18:00:00,2262379,0.1080372078160875,4.186675997479081,31
2021-09-26 12:00:00,1632682800.0,2021-09-26 19:00:00,2262380,0.0970110541878416,4.330510496333144,31
2021-09-26 13:00:00,1632686400.0,2021-09-26 20:00:00,2262381,0.0712274225334482,3.885978025757852,31
2021-09-26 14:00:00,1632690000.0,2021-09-26 21:00:00,2262382,0.090247022728166,5.075926433700735,31
2021-09-26 15:00:00,1632693600.0,2021-09-26 22:00:00,2262383,0.1021425020857201,4.074587046193441,31
2021-09-26 16:00:00,1632697200.0,2021-09-26 23:00:00,2262384,0.1073099163463497,4.36472341157942,31
2021-09-26 17:00:00,1632700800.0,2021-09-27 00:00:00,2262385,0.1145878212504285,4.664393955059111,31
2021-09-26 18:00:00,1632704400.0,2021-09-27 01:00:00,2262386,0.1204497802794957,5.602573197521539,31
2021-09-26 19:00:00,1632708000.0,2021-09-27 02:00:00,2262387,0.13602675074112,5.48831945400692,31
2021-09-26 20:00:00,1632711600.0,2021-09-27 03:00:00,2262388,0.1387304487853055,5.41586478536081,31
2021-09-26 21:00:00,1632715200.0,2021-09-27 04:00:00,2262389,0.1584308925971174,5.7135844215691485,31
2021-09-26 22:00:00,1632718800.0,2021-09-27 05:00:00,2262390,0.151873756859935,5.94192506688625,31
2021-09-26 23:00:00,1632722400.0,2021-09-27 06:00:00,2262391,0.1638372291278352,5.231263352145184,31
2021-09-27 00:00:00,1632726000.0,2021-09-27 07:00:00,2262392,0.1328425187280393,2.3478873190199376,31
2021-09-27 01:00:00,1632729600.0,2021-09-27 08:00:00,2262393,0.14943605687629,1.986286903885218,31
2021-09-27 02:00:00,1632733200.0,2021-09-27 09:00:00,2262394,0.1357691365836488,1.5025472562816802,31
2021-09-27 03:00:00,1632736800.0,2021-09-27 10:00:00,2262395,0.1084175896585315,1.4005205426340606,31
2021-09-27 04:00:00,1632740400.0,2021-09-27 11:00:00,2262396,0.1185674923654489,1.5544490009959668,31
2021-09-27 05:00:00,1632744000.0,2021-09-27 12:00:00,2262397,0.1174301105247712,1.4405228579687088,31
2021-09-27 06:00:00,1632747600.0,2021-09-27 13:00:00,2262398,0.1233455347075508,1.843921756995372,31
2021-09-27 07:00:00,1632751200.0,2021-09-27 14:00:00,2262399,0.1430328782518071,1.7897163062424537,31
2021-09-27 08:00:00,1632754800.0,2021-09-27 15:00:00,2262400,0.138750274963478,1.899269226557793,31
2021-09-27 09:00:00,1632758400.0,2021-09-27 16:00:00,2262401,0.1149790713338034,1.794295966635231,31
2021-09-27 10:00:00,1632762000.0,2021-09-27 17:00:00,2262546,0.1062243841658146,3.765972231092532,31
2021-09-27 11:00:00,1632765600.0,2021-09-27 18:00:00,2262547,0.1167884344205854,4.266884119086535,31
2021-09-27 12:00:00,1632769200.0,2021-09-27 19:00:00,2262548,0.0954780386767881,1.918607605897555,31
2021-09-27 13:00:00,1632772800.0,2021-09-27 20:00:00,2262920,0.076777869063805,1.75912431181163,31
2021-09-27 14:00:00,1632776400.0,2021-09-27 21:00:00,2265484,0.0601562721826144,1.606058903040282,31
2021-09-27 15:00:00,1632780000.0,2021-09-27 22:00:00,2265485,0.0862003053165413,2.12511036671489,31
2021-09-27 16:00:00,1632783600.0,2021-09-27 23:00:00,2265486,0.1006615000838291,2.607445913299747,31
2021-09-27 17:00:00,1632787200.0,2021-09-28 00:00:00,2265487,0.1182163409181593,1.6296873335077402,31
2021-09-27 18:00:00,1632790800.0,2021-09-28 01:00:00,2265488,0.1410123960601994,1.538734980021313,31
2021-09-27 19:00:00,1632794400.0,2021-09-28 02:00:00,2265489,0.139793535090235,1.225836473791987,31
2021-09-27 20:00:00,1632798000.0,2021-09-28 03:00:00,2265490,0.1304286347542801,1.7227950963494636,31
2021-09-27 21:00:00,1632801600.0,2021-09-28 04:00:00,2265491,0.1247927067516349,4.626256294053921,31
2021-09-27 22:00:00,1632805200.0,2021-09-28 05:00:00,2265492,0.1196292586356844,4.719805230247984,31
2021-09-27 23:00:00,1632808800.0,2021-09-28 06:00:00,2265493,0.118624424826576,4.948938641208524,31
2021-09-28 00:00:00,1632812400.0,2021-09-28 07:00:00,2265494,0.1309441643777512,4.882325809412844,31
2021-09-28 01:00:00,1632816000.0,2021-09-28 08:00:00,2265495,0.129469267869202,5.3463454572565485,31
2021-09-28 02:00:00,1632819600.0,2021-09-28 09:00:00,2265496,0.1333057342730858,5.1891775518223255,31
2021-09-28 03:00:00,1632823200.0,2021-09-28 10:00:00,2265497,0.1523001869155029,4.693520571770844,31
2021-09-28 04:00:00,1632826800.0,2021-09-28 11:00:00,2265498,0.1482500661164963,4.911533239864797,31
2021-09-28 05:00:00,1632830400.0,2021-09-28 12:00:00,2265499,0.1522625468369085,4.367280877810631,31
2021-09-28 06:00:00,1632834000.0,2021-09-28 13:00:00,2265500,0.1549184860355905,5.401402969388018,31
2021-09-28 07:00:00,1632837600.0,2021-09-28 14:00:00,2265501,0.2137290054903814,5.433133821925769,31
2021-09-28 08:00:00,1632841200.0,2021-09-28 15:00:00,2265502,0.232123202293485,4.48557380455869,31
2021-09-28 09:00:00,1632844800.0,2021-09-28 16:00:00,2265503,0.1331490824671091,4.5432640709438585,31
2021-09-28 10:00:00,1632848400.0,2021-09-28 17:00:00,2265504,0.1122496566090723,3.7478753734330046,31
2021-09-28 11:00:00,1632852000.0,2021-09-28 18:00:00,2265505,0.1042026009200588,3.553141433422858,31
2021-09-28 12:00:00,1632855600.0,2021-09-28 19:00:00,2265506,0.0955429573405564,3.5111182578024733,31
2021-09-28 13:00:00,1632859200.0,2021-09-28 20:00:00,2265507,0.0874980386820428,3.419556524899228,31
2021-09-28 14:00:00,1632862800.0,2021-09-28 21:00:00,2265508,0.1018569379706903,4.232885016324566,31
2021-09-28 15:00:00,1632866400.0,2021-09-28 22:00:00,2265532,0.1223382929272236,7.325990634483208,31
2021-09-28 16:00:00,1632870000.0,2021-09-28 23:00:00,2265822,0.1336752721261808,10.411506634599938,31
2021-09-28 17:00:00,1632873600.0,2021-09-29 00:00:00,2265823,0.1464973684250964,10.935062912840072,31
2021-09-28 18:00:00,1632877200.0,2021-09-29 01:00:00,2265824,0.1653124232605878,11.58954301410695,31
2021-09-28 19:00:00,1632880800.0,2021-09-29 02:00:00,2265825,0.2022419902164576,13.599712422889285,31
2021-09-28 20:00:00,1632884400.0,2021-09-29 03:00:00,2265848,0.1878531482674192,8.448821500822191,31
2021-09-28 21:00:00,1632888000.0,2021-09-29 04:00:00,2265890,0.1912865321155346,13.894752504602966,31
2021-09-28 22:00:00,1632891600.0,2021-09-29 05:00:00,2267926,0.2333084179105924,8.207051381896779,31
2021-09-28 23:00:00,1632895200.0,2021-09-29 06:00:00,2267927,0.221713100009154,9.34840471159438,31
2021-09-29 00:00:00,1632898800.0,2021-09-29 07:00:00,2267928,0.1969971486840786,10.5023008305091,31
2021-09-29 01:00:00,1632902400.0,2021-09-29 08:00:00,2267929,0.1921165452934588,11.369723841759187,31
2021-09-29 02:00:00,1632906000.0,2021-09-29 09:00:00,2267930,0.1695336065731529,14.06800003608191,31
2021-09-29 03:00:00,1632909600.0,2021-09-29 10:00:00,2267931,0.1585344837574131,16.27305145985937,31
2021-09-29 04:00:00,1632913200.0,2021-09-29 11:00:00,2267932,0.1526338986242809,16.718919012452616,31
2021-09-29 05:00:00,1632916800.0,2021-09-29 12:00:00,2267933,0.1842933713755946,17.19288584172684,31
2021-09-29 06:00:00,1632920400.0,2021-09-29 13:00:00,2267934,0.2187899902991232,15.832472424554044,31
2021-09-29 07:00:00,1632924000.0,2021-09-29 14:00:00,2267935,0.2925502230474459,14.37967401375078,31
2021-09-29 08:00:00,1632927600.0,2021-09-29 15:00:00,2267936,0.2517202112479489,12.139870722948851,31
2021-09-29 09:00:00,1632931200.0,2021-09-29 16:00:00,2267937,0.132019895772423,13.126390852200029,31
2021-09-29 10:00:00,1632934800.0,2021-09-29 17:00:00,2267938,0.1303556937615385,14.20648296919942,31
2021-09-29 11:00:00,1632938400.0,2021-09-29 18:00:00,2267939,0.1345802411574511,12.974157871222856,31
2021-09-29 12:00:00,1632942000.0,2021-09-29 19:00:00,2267940,0.1365371150538091,14.015618008615837,31
2021-09-29 13:00:00,1632945600.0,2021-09-29 20:00:00,2267941,0.0885047368129483,10.732702943837786,31
2021-09-29 14:00:00,1632949200.0,2021-09-29 21:00:00,2267942,0.1061255192498656,10.252733443173714,31
2021-09-29 15:00:00,1632952800.0,2021-09-29 22:00:00,2267943,0.109302160471198,8.522838898306874,31
2021-09-29 16:00:00,1632956400.0,2021-09-29 23:00:00,2267944,0.1293737332778005,9.209330340460571,31
2021-09-29 17:00:00,1632960000.0,2021-09-30 00:00:00,2267945,0.1434531590098179,8.80077449740107,31
2021-09-29 18:00:00,1632963600.0,2021-09-30 01:00:00,2267946,0.1676367766589466,7.690718870370725,31
2021-09-29 19:00:00,1632967200.0,2021-09-30 02:00:00,2267947,0.2488944364594982,7.158273305502948,31
2021-09-29 20:00:00,1632970800.0,2021-09-30 03:00:00,2267948,0.2959713331152332,9.774505408877284,31
2021-09-29 21:00:00,1632974400.0,2021-09-30 04:00:00,2267949,0.2710920676732126,10.435229798916044,31
2021-09-29 22:00:00,1632978000.0,2021-09-30 05:00:00,2267950,0.268472890348181,8.853113418621414,31
2021-09-29 23:00:00,1632981600.0,2021-09-30 06:00:00,2267951,0.2262673906879266,9.02399850889996,31
2021-09-30 00:00:00,1632985200.0,2021-09-30 07:00:00,2267952,0.2224796487098568,10.322048281790092,31
2021-09-30 01:00:00,1632988800.0,2021-09-30 08:00:00,2267953,0.1934819571404428,12.244460505461303,31
2021-09-30 02:00:00,1632992400.0,2021-09-30 09:00:00,2267954,0.1885118130768906,9.006519780013196,31
2021-09-30 03:00:00,1632996000.0,2021-09-30 10:00:00,2267955,0.2040659740640374,11.09612379743178,31
2021-09-30 04:00:00,1632999600.0,2021-09-30 11:00:00,2267956,0.1794919276926598,10.745118883677035,31
2021-09-30 05:00:00,1633003200.0,2021-09-30 12:00:00,2267957,0.2146528689313084,11.273618778521808,31
2021-09-30 06:00:00,1633006800.0,2021-09-30 13:00:00,2267958,0.2528549360156862,5.9284754973342455,31
2021-09-30 07:00:00,1633010400.0,2021-09-30 14:00:00,2269005,0.2844761486212286,7.812117470646152,31
2021-09-30 08:00:00,1633014000.0,2021-09-30 15:00:00,2269006,0.2924920560786123,9.787590952171556,31
2021-09-30 09:00:00,1633017600.0,2021-09-30 16:00:00,2269007,0.1620307563686593,8.436467106048582,31
2021-09-30 10:00:00,1633021200.0,2021-09-30 17:00:00,2269009,0.1372268531408509,10.658526316283316,31
2021-09-30 11:00:00,1633024800.0,2021-09-30 18:00:00,2269010,0.1436505465413461,8.6327273725333,31
2021-09-30 12:00:00,1633028400.0,2021-09-30 19:00:00,2269011,0.1192564091317729,6.409069611341536,31
2021-09-30 13:00:00,1633032000.0,2021-09-30 20:00:00,2269012,0.0698504364641913,4.770235179577808,31
2021-09-30 14:00:00,1633035600.0,2021-09-30 21:00:00,2269013,0.0757254118663391,3.761764414217416,31
2021-09-30 15:00:00,1633039200.0,2021-09-30 22:00:00,2269014,0.1084328371569298,5.641624158799816,31
2021-09-30 16:00:00,1633042800.0,2021-09-30 23:00:00,2269015,0.1393450565819802,6.568787208067327,31
2021-09-30 17:00:00,1633046400.0,2021-10-01 00:00:00,2269016,0.1431001328496069,4.072219552679759,31
2021-09-30 18:00:00,1633050000.0,2021-10-01 01:00:00,2269017,0.1753757516803265,3.7705222395773705,31
2021-09-30 19:00:00,1633053600.0,2021-10-01 02:00:00,2269018,0.2196679492250319,4.767882243733895,31
2021-09-30 20:00:00,1633057200.0,2021-10-01 03:00:00,2269019,0.3104988938523593,5.541894448156457,31
2021-09-30 21:00:00,1633060800.0,2021-10-01 04:00:00,2269020,0.3690098611556871,4.542949914950885,31
2021-09-30 22:00:00,1633064400.0,2021-10-01 05:00:00,2269021,0.3258790042751455,3.99456618729569,31
2021-09-30 23:00:00,1633068000.0,2021-10-01 06:00:00,2269022,0.3074578261901338,4.927761374904738,31
2021-10-01 00:00:00,1633071600.0,2021-10-01 07:00:00,2269023,0.2334133749272234,3.8620659714868006,31
2021-10-01 01:00:00,1633075200.0,2021-10-01 08:00:00,2269024,0.2199645508684286,4.357918035104969,31
2021-10-01 02:00:00,1633078800.0,2021-10-01 09:00:00,2269068,0.2209609160586584,4.722719837313489,31
2021-10-01 03:00:00,1633082400.0,2021-10-01 10:00:00,2269133,0.2032379690825005,4.008855507995236,31
2021-10-01 04:00:00,1633086000.0,2021-10-01 11:00:00,2269168,0.2690582374936464,4.599703151825983,31
2021-10-01 05:00:00,1633089600.0,2021-10-01 12:00:00,2269225,0.3539881702971088,4.618157800191686,31
2021-10-01 06:00:00,1633093200.0,2021-10-01 13:00:00,2269284,0.3610428322867121,4.893329953932927,31
2021-10-01 07:00:00,1633096800.0,2021-10-01 14:00:00,2269345,0.4423981884493546,5.440127207185834,31
2021-10-01 08:00:00,1633100400.0,2021-10-01 15:00:00,2269363,0.3867034286397898,6.023058260880035,31
2021-10-01 09:00:00,1633104000.0,2021-10-01 16:00:00,2269424,0.2780157275546336,7.492178856417735,31
2021-10-01 10:00:00,1633107600.0,2021-10-01 17:00:00,2269666,0.3320952235864876,9.94378724686572,31
2021-10-01 11:00:00,1633111200.0,2021-10-01 18:00:00,2269667,0.198011876885618,7.062636791610927,31
2021-10-01 12:00:00,1633114800.0,2021-10-01 19:00:00,2269668,0.121733508829821,4.754980328188639,31
