timestamp,co,pm
2021-09-01 00:00:00,0.1833453715387928,19.68735301092509
2021-09-01 01:00:00,0.179672599062997,19.095349050267195
2021-09-01 02:00:00,0.1669839070261188,19.85515624515962
2021-09-01 03:00:00,0.150991144148078,17.64664577025336
2021-09-01 04:00:00,0.1566125501697452,19.5096547532915
2021-09-01 05:00:00,0.2042508942236261,19.911700495396587
2021-09-01 06:00:00,0.2015521730294697,17.294744540382872
2021-09-01 07:00:00,0.15533596598118,14.740703007279023
2021-09-01 08:00:00,0.1593196665671907,14.328861295536855
2021-09-01 09:00:00,0.1541461536508082,12.87774655585533
2021-09-01 10:00:00,0.1100508177458519,10.885876475388068
2021-09-01 11:00:00,0.0935212016939786,12.560496329604195
2021-09-01 12:00:00,0.0920584914566446,10.89823388950223
2021-09-01 13:00:00,0.0917322986762337,11.580932550147743
2021-09-01 14:00:00,0.1142720336070369,10.055392696836051
2021-09-01 15:00:00,0.1355074982890581,9.608956777123923
2021-09-01 16:00:00,0.1385994043893103,9.979824140033829
2021-09-01 17:00:00,0.1459795269272152,9.946584754686397
2021-09-01 18:00:00,0.1478087587493967,10.733164023560215
2021-09-01 19:00:00,0.1563713166087423,12.954107446527274
2021-09-01 20:00:00,0.1745122268596839,15.054364769441044
2021-09-01 21:00:00,0.176404381786355,14.43208757557265
2021-09-01 22:00:00,0.1814399293165264,14.827071022040576
2021-09-01 23:00:00,0.1865460805986132,15.849414719334806
2021-09-02 00:00:00,0.1779709915126696,15.531613707764317
2021-09-02 01:00:00,0.1733800783150528,15.601788948172915
2021-09-02 02:00:00,0.175650859301927,14.681478953017931
2021-09-02 03:00:00,0.176782122198139,14.327606355720286
2021-09-02 04:00:00,0.1869675560699886,14.507342977134886
2021-09-02 05:00:00,0.198155045531409,16.92430216987848
2021-09-02 06:00:00,0.1872473010788266,11.860538674595407
2021-09-02 07:00:00,0.2060526123733694,12.917654778797624
2021-09-02 08:00:00,0.2040731021568157,14.91593816583807
2021-09-02 09:00:00,0.1920814819215425,12.82361933990057
2021-09-02 10:00:00,0.1928726683336113,13.097340187991792
2021-09-02 11:00:00,0.1661118246930557,12.000021648413108
2021-09-02 12:00:00,0.1717302657788617,14.86918205112372
2021-09-02 13:00:00,0.1620095390635419,13.369249253157308
2021-09-02 14:00:00,0.1530753107253852,14.926556215765014
2021-09-02 15:00:00,0.1668614605096702,14.68011828887428
2021-09-02 16:00:00,0.1643469379212858,13.406746137595883
2021-09-02 17:00:00,0.1802280240504728,14.82943591514544
2021-09-02 18:00:00,0.1875074245044576,12.11778913781148
2021-09-02 19:00:00,0.1915054007665325,12.039689143868568
2021-09-02 20:00:00,0.1951257826522474,12.9525660066773
2021-09-02 21:00:00,0.1969733399596602,13.73190749411628
2021-09-02 22:00:00,0.1880904019464585,12.988142553560294
2021-09-02 23:00:00,0.1866733415386646,13.108685662223191
2021-09-03 00:00:00,0.1870349518174927,12.924072582757466
2021-09-03 01:00:00,0.1810242871023422,11.817146115052868
2021-09-03 02:00:00,0.1700948532939684,12.30658269752636
2021-09-03 03:00:00,0.1681852126356242,12.220619632567328
2021-09-03 04:00:00,0.1720599846770676,12.744544520031772
2021-09-03 05:00:00,0.1828910170769468,14.057050610823996
2021-09-03 06:00:00,0.178819534443497,14.347460011396448
2021-09-03 07:00:00,0.1994563193772864,14.77888227826708
2021-09-03 08:00:00,0.1921264450606257,13.714392078230569
2021-09-03 09:00:00,0.2080200500597168,13.795670158275255
2021-09-03 10:00:00,0.2174750529728785,13.416638313208969
2021-09-03 11:00:00,0.1802888836254417,16.25306629265264
2021-09-03 12:00:00,0.1733763017875911,13.441399393174642
2021-09-03 13:00:00,0.1784751296343841,15.640385715483989
2021-09-03 14:00:00,0.1685501020828742,13.554497369990534
2021-09-03 15:00:00,0.1801339229937674,9.770993582147504
2021-09-03 16:00:00,0.1831628624849519,8.819447530621156
2021-09-03 17:00:00,0.18962065559945,9.86693604357426
2021-09-03 18:00:00,0.1934624981761661,9.765094492328668
2021-09-03 19:00:00,0.2123112393731253,11.459334290491087
2021-09-03 20:00:00,0.2229809690249662,11.815132259617382
2021-09-03 21:00:00,0.2186626357001924,12.49694799044007
2021-09-03 22:00:00,0.2251094623157013,11.98703446989574
2021-09-03 23:00:00,0.2153708871459814,11.195692593899691
2021-09-04 00:00:00,0.2669955797815601,11.868809795217736
2021-09-04 01:00:00,0.2921710276662361,10.681095144418016
2021-09-04 02:00:00,0.3288253055348787,12.381769995890313
2021-09-04 03:00:00,0.2579354371294879,12.036193783104824
2021-09-04 04:00:00,0.272809237368518,11.323072369535844
2021-09-04 05:00:00,0.2510348149565218,11.209451273374857
2021-09-04 06:00:00,0.3144221207496864,11.744325862712088
2021-09-04 07:00:00,0.2686060984097596,21.11703736393356
2021-09-04 08:00:00,0.2020135922062237,19.784799417194808
2021-09-04 09:00:00,0.2230668648459361,20.354995696471725
2021-09-04 10:00:00,0.2241851421359429,17.8389233134364
2021-09-04 11:00:00,0.1607476029047594,14.224766824725188
2021-09-04 12:00:00,0.1646184222531765,12.613359953758282
2021-09-04 13:00:00,0.156970814985967,10.982739388489088
2021-09-04 14:00:00,0.1403475190453131,11.8126194718733
2021-09-04 15:00:00,0.145242615526778,10.166529825747368
2021-09-04 16:00:00,0.1816226775174315,10.60099866277138
2021-09-04 17:00:00,0.2105120563040869,11.373869323034503
2021-09-04 18:00:00,0.232090586792689,10.649280882784923
2021-09-04 19:00:00,0.254898837010429,7.253880919754771
2021-09-04 20:00:00,0.2497331611154777,8.55325728142898
2021-09-04 21:00:00,0.2401572011960082,8.140839298250798
2021-09-04 22:00:00,0.2510772379488771,8.822239604534992
2021-09-04 23:00:00,0.2330339308591247,9.090599687407938
2021-09-05 00:00:00,0.2302901985781015,11.284294293531064
2021-09-05 01:00:00,0.2674963365397852,12.575033343886805
2021-09-05 02:00:00,0.2988701866459475,12.87376972558437
2021-09-05 03:00:00,0.3740737354736032,13.448603253799702
2021-09-05 04:00:00,0.3881442425291762,11.635000830943651
2021-09-05 05:00:00,0.2788090669264588,14.684617386365336
2021-09-05 06:00:00,0.2705942365875038,29.571531977690483
2021-09-05 07:00:00,0.2772427366022697,23.37006459828424
2021-09-05 08:00:00,0.2805952506968379,15.373325845977291
2021-09-05 09:00:00,0.248281380974414,15.655711042725857
2021-09-05 10:00:00,0.1870322022920028,13.288332446524263
2021-09-05 11:00:00,0.1725056251790116,12.197938355402174
2021-09-05 12:00:00,0.1598009325405691,12.594620563846052
2021-09-05 13:00:00,0.1133827454346462,9.330992072696606
2021-09-05 14:00:00,0.0907459815407039,7.617751497972273
2021-09-05 15:00:00,0.0997943497323167,6.828538109752189
2021-09-05 16:00:00,0.1896362038763713,6.466271621241361
2021-09-05 17:00:00,0.2423058552005648,10.979194541371452
2021-09-05 18:00:00,0.2718501059269398,8.674573366071389
2021-09-05 19:00:00,0.2569047516185873,8.352333853341408
2021-09-05 20:00:00,0.2551340050929946,6.927698624935524
2021-09-05 21:00:00,0.2650424979466629,7.822183853678416
2021-09-05 22:00:00,0.2592359374053202,8.99512616756591
2021-09-05 23:00:00,0.3060160626613548,9.404631903440348
2021-09-06 00:00:00,0.3081330158430205,9.61307131574395
2021-09-06 01:00:00,0.3579699361397955,8.971170280794958
2021-09-06 02:00:00,0.3677918817681096,8.640398459390312
2021-09-06 03:00:00,0.2724925546307916,7.631623540179252
2021-09-06 04:00:00,0.2573232273965595,7.391824757480726
2021-09-06 05:00:00,0.2453144187567007,9.506341085384069
2021-09-06 06:00:00,0.2398077072255867,10.081780198404724
2021-09-06 07:00:00,0.2662876033119488,9.016151909464872
2021-09-06 08:00:00,0.2696086706886115,7.90631108129289
2021-09-06 09:00:00,0.2420993288324012,7.565415451112168
2021-09-06 10:00:00,0.1671961131463284,8.045093238566237
2021-09-06 11:00:00,0.12428067511407,9.355904129237471
2021-09-06 12:00:00,0.0849983751426037,7.200989445049952
2021-09-06 13:00:00,0.0769542689613855,11.968698226583822
2021-09-06 14:00:00,0.0589626362600948,11.611503198881891
2021-09-06 15:00:00,0.1506322997616039,9.75437226458511
2021-09-06 16:00:00,0.1630398020757515,9.856160189312318
2021-09-06 17:00:00,0.171280456709221,7.263155020617874
2021-09-06 18:00:00,0.2114630735627653,9.192897916281888
2021-09-06 19:00:00,0.2759849402464793,12.740188840697488
2021-09-06 20:00:00,0.2797245394545904,7.514319817631831
2021-09-06 21:00:00,0.2824572530412444,5.440333448169278
2021-09-06 22:00:00,0.2950231311144156,4.701088045469411
2021-09-06 23:00:00,0.2660084436527352,4.405291254333282
2021-09-07 00:00:00,0.2348943380908285,4.126775914121147
2021-09-07 01:00:00,0.2068456313612094,3.89872436262592
2021-09-07 02:00:00,0.1601669995539646,4.019898314157554
2021-09-07 03:00:00,0.1642608703119848,3.953529880709863
2021-09-07 04:00:00,0.1950866582573586,5.321425344086458
2021-09-07 05:00:00,0.2332156847153477,4.996398600787442
2021-09-07 06:00:00,0.3226918724169809,7.371581489048884
2021-09-07 07:00:00,0.4053477313206952,9.280264792194938
2021-09-07 08:00:00,0.3301742415030381,8.850253201316887
2021-09-07 09:00:00,0.30730443105717,11.07102225238597
2021-09-07 10:00:00,0.2068642551603438,10.972972848967776
2021-09-07 11:00:00,0.1403286542480388,6.937466353238525
2021-09-07 12:00:00,0.1309022284305159,5.952450273724447
2021-09-07 13:00:00,0.1198059143111797,7.586249166731979
2021-09-07 14:00:00,0.1240123985892199,9.480249467318632
2021-09-07 15:00:00,0.1303271694292528,9.888215528577785
2021-09-07 16:00:00,0.1590400882397384,8.638105575526822
2021-09-07 17:00:00,0.1761238734041184,8.32705029576241
2021-09-07 18:00:00,0.1787749132754451,6.894186252515784
2021-09-07 19:00:00,0.2243116904153297,7.183286888162819
2021-09-07 20:00:00,0.2486654443801707,7.1768192393559085
2021-09-07 21:00:00,0.2187754384889337,7.6098212670926015
2021-09-07 22:00:00,0.1699709391881669,10.378338034381454
2021-09-07 23:00:00,0.1686688827606793,11.282459803271736
2021-09-08 00:00:00,0.2017291722477742,12.368892181516204
2021-09-08 01:00:00,0.1978497897407121,12.27614388046954
2021-09-08 02:00:00,0.2343773275344747,11.345490899633024
2021-09-08 03:00:00,0.2672264891811466,9.729861375451598
2021-09-08 04:00:00,0.2568686201701563,11.810308434828311
2021-09-08 05:00:00,0.2013492408827352,15.235594517582465
2021-09-08 06:00:00,0.3834921598325667,15.48696485136519
2021-09-08 07:00:00,0.3605232952299378,14.100277653424872
2021-09-08 08:00:00,0.2125148359832399,13.320534843654968
2021-09-08 09:00:00,0.1345654667058047,13.57178631952566
2021-09-08 10:00:00,0.0778730724628967,9.988794234291907
2021-09-08 11:00:00,0.0597024677046526,7.535064338571447
2021-09-08 12:00:00,0.0842019899614637,8.676538878545827
2021-09-08 13:00:00,0.0910292134065751,10.964588897544903
2021-09-08 14:00:00,0.0963610166293175,9.691347931973857
2021-09-08 15:00:00,0.1066713779274856,9.52618347903564
2021-09-08 16:00:00,0.1384681226042763,10.559086669848416
2021-09-08 17:00:00,0.1624544373794777,10.534295746728008
2021-09-08 18:00:00,0.1646865760808288,11.747105036022989
2021-09-08 19:00:00,0.1842611367213357,13.96254442225056
2021-09-08 20:00:00,0.1763852473949245,16.15769815534022
2021-09-08 21:00:00,0.1787342297883805,12.805533174730332
2021-09-08 22:00:00,0.1867107571204201,12.9055494966616
2021-09-08 23:00:00,0.1725664388668344,12.724161862280042
2021-09-09 00:00:00,0.1455222923419391,12.96680685231292
2021-09-09 01:00:00,0.1491332055215317,14.401516428539727
2021-09-09 02:00:00,0.1434672599499146,13.739755256816863
2021-09-09 03:00:00,0.1532750771354475,13.197489718606258
2021-09-09 04:00:00,0.1643147950217032,13.126621118618283
2021-09-09 05:00:00,0.1854156391853889,13.338659351262464
2021-09-09 06:00:00,0.1364886570022199,12.196393452589987
2021-09-09 07:00:00,0.1684465231445115,12.18727751068674
2021-09-09 08:00:00,0.1902573372609049,10.995590622046166
2021-09-09 09:00:00,0.1584667849120367,9.027025884500494
2021-09-09 10:00:00,0.0750106558886642,6.476977586022999
2021-09-09 11:00:00,0.0816099859536788,8.885277394625358
2021-09-09 12:00:00,0.072073520079027,10.725890179201274
2021-09-09 13:00:00,0.0918016596644099,9.178170991352347
2021-09-09 14:00:00,0.0887030320737613,10.669469238435674
2021-09-09 15:00:00,0.1099397176306086,8.456719661328632
2021-09-09 16:00:00,0.1247030335656242,7.655447371255573
2021-09-09 17:00:00,0.1221627101461615,6.3235986226399135
2021-09-09 18:00:00,0.1368555487804036,7.999863265790831
2021-09-09 19:00:00,0.1514713861881181,11.786482807864507
2021-09-09 20:00:00,0.1406812639181689,13.124288754226288
2021-09-09 21:00:00,0.1376611460414933,12.6235215386744
2021-09-09 22:00:00,0.1358241189112366,10.83556911123904
2021-09-09 23:00:00,0.1217614021632234,11.327333172794782
2021-09-10 00:00:00,0.114500417105174,10.215835634917417
2021-09-10 01:00:00,0.1200387326620913,10.321484388114063
2021-09-10 02:00:00,0.1029568618702649,8.874660241878942
2021-09-10 03:00:00,0.1027616905280424,9.87366734694277
2021-09-10 04:00:00,0.1050448250547672,11.769842513768763
2021-09-10 05:00:00,0.1155658263881873,11.188537777851776
2021-09-10 06:00:00,0.1292045108171005,8.164214973905162
2021-09-10 07:00:00,0.1173243683458579,8.041421355076697
2021-09-10 08:00:00,0.1346909296606706,6.402042396268583
2021-09-10 09:00:00,0.1193517916571882,3.480863268299873
2021-09-10 10:00:00,0.0996028585144221,2.7763491582874327
2021-09-10 11:00:00,0.0847009867375847,2.484567137389594
2021-09-10 12:00:00,0.0795036254213033,2.499960946074636
2021-09-10 13:00:00,0.0900245961365896,3.5139023540235725
2021-09-10 14:00:00,0.0960191889441305,5.706821889866555
2021-09-10 15:00:00,0.104568553643465,4.993107020514545
2021-09-10 16:00:00,0.1196304733728297,6.694894514205027
2021-09-10 17:00:00,0.1334948873438332,5.53749373418328
2021-09-10 18:00:00,0.1339061165786157,8.14726515802747
2021-09-10 19:00:00,0.1414263818142255,13.826415492861974
2021-09-10 20:00:00,0.1759068135153952,11.342415781369814
2021-09-10 21:00:00,0.1798709307685521,12.999814731693478
2021-09-10 22:00:00,0.1612171826213905,13.574734419242702
2021-09-10 23:00:00,0.139707336073329,14.59242320015244
2021-09-11 00:00:00,0.1367218344611067,15.10858086300762
2021-09-11 01:00:00,0.1394124400177223,14.507981726154703
2021-09-11 02:00:00,0.1343702902987565,15.243895439476034
2021-09-11 03:00:00,0.1552042112082929,15.934863345387551
2021-09-11 04:00:00,0.1618764187637497,14.003677256512756
2021-09-11 05:00:00,0.1919626586792877,14.508065840270152
2021-09-11 06:00:00,0.2100299557811478,15.214479174258788
2021-09-11 07:00:00,0.2728711992498668,14.602709798910974
2021-09-11 08:00:00,0.167836265384214,13.368109603535558
2021-09-11 09:00:00,0.1187413998075318,14.187067987529922
2021-09-11 10:00:00,0.0776617885622072,12.370226702495392
2021-09-11 11:00:00,0.0646917868970901,10.360135819706729
2021-09-11 12:00:00,0.0772625598355269,10.354518396765467
2021-09-11 13:00:00,0.1040734927017763,12.920115847446462
2021-09-11 14:00:00,0.1042184519456395,10.628567981070692
2021-09-11 15:00:00,0.1305471937840695,12.345764629034685
2021-09-11 16:00:00,0.1329934801159221,13.389884696106932
2021-09-11 17:00:00,0.1368948679997235,13.15705359064489
2021-09-11 18:00:00,0.1425573509260919,13.862148824281933
2021-09-11 19:00:00,0.1680727936503985,10.971022977586223
2021-09-11 20:00:00,0.1733697026219636,12.76596709350716
2021-09-11 21:00:00,0.1666144830267721,14.190821074311645
2021-09-11 22:00:00,0.1770772678153884,15.072953997990352
2021-09-11 23:00:00,0.2178031878361722,15.00339492173484
2021-09-12 00:00:00,0.3092063156830837,15.674033356333725
2021-09-12 01:00:00,0.3356776388241977,15.194018107614772
2021-09-12 02:00:00,0.2953458290488218,15.177078918866265
2021-09-12 03:00:00,0.3563598201951368,14.072937888440627
2021-09-12 04:00:00,0.3115807383991437,12.042198763007232
2021-09-12 05:00:00,0.3029831750377589,13.056366367878208
2021-09-12 06:00:00,0.3231357780643379,13.663050839725054
2021-09-12 07:00:00,0.2926699638669093,12.835800687620177
2021-09-12 08:00:00,0.1789670178304044,9.212071123442591
2021-09-12 09:00:00,0.1353187953068622,15.7166040484369
2021-09-12 10:00:00,0.1050182282837722,14.215184571545109
2021-09-12 11:00:00,0.0776929080509827,10.389760873152287
2021-09-12 12:00:00,0.0513449782502554,9.905050857845952
2021-09-12 13:00:00,0.0691725579977877,10.509440637869869
2021-09-12 14:00:00,0.0767767718200054,10.419078038707482
2021-09-12 15:00:00,0.1226251497611195,10.850516431554084
2021-09-12 16:00:00,0.154506557455876,11.655132302811596
2021-09-12 17:00:00,0.1698973201283237,11.012424934292769
2021-09-12 18:00:00,0.1704576159668604,10.45236446760256
2021-09-12 19:00:00,0.1974496438260548,11.825577231207587
2021-09-12 20:00:00,0.2044892243328796,11.999384031857932
2021-09-12 21:00:00,0.1965694643560524,15.019280061756184
2021-09-12 22:00:00,0.1798847007537476,16.007247455829987
2021-09-12 23:00:00,0.1906786638431263,17.427908659880618
2021-09-13 00:00:00,0.1660753791388842,17.55456235261594
2021-09-13 01:00:00,0.162607404987191,18.89899814431962
2021-09-13 02:00:00,0.2003747416875417,15.106148757516287
2021-09-13 03:00:00,0.2522206094567387,14.685144823335314
2021-09-13 04:00:00,0.2458046474383756,14.51956830533697
2021-09-13 05:00:00,0.2947254527277959,16.846332266745016
2021-09-13 06:00:00,0.3721623463776847,19.885191424760585
2021-09-13 07:00:00,0.4281126672354124,20.72245239323019
2021-09-13 08:00:00,0.2749837262206197,22.894024273573493
2021-09-13 09:00:00,0.1620374662975335,20.09986519381545
2021-09-13 10:00:00,0.0948022384325163,18.42070580778923
2021-09-13 11:00:00,0.0737293435235463,14.64385761728098
2021-09-13 12:00:00,0.0595558154245052,10.927748395253005
2021-09-13 13:00:00,0.0647116890291212,10.823535543606704
2021-09-13 14:00:00,0.1093334783861587,14.088638176934513
2021-09-13 15:00:00,0.1367219313046913,14.25246414096184
2021-09-13 16:00:00,0.1538707912973247,18.785893693100824
2021-09-13 17:00:00,0.1513563986228159,19.014603309979474
2021-09-13 18:00:00,0.1532143779280206,16.685166230989918
2021-09-13 19:00:00,0.1800077608147382,17.39584969109144
2021-09-13 20:00:00,0.1743711719151076,19.44326522917863
2021-09-13 21:00:00,0.1673437605906568,20.71104688588595
2021-09-13 22:00:00,0.1556320846230982,21.45374363041469
2021-09-13 23:00:00,0.1577418272990024,22.55163085968958
2021-09-14 00:00:00,0.1687689761087841,24.04476664741525
2021-09-14 01:00:00,0.2012406480418004,24.65102638500534
2021-09-14 02:00:00,0.2692520853334114,23.74758314616892
2021-09-14 03:00:00,0.2452898961320989,20.23910243993224
2021-09-14 04:00:00,0.232194013786453,17.420118760070054
2021-09-14 05:00:00,0.2581381324273408,18.162080704848044
2021-09-14 06:00:00,0.316935116880377,17.03033935931716
2021-09-14 07:00:00,0.3429015564285348,18.37577329842486
2021-09-14 08:00:00,0.3703400019218609,18.726930248235945
2021-09-14 09:00:00,0.2811890887648189,20.13491800604071
2021-09-14 10:00:00,0.2088908676235021,22.07455470091132
2021-09-14 11:00:00,0.1727626311095152,17.165643281073045
2021-09-14 12:00:00,0.145255966195885,9.563324086498664
2021-09-14 13:00:00,0.1467807499870153,10.588955541017068
2021-09-14 14:00:00,0.1404645248419356,12.362532500873726
2021-09-14 15:00:00,0.1494237393547403,11.820229681124568
2021-09-14 16:00:00,0.1492660624594824,13.595297418713225
2021-09-14 17:00:00,0.1561968249631778,13.285404355399626
2021-09-14 18:00:00,0.156383428719616,15.333006731422673
2021-09-14 19:00:00,0.1638652342772369,20.64940435242076
2021-09-14 20:00:00,0.1669319203556519,20.08551586589824
2021-09-14 21:00:00,0.1661814151952427,19.15040512047764
2021-09-14 22:00:00,0.1616214705983075,19.24899606496211
2021-09-14 23:00:00,0.1561497840156773,21.216300374940797
2021-09-15 00:00:00,0.1639486974397473,21.10754298835787
2021-09-15 01:00:00,0.1646794045245548,19.88521477997035
2021-09-15 02:00:00,0.1566038125822311,21.890922887313337
2021-09-15 03:00:00,0.1375642780210635,19.40941043787776
2021-09-15 04:00:00,0.1288165710087331,18.668712024223524
2021-09-15 05:00:00,0.1332529265462866,16.82867938248543
2021-09-15 06:00:00,0.1471789317409451,17.488744379176815
2021-09-15 07:00:00,0.1578735385841349,16.479855265545627
2021-09-15 08:00:00,0.1759955171590637,14.203255454271408
2021-09-15 09:00:00,0.2015619658245407,12.798923123952129
2021-09-15 10:00:00,0.1396822325649308,8.820190635317697
2021-09-15 11:00:00,0.1098497143677391,8.560713777104436
2021-09-15 12:00:00,0.1099702425312129,8.80975655924722
2021-09-15 13:00:00,0.1377578065475023,11.641989783784757
2021-09-15 14:00:00,0.1320074704279538,12.471526359776588
2021-09-15 15:00:00,0.1378439677536526,11.39521173197277
2021-09-15 16:00:00,0.1431124417480583,9.59459550444828
2021-09-15 17:00:00,0.1437060846632695,10.313431258168992
2021-09-15 18:00:00,0.1382321177898683,11.892008956146318
2021-09-15 19:00:00,0.1510019889430414,14.38182280622734
2021-09-15 20:00:00,0.1464965666798877,13.994194740156257
2021-09-15 21:00:00,0.1423496760498462,13.742389549405797
2021-09-15 22:00:00,0.1380070136880838,12.493031973870185
2021-09-15 23:00:00,0.1289058634044052,12.449495315716222
2021-09-16 00:00:00,0.1312469237395425,11.88579549555102
2021-09-16 01:00:00,0.1250133032322152,12.304415602888328
2021-09-16 02:00:00,0.1197927039578655,11.691720294710208
2021-09-16 03:00:00,0.1358409666381357,12.046677658409738
2021-09-16 04:00:00,0.1315746078644376,12.144671578021793
2021-09-16 05:00:00,0.1403125979165691,9.888789872015684
2021-09-16 06:00:00,0.144886844192887,9.085102821370166
2021-09-16 07:00:00,0.1531189352225834,8.862096727544781
2021-09-16 08:00:00,0.1484258250537684,9.002011969259113
2021-09-16 09:00:00,0.1356730231461353,5.919014528491664
2021-09-16 10:00:00,0.1308331389403584,4.6645937241635975
2021-09-16 11:00:00,0.1282080058121494,4.134921906295793
2021-09-16 12:00:00,0.1065609193314518,4.472403571668238
2021-09-16 13:00:00,0.0859365711613986,6.526707378210943
2021-09-16 14:00:00,0.1175726976768333,8.580948972949926
2021-09-16 15:00:00,0.1447438911611613,10.813496766787663
2021-09-16 16:00:00,0.1463329463703383,14.4266426334001
2021-09-16 17:00:00,0.1380442848692606,15.565087095658372
2021-09-16 18:00:00,0.1391628511477351,14.874913089838364
2021-09-16 19:00:00,0.1523627370601484,14.685617154021529
2021-09-16 20:00:00,0.1537260987235972,17.47476337729446
2021-09-16 21:00:00,0.1497987974193925,16.015586441446562
2021-09-16 22:00:00,0.1470059666209666,17.00223411697933
2021-09-16 23:00:00,0.1468762617596135,16.89883565015303
2021-09-17 00:00:00,0.1365573911181576,16.71867238798674
2021-09-17 01:00:00,0.1263058490839412,12.889494130292102
2021-09-17 02:00:00,0.1251237121389264,11.34849875561522
2021-09-17 03:00:00,0.1253497385096358,12.003602271547418
2021-09-17 04:00:00,0.1270118120061884,12.374410445783363
2021-09-17 05:00:00,0.136666862459554,12.115015426705185
2021-09-17 06:00:00,0.1403398252616642,11.994305506326686
2021-09-17 07:00:00,0.1550349261351147,9.320900819132074
2021-09-17 08:00:00,0.164516548749198,9.83941500263327
2021-09-17 09:00:00,0.150953082067245,9.936172651782249
2021-09-17 10:00:00,0.1359917211229745,10.584948021604458
2021-09-17 11:00:00,0.0930601487778723,9.70851294821137
2021-09-17 12:00:00,0.1151453016427369,7.538170547304957
2021-09-17 13:00:00,0.1188899636438405,9.039008403865871
2021-09-17 14:00:00,0.1311224954918863,10.370658443283777
2021-09-17 15:00:00,0.1469352538445282,11.43156597248529
2021-09-17 16:00:00,0.1595838040484365,10.588550254901543
2021-09-17 17:00:00,0.1626866722604282,10.820447350360777
2021-09-17 18:00:00,0.1630782878915835,11.38401599933892
2021-09-17 19:00:00,0.1604425438322051,11.282124038566408
2021-09-17 20:00:00,0.1629393627256693,11.554871458393356
2021-09-17 21:00:00,0.1555670880222016,12.539922506073449
2021-09-17 22:00:00,0.1613673304911667,10.95835583536503
2021-09-17 23:00:00,0.1619345139785025,12.69034088138226
2021-09-18 00:00:00,0.1570933837070577,10.979112941149928
2021-09-18 01:00:00,0.1383248658567964,10.586538399182997
2021-09-18 02:00:00,0.1453259923821671,10.204423864852318
2021-09-18 03:00:00,0.1469144033899582,9.850432357991568
2021-09-18 04:00:00,0.1813444726301742,9.64552798994596
2021-09-18 05:00:00,0.1720161163264311,10.674896107918446
2021-09-18 06:00:00,0.1505504788822217,9.896623544519334
2021-09-18 07:00:00,0.1499798165311749,8.416540435215317
2021-09-18 08:00:00,0.1486092489712216,9.162562692109413
2021-09-18 09:00:00,0.1377071542937411,9.07260148503548
2021-09-18 10:00:00,0.1225277534914983,9.217517214399574
2021-09-18 11:00:00,0.116481622102449,8.51452909563784
2021-09-18 12:00:00,0.1063568691347813,7.194001240318784
2021-09-18 13:00:00,0.0799676218735881,5.14265940147712
2021-09-18 14:00:00,0.0946081493734697,5.335908150122153
2021-09-18 15:00:00,0.1084137804850901,4.837635345333339
2021-09-18 16:00:00,0.1056953759447883,4.857257701919696
2021-09-18 17:00:00,0.108405322775926,5.567720018762096
2021-09-18 18:00:00,0.1172948290741124,2.942571550898921
2021-09-18 19:00:00,0.1369783118209935,5.891886722535498
2021-09-18 20:00:00,0.1301378844045425,5.740891883735599
2021-09-18 21:00:00,0.1485096838326424,6.143107199464164
2021-09-18 22:00:00,0.1234250054393144,5.271655954259163
2021-09-18 23:00:00,0.1121905523841057,5.13809101812726
2021-09-19 00:00:00,0.1136087839743771,5.542545528867448
2021-09-19 01:00:00,0.1088431957415871,5.855524853712374
2021-09-19 02:00:00,0.1013649874340362,4.780713276078235
2021-09-19 03:00:00,0.0997201430966039,5.862546130554821
2021-09-19 04:00:00,0.1061314247630233,5.901111534310327
2021-09-19 05:00:00,0.1040038432320777,5.630088064334857
2021-09-19 06:00:00,0.1106300899604861,5.350193965758516
2021-09-19 07:00:00,0.1174750078460258,5.363966955898526
2021-09-19 08:00:00,0.125759129887199,6.638446620757388
2021-09-19 09:00:00,0.0986145824907576,5.549001107477331
2021-09-19 10:00:00,0.0700568964216983,5.941070647371565
2021-09-19 11:00:00,0.0839343470208198,6.359170162012488
2021-09-19 12:00:00,0.0879993446454157,4.609571448992119
2021-09-19 13:00:00,0.0866293202107685,6.043518884903619
2021-09-19 14:00:00,0.0986389958210157,6.600252940258287
2021-09-19 15:00:00,0.1075765590300004,4.949278315651182
2021-09-19 16:00:00,0.1216872484947824,4.137866204691316
2021-09-19 17:00:00,0.1286443344046426,4.679673710641292
2021-09-19 18:00:00,0.1450550446727493,4.799170758012444
2021-09-19 19:00:00,0.1828528630485435,4.980567081640892
2021-09-19 20:00:00,0.183213153519853,5.959783035218537
2021-09-19 21:00:00,0.1723544135861268,6.7487706095946125
2021-09-19 22:00:00,0.1949822222314179,6.888290413863004
2021-09-19 23:00:00,0.211270743095272,5.915073772930619
2021-09-20 00:00:00,0.1957435655110934,6.54814515424697
2021-09-20 01:00:00,0.1771227140498297,6.3121262392741775
2021-09-20 02:00:00,0.1730084488530623,5.558532686258662
2021-09-20 03:00:00,0.1646719949567368,5.155207457666871
2021-09-20 04:00:00,0.1616046050234121,3.948725279755826
2021-09-20 05:00:00,0.1936288811283302,4.536944560750581
2021-09-20 06:00:00,0.2189506629724834,3.9060019296162864
2021-09-20 07:00:00,0.2933946325855253,4.107366892009651
2021-09-20 08:00:00,0.2244633407928833,4.275847440350693
2021-09-20 09:00:00,0.1771608666480123,6.288431364731408
2021-09-20 10:00:00,0.1077162292577506,7.932923301195975
2021-09-20 11:00:00,0.0862229027904384,6.19114392758475
2021-09-20 12:00:00,0.0721429345358551,5.265183526635156
2021-09-20 13:00:00,0.0498412847857046,4.152648581121072
2021-09-20 14:00:00,0.0237263569108291,6.481361411755133
2021-09-20 15:00:00,0.0931299904524369,5.453369947875189
2021-09-20 16:00:00,0.1287327432860347,5.235159610674053
2021-09-20 17:00:00,0.1556906668234331,7.211324830272194
2021-09-20 18:00:00,0.1947361756279753,6.029247862937613
2021-09-20 19:00:00,0.3066757215507438,7.571328780258834
2021-09-20 20:00:00,0.3217681177874643,6.5393158742854105
2021-09-20 21:00:00,0.3569032190898205,4.76627403007956
2021-09-20 22:00:00,0.2748397695467608,5.39044652116375
2021-09-20 23:00:00,0.2695515864927527,4.524413948007134
2021-09-21 00:00:00,0.2062650782926095,4.884723166550149
2021-09-21 01:00:00,0.2383847336021085,4.896250121045839
2021-09-21 02:00:00,0.1875652324263858,3.570096026628028
2021-09-21 03:00:00,0.196514895512549,3.538515422040624
2021-09-21 04:00:00,0.2316252096977581,4.542638927089131
2021-09-21 05:00:00,0.2782361538202738,4.1750910912400006
2021-09-21 06:00:00,0.322129033553874,3.740557391028859
2021-09-21 07:00:00,0.5414614420007566,8.543772628750663
2021-09-21 08:00:00,0.6042663749898312,5.961517774747149
2021-09-21 09:00:00,0.2619196620118765,7.698783392369386
2021-09-21 10:00:00,0.3602890394893231,8.963930400829055
2021-09-21 11:00:00,0.1852847993809603,8.955115061680077
2021-09-21 12:00:00,0.104805047752706,8.328191032518797
2021-09-21 13:00:00,0.0940431319059279,8.201052380084787
2021-09-21 14:00:00,0.0882679800986138,7.759032806366884
2021-09-21 15:00:00,0.1091029273045037,7.701535066919935
2021-09-21 16:00:00,0.1566155605535414,8.067324239102389
2021-09-21 17:00:00,0.1844587879363537,8.959345921839773
2021-09-21 18:00:00,0.2011658623018061,9.68239533624816
2021-09-21 19:00:00,0.2085085837516757,9.187490575338328
2021-09-21 20:00:00,0.2533989208517245,10.946277889402232
2021-09-21 21:00:00,0.2388505588832224,12.754452901204504
2021-09-21 22:00:00,0.17772978300516,13.068006879113105
2021-09-21 23:00:00,0.1745362887368752,16.667004933764552
2021-09-22 00:00:00,0.1676583183130127,15.098051703209396
2021-09-22 01:00:00,0.1573416869975271,16.015797024569437
2021-09-22 02:00:00,0.1806579259892969,14.534801942355744
2021-09-22 03:00:00,0.2048034145419144,12.14471603137118
2021-09-22 04:00:00,0.1880908730359557,5.626491251316678
2021-09-22 05:00:00,0.2680523806446581,7.252365108063822
2021-09-22 06:00:00,0.3279034266781737,11.002956869207956
2021-09-22 07:00:00,0.202823698004076,5.901928001071262
2021-09-22 08:00:00,0.2179917889217789,5.850015177554136
2021-09-22 09:00:00,0.2179358888130181,8.858430849457921
2021-09-22 10:00:00,0.1143674580154631,4.624201262237607
2021-09-22 11:00:00,0.0632069872328055,5.063660364100009
2021-09-22 12:00:00,0.0549962007510708,4.117090464131886
2021-09-22 13:00:00,0.0926366695758252,3.0874632515813456
2021-09-22 14:00:00,0.1396192079362104,3.9091116871967424
2021-09-22 15:00:00,0.165890213767315,4.587139833447862
2021-09-22 16:00:00,0.1768498052190457,4.1159497466425865
2021-09-22 17:00:00,0.1844267855130466,4.2303069454506215
2021-09-22 18:00:00,0.1813473193777179,4.13915236234727
2021-09-22 19:00:00,0.1881697521623314,3.862729926713039
2021-09-22 20:00:00,0.1899867554354105,4.02047641091283
2021-09-22 21:00:00,0.1938511838880062,4.14479075093633
2021-09-22 22:00:00,0.1975785191456089,5.312551739623084
2021-09-22 23:00:00,0.1680196278635437,5.138273845096576
2021-09-23 00:00:00,0.145792619330642,4.848754379837983
2021-09-23 01:00:00,0.1499967535878255,5.06164939214719
2021-09-23 02:00:00,0.154011075737485,6.949337169032853
2021-09-23 03:00:00,0.1561026097300076,9.249388085723986
2021-09-23 04:00:00,0.1782757522607541,5.574183083923787
2021-09-23 05:00:00,0.2484659571607313,5.492450757805918
2021-09-23 06:00:00,0.3499588794131282,7.040976270662966
2021-09-23 07:00:00,0.3762572132683254,6.503184761860555
2021-09-23 08:00:00,0.3250837035884707,8.508013183618651
2021-09-23 09:00:00,0.2407013271566686,10.63600108738236
2021-09-23 10:00:00,0.1530800607523953,10.571656450615928
2021-09-23 11:00:00,0.1646886767201357,10.371661542627804
2021-09-23 12:00:00,0.1416635078352468,9.742073606509416
2021-09-23 13:00:00,0.0874839751970652,6.135945915510844
2021-09-23 14:00:00,0.0959525148451986,5.063698098147812
2021-09-23 15:00:00,0.1452514965535034,5.474454307142498
2021-09-23 16:00:00,0.1754079554377297,6.74368590424142
2021-09-23 17:00:00,0.1893243596421293,6.87111900816344
2021-09-23 18:00:00,0.1733716443840054,5.279213995660511
2021-09-23 19:00:00,0.2155903072885205,6.855995086458126
2021-09-23 20:00:00,0.2394823961415899,8.205460684014573
2021-09-23 21:00:00,0.2761910828136079,9.172716636472448
2021-09-23 22:00:00,0.3136682145152211,10.50348276406254
2021-09-23 23:00:00,0.3090629145126652,7.535508854679683
2021-09-24 00:00:00,0.2676792659403701,6.3472605979559305
2021-09-24 01:00:00,0.2250160813496853,6.5735685723765735
2021-09-24 02:00:00,0.2337663492781856,5.9749665443523625
2021-09-24 03:00:00,0.2859837702998239,6.960949156497903
2021-09-24 04:00:00,0.2998184099137841,6.766130114579164
2021-09-24 05:00:00,0.2027602450189383,7.538434016711867
2021-09-24 06:00:00,0.166941770960476,6.270423249685538
2021-09-24 07:00:00,0.2215066780674036,8.134803227856926
2021-09-24 08:00:00,0.2471960624607785,5.727141270329359
2021-09-24 09:00:00,0.2229867193319668,8.010324609566947
2021-09-24 10:00:00,0.1662829755302464,7.572447654318486
2021-09-24 11:00:00,0.1278474455367571,6.102729797441782
2021-09-24 12:00:00,0.1168893041824753,4.373801201066192
2021-09-24 13:00:00,0.0993302602147545,4.526507057640232
2021-09-24 14:00:00,0.1258052356183379,5.079310205826082
2021-09-24 15:00:00,0.1494758144361569,5.242700447350254
2021-09-24 16:00:00,0.1629635574907185,4.4129239063810655
2021-09-24 17:00:00,0.1747063079893554,4.527395411398658
2021-09-24 18:00:00,0.1705709526515191,4.425070208297829
2021-09-24 19:00:00,0.1698545121706738,5.777757116840286
2021-09-24 20:00:00,0.1718344751498607,7.622807109628685
2021-09-24 21:00:00,0.1765619704602948,9.162996408660865
2021-09-24 22:00:00,0.1793759992606016,8.226949055061263
2021-09-24 23:00:00,0.1657658322120502,7.727314227937228
2021-09-25 00:00:00,0.1547907621360044,6.465383049890757
2021-09-25 01:00:00,0.1321413067408374,3.85080455842524
2021-09-25 02:00:00,0.1274110508916559,4.1297986708737655
2021-09-25 03:00:00,0.1153005022434,3.523101678048337
2021-09-25 04:00:00,0.116331872314709,5.505404182174752
2021-09-25 05:00:00,0.1170038398422443,6.547462141525184
2021-09-25 06:00:00,0.1178555663905891,7.379191786846157
2021-09-25 07:00:00,0.1271131909722749,7.406818382007355
2021-09-25 08:00:00,0.1375305504989061,6.634020535518675
2021-09-25 09:00:00,0.1394269706694463,10.407181343126942
2021-09-25 10:00:00,0.1459987826456861,9.178346052052362
2021-09-25 11:00:00,0.1416275868740742,5.407478116777839
2021-09-25 12:00:00,0.0940174780870233,6.081394383803564
2021-09-25 13:00:00,0.0944142214254914,6.4168628007416215
2021-09-25 14:00:00,0.0942707623109109,5.559149999489954
2021-09-25 15:00:00,0.1099983893658975,2.916888654846232
2021-09-25 16:00:00,0.1211947747231229,4.781362485107668
2021-09-25 17:00:00,0.1209394511615035,6.607545200554728
2021-09-25 18:00:00,0.1265546001772601,8.39935541609705
2021-09-25 19:00:00,0.1383206031988531,10.83420081388987
2021-09-25 20:00:00,0.1461254789350316,10.331927717297107
2021-09-25 21:00:00,0.1236553671279107,10.624890645284916
2021-09-25 22:00:00,0.1239006034757195,10.633777393686843
2021-09-25 23:00:00,0.1246109336756761,8.513143533018209
2021-09-26 00:00:00,0.1179256823740368,7.318778435164163
2021-09-26 01:00:00,0.1113153851390952,4.962066720909973
2021-09-26 02:00:00,0.114048866683237,4.533675812312634
2021-09-26 03:00:00,0.113302872842703,3.903034442596841
2021-09-26 04:00:00,0.107918734419725,4.66079035017504
2021-09-26 05:00:00,0.1105536090912247,5.44889796606633
2021-09-26 06:00:00,0.1154434082834996,6.846110038404557
2021-09-26 07:00:00,0.1239217557339786,6.992440884360263
2021-09-26 08:00:00,0.1243094341079073,5.241482301802062
2021-09-26 09:00:00,0.1217080171018511,6.804822267771469
2021-09-26 10:00:00,0.1158987320647792,5.156727289448304
2021-09-26 11:00:00,0.1080372078160875,4.186675997479081
2021-09-26 12:00:00,0.0970110541878416,4.330510496333144
2021-09-26 13:00:00,0.0712274225334482,3.885978025757852
2021-09-26 14:00:00,0.090247022728166,5.075926433700735
2021-09-26 15:00:00,0.1021425020857201,4.074587046193441
2021-09-26 16:00:00,0.1073099163463497,4.36472341157942
2021-09-26 17:00:00,0.1145878212504285,4.664393955059111
2021-09-26 18:00:00,0.1204497802794957,5.602573197521539
2021-09-26 19:00:00,0.13602675074112,5.48831945400692
2021-09-26 20:00:00,0.1387304487853055,5.41586478536081
2021-09-26 21:00:00,0.1584308925971174,5.7135844215691485
2021-09-26 22:00:00,0.151873756859935,5.94192506688625
2021-09-26 23:00:00,0.1638372291278352,5.231263352145184
2021-09-27 00:00:00,0.1328425187280393,2.3478873190199376
2021-09-27 01:00:00,0.14943605687629,1.986286903885218
2021-09-27 02:00:00,0.1357691365836488,1.5025472562816802
2021-09-27 03:00:00,0.1084175896585315,1.4005205426340606
2021-09-27 04:00:00,0.1185674923654489,1.5544490009959668
2021-09-27 05:00:00,0.1174301105247712,1.4405228579687088
2021-09-27 06:00:00,0.1233455347075508,1.843921756995372
2021-09-27 07:00:00,0.1430328782518071,1.7897163062424537
2021-09-27 08:00:00,0.138750274963478,1.899269226557793
2021-09-27 09:00:00,0.1149790713338034,1.794295966635231
2021-09-27 10:00:00,0.1062243841658146,3.765972231092532
2021-09-27 11:00:00,0.1167884344205854,4.266884119086535
2021-09-27 12:00:00,0.0954780386767881,1.918607605897555
2021-09-27 13:00:00,0.076777869063805,1.75912431181163
2021-09-27 14:00:00,0.0601562721826144,1.606058903040282
2021-09-27 15:00:00,0.0862003053165413,2.12511036671489
2021-09-27 16:00:00,0.1006615000838291,2.607445913299747
2021-09-27 17:00:00,0.1182163409181593,1.6296873335077402
2021-09-27 18:00:00,0.1410123960601994,1.538734980021313
2021-09-27 19:00:00,0.139793535090235,1.225836473791987
2021-09-27 20:00:00,0.1304286347542801,1.7227950963494636
2021-09-27 21:00:00,0.1247927067516349,4.626256294053921
2021-09-27 22:00:00,0.1196292586356844,4.719805230247984
2021-09-27 23:00:00,0.118624424826576,4.948938641208524
2021-09-28 00:00:00,0.1309441643777512,4.882325809412844
2021-09-28 01:00:00,0.129469267869202,5.3463454572565485
2021-09-28 02:00:00,0.1333057342730858,5.1891775518223255
2021-09-28 03:00:00,0.1523001869155029,4.693520571770844
2021-09-28 04:00:00,0.1482500661164963,4.911533239864797
2021-09-28 05:00:00,0.1522625468369085,4.367280877810631
2021-09-28 06:00:00,0.1549184860355905,5.401402969388018
2021-09-28 07:00:00,0.2137290054903814,5.433133821925769
2021-09-28 08:00:00,0.232123202293485,4.48557380455869
2021-09-28 09:00:00,0.1331490824671091,4.5432640709438585
2021-09-28 10:00:00,0.1122496566090723,3.7478753734330046
2021-09-28 11:00:00,0.1042026009200588,3.553141433422858
2021-09-28 12:00:00,0.0955429573405564,3.5111182578024733
2021-09-28 13:00:00,0.0874980386820428,3.419556524899228
2021-09-28 14:00:00,0.1018569379706903,4.232885016324566
2021-09-28 15:00:00,0.1223382929272236,7.325990634483208
2021-09-28 16:00:00,0.1336752721261808,10.411506634599938
2021-09-28 17:00:00,0.1464973684250964,10.935062912840072
2021-09-28 18:00:00,0.1653124232605878,11.58954301410695
2021-09-28 19:00:00,0.2022419902164576,13.599712422889285
2021-09-28 20:00:00,0.1878531482674192,8.448821500822191
2021-09-28 21:00:00,0.1912865321155346,13.894752504602966
2021-09-28 22:00:00,0.2333084179105924,8.207051381896779
2021-09-28 23:00:00,0.221713100009154,9.34840471159438
2021-09-29 00:00:00,0.1969971486840786,10.5023008305091
2021-09-29 01:00:00,0.1921165452934588,11.369723841759187
2021-09-29 02:00:00,0.1695336065731529,14.06800003608191
2021-09-29 03:00:00,0.1585344837574131,16.27305145985937
2021-09-29 04:00:00,0.1526338986242809,16.718919012452616
2021-09-29 05:00:00,0.1842933713755946,17.19288584172684
2021-09-29 06:00:00,0.2187899902991232,15.832472424554044
2021-09-29 07:00:00,0.2925502230474459,14.37967401375078
2021-09-29 08:00:00,0.2517202112479489,12.139870722948851
2021-09-29 09:00:00,0.132019895772423,13.126390852200029
2021-09-29 10:00:00,0.1303556937615385,14.20648296919942
2021-09-29 11:00:00,0.1345802411574511,12.974157871222856
2021-09-29 12:00:00,0.1365371150538091,14.015618008615837
2021-09-29 13:00:00,0.0885047368129483,10.732702943837786
2021-09-29 14:00:00,0.1061255192498656,10.252733443173714
2021-09-29 15:00:00,0.109302160471198,8.522838898306874
2021-09-29 16:00:00,0.1293737332778005,9.209330340460571
2021-09-29 17:00:00,0.1434531590098179,8.80077449740107
2021-09-29 18:00:00,0.1676367766589466,7.690718870370725
2021-09-29 19:00:00,0.2488944364594982,7.158273305502948
2021-09-29 20:00:00,0.2959713331152332,9.774505408877284
2021-09-29 21:00:00,0.2710920676732126,10.435229798916044
2021-09-29 22:00:00,0.268472890348181,8.853113418621414
2021-09-29 23:00:00,0.2262673906879266,9.02399850889996
2021-09-30 00:00:00,0.2224796487098568,10.322048281790092
2021-09-30 01:00:00,0.1934819571404428,12.244460505461303
2021-09-30 02:00:00,0.1885118130768906,9.006519780013196
2021-09-30 03:00:00,0.2040659740640374,11.09612379743178
2021-09-30 04:00:00,0.1794919276926598,10.745118883677035
2021-09-30 05:00:00,0.2146528689313084,11.273618778521808
2021-09-30 06:00:00,0.2528549360156862,5.9284754973342455
2021-09-30 07:00:00,0.2844761486212286,7.812117470646152
2021-09-30 08:00:00,0.2924920560786123,9.787590952171556
2021-09-30 09:00:00,0.1620307563686593,8.436467106048582
2021-09-30 10:00:00,0.1372268531408509,10.658526316283316
2021-09-30 11:00:00,0.1436505465413461,8.6327273725333
2021-09-30 12:00:00,0.1192564091317729,6.409069611341536
2021-09-30 13:00:00,0.0698504364641913,4.770235179577808
2021-09-30 14:00:00,0.0757254118663391,3.761764414217416
2021-09-30 15:00:00,0.1084328371569298,5.641624158799816
2021-09-30 16:00:00,0.1393450565819802,6.568787208067327
2021-09-30 17:00:00,0.1431001328496069,4.072219552679759
2021-09-30 18:00:00,0.1753757516803265,3.7705222395773705
2021-09-30 19:00:00,0.2196679492250319,4.767882243733895
2021-09-30 20:00:00,0.3104988938523593,5.541894448156457
2021-09-30 21:00:00,0.3690098611556871,4.542949914950885
2021-09-30 22:00:00,0.3258790042751455,3.99456618729569
2021-09-30 23:00:00,0.3074578261901338,4.927761374904738
2021-10-01 00:00:00,0.2334133749272234,3.8620659714868006
