local_timestamp,epoch,datetime,node_file_id,pm2_5,node_id
2021-08-01 12:00:00,1627844400.0,2021-08-01 19:00:00,2155678,1.89882,31
2021-08-01 13:00:00,1627848000.0,2021-08-01 20:00:00,2155715,1.57583,31
2021-08-01 14:00:00,1627851600.0,2021-08-01 21:00:00,2155750,2.00943,31
2021-08-01 15:00:00,1627855200.0,2021-08-01 22:00:00,2155827,1.52706,31
2021-08-01 16:00:00,1627858800.0,2021-08-01 23:00:00,2155877,1.22749,31
2021-08-01 17:00:00,1627862400.0,2021-08-02 00:00:00,2155913,0.95519,31
2021-08-01 18:00:00,1627866000.0,2021-08-02 01:00:00,2155979,0.85986,31
2021-08-01 19:00:00,1627869600.0,2021-08-02 02:00:00,2156010,0.80851,31
2021-08-01 20:00:00,1627873200.0,2021-08-02 03:00:00,2156085,0.93381,31
2021-08-01 21:00:00,1627876800.0,2021-08-02 04:00:00,2156117,1.24823,31
2021-08-01 22:00:00,1627880400.0,2021-08-02 05:00:00,2156178,1.54695,31
2021-08-01 23:00:00,1627884000.0,2021-08-02 06:00:00,2156238,1.73647,31
2021-08-02 00:00:00,1627887600.0,2021-08-02 07:00:00,2156269,2.10588,31
2021-08-02 01:00:00,1627891200.0,2021-08-02 08:00:00,2156315,2.09434,31
2021-08-02 02:00:00,1627894800.0,2021-08-02 09:00:00,2156368,2.19811,31
2021-08-02 03:00:00,1627898400.0,2021-08-02 10:00:00,2156428,2.54953,31
2021-08-02 04:00:00,1627902000.0,2021-08-02 11:00:00,2156466,2.93381,31
2021-08-02 05:00:00,1627905600.0,2021-08-02 12:00:00,2156533,2.33097,31
2021-08-02 06:00:00,1627909200.0,2021-08-02 13:00:00,2156581,2.40566,31
2021-08-02 07:00:00,1627912800.0,2021-08-02 14:00:00,2156620,1.92925,31
2021-08-02 08:00:00,1627916400.0,2021-08-02 15:00:00,2156683,1.26588,31
2021-08-02 09:00:00,1627920000.0,2021-08-02 16:00:00,2156748,1.21564,31
2021-08-02 10:00:00,1627923600.0,2021-08-02 17:00:00,2156764,1.74292,31
2021-08-02 11:00:00,1627927200.0,2021-08-02 18:00:00,2156802,1.78302,31
2021-08-02 12:00:00,1627930800.0,2021-08-02 19:00:00,2156861,1.64858,31
2021-08-02 13:00:00,1627934400.0,2021-08-02 20:00:00,2156926,1.24292,31
2021-08-02 14:00:00,1627938000.0,2021-08-02 21:00:00,2156965,1.20283,31
2021-08-02 15:00:00,1627941600.0,2021-08-02 22:00:00,2157017,1.04481,31
2021-08-02 16:00:00,1627945200.0,2021-08-02 23:00:00,2157093,1.32783,31
2021-08-02 17:00:00,1627948800.0,2021-08-03 00:00:00,2157113,0.93647,31
2021-08-02 18:00:00,1627952400.0,2021-08-03 01:00:00,2157263,0.69412,31
2021-08-02 19:00:00,1627956000.0,2021-08-03 02:00:00,2157303,1.17217,31
2021-08-02 20:00:00,1627959600.0,2021-08-03 03:00:00,2157355,1.24,31
2021-08-02 21:00:00,1627963200.0,2021-08-03 04:00:00,2157388,2.04728,31
2021-08-02 22:00:00,1627966800.0,2021-08-03 05:00:00,2157504,2.87765,31
2021-08-02 23:00:00,1627970400.0,2021-08-03 06:00:00,2157513,3.04009,31
2021-08-03 00:00:00,1627974000.0,2021-08-03 07:00:00,2157581,3.53191,31
2021-08-03 01:00:00,1627977600.0,2021-08-03 08:00:00,2157626,3.33647,31
2021-08-03 02:00:00,1627981200.0,2021-08-03 09:00:00,2157663,3.85647,31
2021-08-03 03:00:00,1627984800.0,2021-08-03 10:00:00,2157731,4.03529,31
2021-08-03 04:00:00,1627988400.0,2021-08-03 11:00:00,2157760,4.78251,31
2021-08-03 05:00:00,1627992000.0,2021-08-03 12:00:00,2157841,5.09176,31
2021-08-03 06:00:00,1627995600.0,2021-08-03 13:00:00,2157858,5.87324,31
2021-08-03 07:00:00,1627999200.0,2021-08-03 14:00:00,2157930,5.10353,31
2021-08-03 08:00:00,1628002800.0,2021-08-03 15:00:00,2157986,4.20804,31
2021-08-03 09:00:00,1628006400.0,2021-08-03 16:00:00,2158009,2.66983,31
2021-08-03 10:00:00,1628010000.0,2021-08-03 17:00:00,2158093,2.2217,31
2021-08-03 11:00:00,1628013600.0,2021-08-03 18:00:00,2158146,2.7234,31
2021-08-03 12:00:00,1628017200.0,2021-08-03 19:00:00,2158180,4.21986,31
2021-08-03 13:00:00,1628020800.0,2021-08-03 20:00:00,2158250,1.74292,31
2021-08-03 14:00:00,1628024400.0,2021-08-03 21:00:00,2158277,1.94326,31
2021-08-03 15:00:00,1628028000.0,2021-08-03 22:00:00,2158334,2.76596,31
2021-08-03 16:00:00,1628031600.0,2021-08-03 23:00:00,2158399,2.25236,31
2021-08-03 17:00:00,1628035200.0,2021-08-04 00:00:00,2158475,2.96706,31
2021-08-03 18:00:00,1628038800.0,2021-08-04 01:00:00,2158536,3.32388,31
2021-08-03 19:00:00,1628042400.0,2021-08-04 02:00:00,2158573,3.13002,31
2021-08-03 20:00:00,1628046000.0,2021-08-04 03:00:00,2158607,4.891,31
2021-08-03 21:00:00,1628049600.0,2021-08-04 04:00:00,2158659,7.02864,31
2021-08-03 22:00:00,1628053200.0,2021-08-04 05:00:00,2158736,8.86761,31
2021-08-03 23:00:00,1628056800.0,2021-08-04 06:00:00,2158787,4.90802,31
2021-08-04 00:00:00,1628060400.0,2021-08-04 07:00:00,2158839,4.77778,31
2021-08-04 01:00:00,1628064000.0,2021-08-04 08:00:00,2158892,4.43128,31
2021-08-04 02:00:00,1628067600.0,2021-08-04 09:00:00,2158951,4.14623,31
2021-08-04 03:00:00,1628071200.0,2021-08-04 10:00:00,2158996,3.92199,31
2021-08-04 04:00:00,1628074800.0,2021-08-04 11:00:00,2159046,3.12972,31
2021-08-04 05:00:00,1628078400.0,2021-08-04 12:00:00,2159094,2.27187,31
2021-08-04 06:00:00,1628082000.0,2021-08-04 13:00:00,2159125,2.51765,31
2021-08-04 07:00:00,1628085600.0,2021-08-04 14:00:00,2159179,2.09176,31
2021-08-04 08:00:00,1628089200.0,2021-08-04 15:00:00,2159223,1.82979,31
2021-08-04 09:00:00,1628092800.0,2021-08-04 16:00:00,2159312,1.94524,31
2021-08-04 10:00:00,1628096400.0,2021-08-04 17:00:00,2159365,1.73286,31
2021-08-04 11:00:00,1628100000.0,2021-08-04 18:00:00,2159412,1.68706,31
2021-08-04 12:00:00,1628103600.0,2021-08-04 19:00:00,2159445,1.37882,31
2021-08-04 13:00:00,1628107200.0,2021-08-04 20:00:00,2159496,1.24048,31
2021-08-04 14:00:00,1628110800.0,2021-08-04 21:00:00,2159547,0.97163,31
2021-08-04 15:00:00,1628114400.0,2021-08-04 22:00:00,2159592,0.83215,31
2021-08-04 16:00:00,1628118000.0,2021-08-04 23:00:00,2159659,1.1019,31
2021-08-04 17:00:00,1628121600.0,2021-08-05 00:00:00,2159705,1.52133,31
2021-08-04 18:00:00,1628125200.0,2021-08-05 01:00:00,2159757,0.67139,31
2021-08-04 19:00:00,1628128800.0,2021-08-05 02:00:00,2159779,0.35377,31
2021-08-04 20:00:00,1628132400.0,2021-08-05 03:00:00,2159865,0.58156,31
2021-08-04 21:00:00,1628136000.0,2021-08-05 04:00:00,2159916,0.25176,31
2021-08-04 22:00:00,1628139600.0,2021-08-05 05:00:00,2159936,0.21412,31
2021-08-04 23:00:00,1628143200.0,2021-08-05 06:00:00,2160014,0.12796,31
2021-08-05 00:00:00,1628146800.0,2021-08-05 07:00:00,2160045,0.44235,31
2021-08-05 01:00:00,1628150400.0,2021-08-05 08:00:00,2160083,0.25708,31
2021-08-05 02:00:00,1628154000.0,2021-08-05 09:00:00,2160138,0.32864,31
2021-08-05 03:00:00,1628157600.0,2021-08-05 10:00:00,2160215,0.31368,31
2021-08-05 04:00:00,1628161200.0,2021-08-05 11:00:00,2160243,0.0,31
2021-08-05 05:00:00,1628164800.0,2021-08-05 12:00:00,2160319,0.0,31
2021-08-05 06:00:00,1628168400.0,2021-08-05 13:00:00,2160338,0.02118,31
2021-08-05 07:00:00,1628172000.0,2021-08-05 14:00:00,2160381,0.0,31
2021-08-05 08:00:00,1628175600.0,2021-08-05 15:00:00,2160453,0.30332,31
2021-08-05 09:00:00,1628179200.0,2021-08-05 16:00:00,2160479,0.07601,31
2021-08-05 10:00:00,1628182800.0,2021-08-05 17:00:00,2160585,0.82118,31
2021-08-05 11:00:00,1628186400.0,2021-08-05 18:00:00,2160618,0.28369,31
2021-08-05 12:00:00,1628190000.0,2021-08-05 19:00:00,2160681,1.09693,31
2021-08-05 13:00:00,1628193600.0,2021-08-05 20:00:00,2160727,2.01655,31
2021-08-05 14:00:00,1628197200.0,2021-08-05 21:00:00,2160760,2.28169,31
2021-08-05 15:00:00,1628200800.0,2021-08-05 22:00:00,2160847,1.52844,31
2021-08-05 16:00:00,1628204400.0,2021-08-05 23:00:00,2160888,0.78824,31
2021-08-05 17:00:00,1628208000.0,2021-08-06 00:00:00,2160941,2.01176,31
2021-08-05 18:00:00,1628211600.0,2021-08-06 01:00:00,2160993,2.61321,31
2021-08-05 19:00:00,1628215200.0,2021-08-06 02:00:00,2161042,3.65166,31
2021-08-05 20:00:00,1628218800.0,2021-08-06 03:00:00,2161097,3.74292,31
2021-08-05 21:00:00,1628222400.0,2021-08-06 04:00:00,2161149,4.03081,31
2021-08-05 22:00:00,1628226000.0,2021-08-06 05:00:00,2161196,4.06368,31
2021-08-05 23:00:00,1628229600.0,2021-08-06 06:00:00,2161250,2.6872,31
2021-08-06 00:00:00,1628233200.0,2021-08-06 07:00:00,2161286,3.44104,31
2021-08-06 01:00:00,1628236800.0,2021-08-06 08:00:00,2161333,2.32547,31
2021-08-06 02:00:00,1628240400.0,2021-08-06 09:00:00,2161410,4.99763,31
2021-08-06 03:00:00,1628244000.0,2021-08-06 10:00:00,2161476,3.66194,31
2021-08-06 04:00:00,1628247600.0,2021-08-06 11:00:00,2161531,3.76123,31
2021-08-06 05:00:00,1628251200.0,2021-08-06 12:00:00,2161581,4.05938,31
2021-08-06 06:00:00,1628254800.0,2021-08-06 13:00:00,2161602,4.51415,31
2021-08-06 07:00:00,1628258400.0,2021-08-06 14:00:00,2161652,4.60427,31
2021-08-06 08:00:00,1628262000.0,2021-08-06 15:00:00,2161725,4.43839,31
2021-08-06 09:00:00,1628265600.0,2021-08-06 16:00:00,2161763,5.37232,31
2021-08-06 10:00:00,1628269200.0,2021-08-06 17:00:00,2161803,6.08057,31
2021-08-06 11:00:00,1628272800.0,2021-08-06 18:00:00,2161866,6.99529,31
2021-08-06 12:00:00,1628276400.0,2021-08-06 19:00:00,2161907,7.76359,31
2021-08-06 13:00:00,1628280000.0,2021-08-06 20:00:00,2161972,6.59059,31
2021-08-06 14:00:00,1628283600.0,2021-08-06 21:00:00,2162042,9.2381,31
2021-08-06 15:00:00,1628287200.0,2021-08-06 22:00:00,2162108,5.81132,31
2021-08-06 16:00:00,1628290800.0,2021-08-06 23:00:00,2162158,4.64789,31
2021-08-06 17:00:00,1628294400.0,2021-08-07 00:00:00,2162260,2.18246,31
2021-08-06 18:00:00,1628298000.0,2021-08-07 01:00:00,2162261,1.18588,31
2021-08-06 19:00:00,1628301600.0,2021-08-07 02:00:00,2162290,1.15023,31
2021-08-06 20:00:00,1628305200.0,2021-08-07 03:00:00,2162354,1.78251,31
2021-08-06 21:00:00,1628308800.0,2021-08-07 04:00:00,2162408,1.10588,31
2021-08-06 22:00:00,1628312400.0,2021-08-07 05:00:00,2162482,0.97636,31
2021-08-06 23:00:00,1628316000.0,2021-08-07 06:00:00,2162517,0.77176,31
2021-08-07 00:00:00,1628319600.0,2021-08-07 07:00:00,2162547,0.80047,31
2021-08-07 01:00:00,1628323200.0,2021-08-07 08:00:00,2162617,1.48471,31
2021-08-07 02:00:00,1628326800.0,2021-08-07 09:00:00,2162681,0.73759,31
2021-08-07 03:00:00,1628330400.0,2021-08-07 10:00:00,2162735,0.17925,31
2021-08-07 04:00:00,1628334000.0,2021-08-07 11:00:00,2162805,0.55294,31
2021-08-07 05:00:00,1628337600.0,2021-08-07 12:00:00,2162825,2.80378,31
2021-08-07 06:00:00,1628341200.0,2021-08-07 13:00:00,2162892,3.08962,31
2021-08-07 07:00:00,1628344800.0,2021-08-07 14:00:00,2162931,4.04009,31
2021-08-07 08:00:00,1628348400.0,2021-08-07 15:00:00,2162996,4.5684,31
2021-08-07 09:00:00,1628352000.0,2021-08-07 16:00:00,2163029,6.51551,31
2021-08-07 10:00:00,1628355600.0,2021-08-07 17:00:00,2163109,6.25472,31
2021-08-07 11:00:00,1628359200.0,2021-08-07 18:00:00,2163135,5.13349,31
2021-08-07 12:00:00,1628362800.0,2021-08-07 19:00:00,2163206,2.88626,31
2021-08-07 13:00:00,1628366400.0,2021-08-07 20:00:00,2163247,2.13882,31
2021-08-07 14:00:00,1628370000.0,2021-08-07 21:00:00,2163960,1.67925,31
2021-08-07 15:00:00,1628373600.0,2021-08-07 22:00:00,2163961,1.51537,31
2021-08-07 16:00:00,1628377200.0,2021-08-07 23:00:00,2163962,1.50355,31
2021-08-07 17:00:00,1628380800.0,2021-08-08 00:00:00,2163963,1.50827,31
2021-08-07 18:00:00,1628384400.0,2021-08-08 01:00:00,2163964,1.28235,31
2021-08-07 19:00:00,1628388000.0,2021-08-08 02:00:00,2163965,1.72038,31
2021-08-07 20:00:00,1628391600.0,2021-08-08 03:00:00,2163966,2.38588,31
2021-08-07 21:00:00,1628395200.0,2021-08-08 04:00:00,2163967,2.74413,31
2021-08-07 22:00:00,1628398800.0,2021-08-08 05:00:00,2163968,3.26353,31
2021-08-07 23:00:00,1628402400.0,2021-08-08 06:00:00,2163969,5.17689,31
2021-08-08 00:00:00,1628406000.0,2021-08-08 07:00:00,2163970,2.6934,31
2021-08-08 01:00:00,1628409600.0,2021-08-08 08:00:00,2163971,7.1639,31
2021-08-08 02:00:00,1628413200.0,2021-08-08 09:00:00,2163972,4.63208,31
2021-08-08 03:00:00,1628416800.0,2021-08-08 10:00:00,2164008,7.59906,31
2021-08-08 04:00:00,1628420400.0,2021-08-08 11:00:00,2164028,7.97163,31
2021-08-08 05:00:00,1628424000.0,2021-08-08 12:00:00,2164107,7.34198,31
2021-08-08 06:00:00,1628427600.0,2021-08-08 13:00:00,2164130,4.73349,31
2021-08-08 07:00:00,1628431200.0,2021-08-08 14:00:00,2164221,4.09456,31
2021-08-08 08:00:00,1628434800.0,2021-08-08 15:00:00,2164249,4.60563,31
2021-08-08 09:00:00,1628438400.0,2021-08-08 16:00:00,2164288,5.02143,31
2021-08-08 10:00:00,1628442000.0,2021-08-08 17:00:00,2164363,4.33967,31
2021-08-08 11:00:00,1628445600.0,2021-08-08 18:00:00,2164415,3.77541,31
2021-08-08 12:00:00,1628449200.0,2021-08-08 19:00:00,2164455,3.52113,31
2021-08-08 13:00:00,1628452800.0,2021-08-08 20:00:00,2164503,3.19718,31
2021-08-08 14:00:00,1628456400.0,2021-08-08 21:00:00,2164563,1.72813,31
2021-08-08 15:00:00,1628460000.0,2021-08-08 22:00:00,2164643,1.78066,31
2021-08-08 16:00:00,1628463600.0,2021-08-08 23:00:00,2164668,1.89598,31
2021-08-08 17:00:00,1628467200.0,2021-08-09 00:00:00,2164702,1.56706,31
2021-08-08 18:00:00,1628470800.0,2021-08-09 01:00:00,2164769,1.45024,31
2021-08-08 19:00:00,1628474400.0,2021-08-09 02:00:00,2164818,1.26714,31
2021-08-08 20:00:00,1628478000.0,2021-08-09 03:00:00,2164874,3.21462,31
2021-08-08 21:00:00,1628481600.0,2021-08-09 04:00:00,2164952,4.87707,31
2021-08-08 22:00:00,1628485200.0,2021-08-09 05:00:00,2164986,7.14387,31
2021-08-08 23:00:00,1628488800.0,2021-08-09 06:00:00,2165042,7.47045,31
2021-08-09 00:00:00,1628492400.0,2021-08-09 07:00:00,2165683,7.60143,31
2021-08-09 01:00:00,1628496000.0,2021-08-09 08:00:00,2165684,7.47268,31
2021-08-09 02:00:00,1628499600.0,2021-08-09 09:00:00,2165685,8.26316,31
2021-08-09 03:00:00,1628503200.0,2021-08-09 10:00:00,2165686,8.13571,31
2021-08-09 04:00:00,1628506800.0,2021-08-09 11:00:00,2165687,7.35782,31
2021-08-09 05:00:00,1628510400.0,2021-08-09 12:00:00,2165688,6.89362,31
2021-08-09 06:00:00,1628514000.0,2021-08-09 13:00:00,2165689,8.2654,31
2021-08-09 07:00:00,1628517600.0,2021-08-09 14:00:00,2165690,8.32701,31
2021-08-09 08:00:00,1628521200.0,2021-08-09 15:00:00,2165691,7.66667,31
2021-08-09 09:00:00,1628524800.0,2021-08-09 16:00:00,2165692,6.31981,31
2021-08-09 10:00:00,1628528400.0,2021-08-09 17:00:00,2165693,4.48113,31
2021-08-09 11:00:00,1628532000.0,2021-08-09 18:00:00,2165694,3.76235,31
2021-08-09 12:00:00,1628535600.0,2021-08-09 19:00:00,2165956,3.39336,31
2021-08-09 13:00:00,1628539200.0,2021-08-09 20:00:00,2165957,3.41176,31
2021-08-09 14:00:00,1628542800.0,2021-08-09 21:00:00,2165958,4.12471,31
2021-08-09 15:00:00,1628546400.0,2021-08-09 22:00:00,2165959,4.60235,31
2021-08-09 16:00:00,1628550000.0,2021-08-09 23:00:00,2165960,4.51887,31
2021-08-09 17:00:00,1628553600.0,2021-08-10 00:00:00,2165989,4.25,31
2021-08-09 18:00:00,1628557200.0,2021-08-10 01:00:00,2166043,4.97406,31
2021-08-09 19:00:00,1628560800.0,2021-08-10 02:00:00,2166094,5.21986,31
2021-08-09 20:00:00,1628564400.0,2021-08-10 03:00:00,2166136,5.77541,31
2021-08-09 21:00:00,1628568000.0,2021-08-10 04:00:00,2166197,7.02138,31
2021-08-09 22:00:00,1628571600.0,2021-08-10 05:00:00,2166269,6.46081,31
2021-08-09 23:00:00,1628575200.0,2021-08-10 06:00:00,2166295,6.56265,31
2021-08-10 00:00:00,1628578800.0,2021-08-10 07:00:00,2166360,6.55582,31
2021-08-10 01:00:00,1628582400.0,2021-08-10 08:00:00,2166424,6.40476,31
2021-08-10 02:00:00,1628586000.0,2021-08-10 09:00:00,2166475,6.46556,31
2021-08-10 03:00:00,1628589600.0,2021-08-10 10:00:00,2166505,7.04717,31
2021-08-10 04:00:00,1628593200.0,2021-08-10 11:00:00,2166563,6.25891,31
2021-08-10 05:00:00,1628596800.0,2021-08-10 12:00:00,2166742,6.37292,31
2021-08-10 06:00:00,1628600400.0,2021-08-10 13:00:00,2166743,5.54717,31
2021-08-10 07:00:00,1628604000.0,2021-08-10 14:00:00,2166744,5.49763,31
2021-08-10 08:00:00,1628607600.0,2021-08-10 15:00:00,2166774,5.75708,31
2021-08-10 09:00:00,1628611200.0,2021-08-10 16:00:00,2166816,5.95433,31
2021-08-10 10:00:00,1628614800.0,2021-08-10 17:00:00,2166863,6.4717,31
2021-08-10 11:00:00,1628618400.0,2021-08-10 18:00:00,2166925,6.43499,31
2021-08-10 12:00:00,1628622000.0,2021-08-10 19:00:00,2169320,5.2783,31
2021-08-10 13:00:00,1628625600.0,2021-08-10 20:00:00,2169321,5.54953,31
2021-08-10 14:00:00,1628629200.0,2021-08-10 21:00:00,2169322,4.48009,31
2021-08-10 15:00:00,1628632800.0,2021-08-10 22:00:00,2169323,4.18676,31
2021-08-10 16:00:00,1628636400.0,2021-08-10 23:00:00,2169324,3.99765,31
2021-08-10 17:00:00,1628640000.0,2021-08-11 00:00:00,2169325,4.95981,31
2021-08-10 18:00:00,1628643600.0,2021-08-11 01:00:00,2169326,6.68,31
2021-08-10 19:00:00,1628647200.0,2021-08-11 02:00:00,2169327,7.37825,31
2021-08-10 20:00:00,1628650800.0,2021-08-11 03:00:00,2169328,9.7601,31
2021-08-10 21:00:00,1628654400.0,2021-08-11 04:00:00,2169329,10.08551,31
2021-08-10 22:00:00,1628658000.0,2021-08-11 05:00:00,2169330,10.43437,31
2021-08-10 23:00:00,1628661600.0,2021-08-11 06:00:00,2169331,9.47857,31
2021-08-11 00:00:00,1628665200.0,2021-08-11 07:00:00,2169332,9.44418,31
2021-08-11 01:00:00,1628668800.0,2021-08-11 08:00:00,2169333,9.16627,31
2021-08-11 02:00:00,1628672400.0,2021-08-11 09:00:00,2169334,8.6381,31
2021-08-11 03:00:00,1628676000.0,2021-08-11 10:00:00,2169335,9.14489,31
2021-08-11 04:00:00,1628679600.0,2021-08-11 11:00:00,2169336,9.22565,31
2021-08-11 05:00:00,1628683200.0,2021-08-11 12:00:00,2169337,10.48333,31
2021-08-11 06:00:00,1628686800.0,2021-08-11 13:00:00,2169338,11.01663,31
2021-08-11 07:00:00,1628690400.0,2021-08-11 14:00:00,2169339,9.72381,31
2021-08-11 08:00:00,1628694000.0,2021-08-11 15:00:00,2169340,11.58711,31
2021-08-11 09:00:00,1628697600.0,2021-08-11 16:00:00,2169341,9.65632,31
2021-08-11 10:00:00,1628701200.0,2021-08-11 17:00:00,2169342,7.61229,31
2021-08-11 11:00:00,1628704800.0,2021-08-11 18:00:00,2169343,6.08491,31
2021-08-11 12:00:00,1628708400.0,2021-08-11 19:00:00,2169344,6.0,31
2021-08-11 13:00:00,1628712000.0,2021-08-11 20:00:00,2169345,6.65493,31
2021-08-11 14:00:00,1628715600.0,2021-08-11 21:00:00,2169346,6.14353,31
2021-08-11 15:00:00,1628719200.0,2021-08-11 22:00:00,2169347,6.66194,31
2021-08-11 16:00:00,1628722800.0,2021-08-11 23:00:00,2169348,5.97136,31
2021-08-11 17:00:00,1628726400.0,2021-08-12 00:00:00,2169349,7.63679,31
2021-08-11 18:00:00,1628730000.0,2021-08-12 01:00:00,2169350,8.34279,31
2021-08-11 19:00:00,1628733600.0,2021-08-12 02:00:00,2169351,7.79097,31
2021-08-11 20:00:00,1628737200.0,2021-08-12 03:00:00,2169352,8.33492,31
2021-08-11 21:00:00,1628740800.0,2021-08-12 04:00:00,2169353,9.42043,31
2021-08-11 22:00:00,1628744400.0,2021-08-12 05:00:00,2169354,9.04502,31
2021-08-11 23:00:00,1628748000.0,2021-08-12 06:00:00,2169355,8.79572,31
2021-08-12 00:00:00,1628751600.0,2021-08-12 07:00:00,2169356,8.44208,31
2021-08-12 01:00:00,1628755200.0,2021-08-12 08:00:00,2169357,9.19048,31
2021-08-12 02:00:00,1628758800.0,2021-08-12 09:00:00,2169358,11.13507,31
2021-08-12 03:00:00,1628762400.0,2021-08-12 10:00:00,2169359,11.86905,31
2021-08-12 04:00:00,1628766000.0,2021-08-12 11:00:00,2169360,11.12381,31
2021-08-12 05:00:00,1628769600.0,2021-08-12 12:00:00,2169361,11.33649,31
2021-08-12 06:00:00,1628773200.0,2021-08-12 13:00:00,2169362,12.03791,31
2021-08-12 07:00:00,1628776800.0,2021-08-12 14:00:00,2169363,12.68496,31
2021-08-12 08:00:00,1628780400.0,2021-08-12 15:00:00,2169364,8.99052,31
2021-08-12 09:00:00,1628784000.0,2021-08-12 16:00:00,2169365,6.17143,31
2021-08-12 10:00:00,1628787600.0,2021-08-12 17:00:00,2169405,5.35461,31
2021-08-12 11:00:00,1628791200.0,2021-08-12 18:00:00,2169641,4.69176,31
2021-08-12 12:00:00,1628794800.0,2021-08-12 19:00:00,2169642,5.47406,31
2021-08-12 13:00:00,1628798400.0,2021-08-12 20:00:00,2169643,9.98812,31
2021-08-12 14:00:00,1628802000.0,2021-08-12 21:00:00,2169644,8.09242,31
2021-08-12 15:00:00,1628805600.0,2021-08-12 22:00:00,2169815,8.29929,31
2021-08-12 16:00:00,1628809200.0,2021-08-12 23:00:00,2169816,8.54028,31
2021-08-12 17:00:00,1628812800.0,2021-08-13 00:00:00,2169817,8.41706,31
2021-08-12 18:00:00,1628816400.0,2021-08-13 01:00:00,2169869,7.02844,31
2021-08-12 19:00:00,1628820000.0,2021-08-13 02:00:00,2169890,8.09716,31
2021-08-12 20:00:00,1628823600.0,2021-08-13 03:00:00,2169941,8.48578,31
2021-08-12 21:00:00,1628827200.0,2021-08-13 04:00:00,2170009,8.10689,31
2021-08-12 22:00:00,1628830800.0,2021-08-13 05:00:00,2170059,10.59762,31
2021-08-12 23:00:00,1628834400.0,2021-08-13 06:00:00,2170097,9.66983,31
2021-08-13 00:00:00,1628838000.0,2021-08-13 07:00:00,2170163,8.88599,31
2021-08-13 01:00:00,1628841600.0,2021-08-13 08:00:00,2170227,8.89549,31
2021-08-13 02:00:00,1628845200.0,2021-08-13 09:00:00,2170278,9.47031,31
2021-08-13 03:00:00,1628848800.0,2021-08-13 10:00:00,2170333,9.79952,31
2021-08-13 04:00:00,1628852400.0,2021-08-13 11:00:00,2170401,11.33095,31
2021-08-13 05:00:00,1628856000.0,2021-08-13 12:00:00,2170440,7.03546,31
2021-08-13 06:00:00,1628859600.0,2021-08-13 13:00:00,2170491,5.76066,31
2021-08-13 07:00:00,1628863200.0,2021-08-13 14:00:00,2170546,5.6533,31
2021-08-13 08:00:00,1628866800.0,2021-08-13 15:00:00,2170613,3.64,31
2021-08-13 09:00:00,1628870400.0,2021-08-13 16:00:00,2171150,2.92654,31
2021-08-13 10:00:00,1628874000.0,2021-08-13 17:00:00,2171151,2.97163,31
2021-08-13 11:00:00,1628877600.0,2021-08-13 18:00:00,2171152,3.12766,31
2021-08-13 12:00:00,1628881200.0,2021-08-13 19:00:00,2171153,3.10875,31
2021-08-13 13:00:00,1628884800.0,2021-08-13 20:00:00,2171154,2.88889,31
2021-08-13 14:00:00,1628888400.0,2021-08-13 21:00:00,2171155,2.23474,31
2021-08-13 15:00:00,1628892000.0,2021-08-13 22:00:00,2171156,2.44471,31
2021-08-13 16:00:00,1628895600.0,2021-08-13 23:00:00,2171157,2.86525,31
2021-08-13 17:00:00,1628899200.0,2021-08-14 00:00:00,2171158,2.65882,31
2021-08-13 18:00:00,1628902800.0,2021-08-14 01:00:00,2171159,3.24882,31
2021-08-13 19:00:00,1628906400.0,2021-08-14 02:00:00,2171188,3.52235,31
2021-08-13 20:00:00,1628910000.0,2021-08-14 03:00:00,2171234,4.71158,31
2021-08-13 21:00:00,1628913600.0,2021-08-14 04:00:00,2171314,5.76887,31
2021-08-13 22:00:00,1628917200.0,2021-08-14 05:00:00,2171352,5.54588,31
2021-08-13 23:00:00,1628920800.0,2021-08-14 06:00:00,2171396,7.74584,31
2021-08-14 00:00:00,1628924400.0,2021-08-14 07:00:00,2171441,7.1327,31
2021-08-14 01:00:00,1628928000.0,2021-08-14 08:00:00,2171477,6.59338,31
2021-08-14 02:00:00,1628931600.0,2021-08-14 09:00:00,2171544,6.17773,31
2021-08-14 03:00:00,1628935200.0,2021-08-14 10:00:00,2171597,6.03791,31
2021-08-14 04:00:00,1628938800.0,2021-08-14 11:00:00,2171655,4.52358,31
2021-08-14 05:00:00,1628942400.0,2021-08-14 12:00:00,2171707,4.20706,31
2021-08-14 06:00:00,1628946000.0,2021-08-14 13:00:00,2171742,5.00237,31
2021-08-14 07:00:00,1628949600.0,2021-08-14 14:00:00,2171801,5.80189,31
2021-08-14 08:00:00,1628953200.0,2021-08-14 15:00:00,2171840,6.01909,31
2021-08-14 09:00:00,1628956800.0,2021-08-14 16:00:00,2171926,5.80714,31
2021-08-14 10:00:00,1628960400.0,2021-08-14 17:00:00,2172038,6.75294,31
2021-08-14 11:00:00,1628964000.0,2021-08-14 18:00:00,2172039,7.08038,31
2021-08-14 12:00:00,1628967600.0,2021-08-14 19:00:00,2172048,8.38863,31
2021-08-14 13:00:00,1628971200.0,2021-08-14 20:00:00,2172110,10.25768,31
2021-08-14 14:00:00,1628974800.0,2021-08-14 21:00:00,2172504,9.1182,31
2021-08-14 15:00:00,1628978400.0,2021-08-14 22:00:00,2172505,8.57346,31
2021-08-14 16:00:00,1628982000.0,2021-08-14 23:00:00,2172506,9.53333,31
2021-08-14 17:00:00,1628985600.0,2021-08-15 00:00:00,2172507,10.05476,31
2021-08-14 18:00:00,1628989200.0,2021-08-15 01:00:00,2172508,10.60333,31
2021-08-14 19:00:00,1628992800.0,2021-08-15 02:00:00,2172509,10.01188,31
2021-08-14 20:00:00,1628996400.0,2021-08-15 03:00:00,2172510,12.30714,31
2021-08-14 21:00:00,1629000000.0,2021-08-15 04:00:00,2172540,10.75118,31
2021-08-14 22:00:00,1629003600.0,2021-08-15 05:00:00,2172581,10.3981,31
2021-08-14 23:00:00,1629007200.0,2021-08-15 06:00:00,2172641,10.48456,31
2021-08-15 00:00:00,1629010800.0,2021-08-15 07:00:00,2172719,10.8881,31
2021-08-15 01:00:00,1629014400.0,2021-08-15 08:00:00,2173192,9.8,31
2021-08-15 02:00:00,1629018000.0,2021-08-15 09:00:00,2173258,8.38242,31
2021-08-15 03:00:00,1629021600.0,2021-08-15 10:00:00,2173334,6.93144,31
2021-08-15 04:00:00,1629025200.0,2021-08-15 11:00:00,2173662,7.19622,31
2021-08-15 05:00:00,1629028800.0,2021-08-15 12:00:00,2173663,7.36993,31
2021-08-15 06:00:00,1629032400.0,2021-08-15 13:00:00,2173664,8.18009,31
2021-08-15 07:00:00,1629036000.0,2021-08-15 14:00:00,2173665,5.7,31
2021-08-15 08:00:00,1629039600.0,2021-08-15 15:00:00,2173666,5.9078,31
2021-08-15 09:00:00,1629043200.0,2021-08-15 16:00:00,2173667,5.80952,31
2021-08-15 10:00:00,1629046800.0,2021-08-15 17:00:00,2173706,5.48349,31
2021-08-15 11:00:00,1629050400.0,2021-08-15 18:00:00,2173768,5.88626,31
2021-08-15 12:00:00,1629054000.0,2021-08-15 19:00:00,2173786,5.92671,31
2021-08-15 13:00:00,1629057600.0,2021-08-15 20:00:00,2174037,8.28774,31
2021-08-15 14:00:00,1629061200.0,2021-08-15 21:00:00,2174038,8.19715,31
2021-08-15 15:00:00,1629064800.0,2021-08-15 22:00:00,2174039,5.71059,31
2021-08-15 16:00:00,1629068400.0,2021-08-15 23:00:00,2174040,5.13615,31
2021-08-15 17:00:00,1629072000.0,2021-08-16 00:00:00,2174050,4.56338,31
2021-08-15 18:00:00,1629075600.0,2021-08-16 01:00:00,2174113,5.32624,31
2021-08-15 19:00:00,1629079200.0,2021-08-16 02:00:00,2174354,6.10849,31
2021-08-15 20:00:00,1629082800.0,2021-08-16 03:00:00,2174355,9.00475,31
2021-08-15 21:00:00,1629086400.0,2021-08-16 04:00:00,2174356,11.51313,31
2021-08-15 22:00:00,1629090000.0,2021-08-16 05:00:00,2174357,9.38389,31
2021-08-15 23:00:00,1629093600.0,2021-08-16 06:00:00,2174618,8.5036,31
2021-08-16 00:00:00,1629097200.0,2021-08-16 07:00:00,2174619,8.36643,31
2021-08-16 01:00:00,1629100800.0,2021-08-16 08:00:00,2174620,9.67143,31
2021-08-16 02:00:00,1629104400.0,2021-08-16 09:00:00,2174621,10.45476,31
2021-08-16 03:00:00,1629108000.0,2021-08-16 10:00:00,2174622,11.27619,31
2021-08-16 04:00:00,1629111600.0,2021-08-16 11:00:00,2174641,10.68019,31
2021-08-16 05:00:00,1629115200.0,2021-08-16 12:00:00,2174702,10.79097,31
2021-08-16 06:00:00,1629118800.0,2021-08-16 13:00:00,2174779,11.08789,31
2021-08-16 07:00:00,1629122400.0,2021-08-16 14:00:00,2174784,11.48571,31
2021-08-16 08:00:00,1629126000.0,2021-08-16 15:00:00,2174862,13.12381,31
2021-08-16 09:00:00,1629129600.0,2021-08-16 16:00:00,2176361,10.82933,31
2021-08-16 10:00:00,1629133200.0,2021-08-16 17:00:00,2176362,9.17577,31
2021-08-16 11:00:00,1629136800.0,2021-08-16 18:00:00,2176363,7.2891,31
2021-08-16 12:00:00,1629140400.0,2021-08-16 19:00:00,2176364,6.25829,31
2021-08-16 13:00:00,1629144000.0,2021-08-16 20:00:00,2176365,4.44131,31
2021-08-16 14:00:00,1629147600.0,2021-08-16 21:00:00,2176366,3.71294,31
2021-08-16 15:00:00,1629151200.0,2021-08-16 22:00:00,2176367,4.00468,31
2021-08-16 16:00:00,1629154800.0,2021-08-16 23:00:00,2176368,3.90376,31
2021-08-16 17:00:00,1629158400.0,2021-08-17 00:00:00,2176369,4.02576,31
2021-08-16 18:00:00,1629162000.0,2021-08-17 01:00:00,2176370,3.66903,31
2021-08-16 19:00:00,1629165600.0,2021-08-17 02:00:00,2176371,5.29787,31
2021-08-16 20:00:00,1629169200.0,2021-08-17 03:00:00,2176372,5.11401,31
2021-08-16 21:00:00,1629172800.0,2021-08-17 04:00:00,2176373,5.72104,31
2021-08-16 22:00:00,1629176400.0,2021-08-17 05:00:00,2177070,5.974,31
2021-08-16 23:00:00,1629180000.0,2021-08-17 06:00:00,2177071,6.27488,31
2021-08-17 00:00:00,1629183600.0,2021-08-17 07:00:00,2177072,6.09242,31
2021-08-17 01:00:00,1629187200.0,2021-08-17 08:00:00,2177073,6.82619,31
2021-08-17 02:00:00,1629190800.0,2021-08-17 09:00:00,2177074,6.04471,31
2021-08-17 03:00:00,1629194400.0,2021-08-17 10:00:00,2177075,6.2109,31
2021-08-17 04:00:00,1629198000.0,2021-08-17 11:00:00,2177076,5.44076,31
2021-08-17 05:00:00,1629201600.0,2021-08-17 12:00:00,2177077,4.82464,31
2021-08-17 06:00:00,1629205200.0,2021-08-17 13:00:00,2177078,5.48463,31
2021-08-17 07:00:00,1629208800.0,2021-08-17 14:00:00,2177079,4.48578,31
2021-08-17 08:00:00,1629212400.0,2021-08-17 15:00:00,2177080,3.36,31
2021-08-17 09:00:00,1629216000.0,2021-08-17 16:00:00,2177081,2.56057,31
2021-08-17 10:00:00,1629219600.0,2021-08-17 17:00:00,2177082,1.82185,31
2021-08-17 11:00:00,1629223200.0,2021-08-17 18:00:00,2177160,1.32706,31
2021-08-17 12:00:00,1629226800.0,2021-08-17 19:00:00,2177178,1.37882,31
2021-08-17 13:00:00,1629230400.0,2021-08-17 20:00:00,2177267,1.51765,31
2021-08-17 14:00:00,1629234000.0,2021-08-17 21:00:00,2177316,1.65728,31
2021-08-17 15:00:00,1629237600.0,2021-08-17 22:00:00,2177356,2.72941,31
2021-08-17 16:00:00,1629241200.0,2021-08-17 23:00:00,2177426,3.51415,31
2021-08-17 17:00:00,1629244800.0,2021-08-18 00:00:00,2177476,3.13208,31
2021-08-17 18:00:00,1629248400.0,2021-08-18 01:00:00,2178374,4.33882,31
2021-08-17 19:00:00,1629252000.0,2021-08-18 02:00:00,2178375,5.76179,31
2021-08-17 20:00:00,1629255600.0,2021-08-18 03:00:00,2178376,5.4279,31
2021-08-17 21:00:00,1629259200.0,2021-08-18 04:00:00,2178377,6.30144,31
2021-08-17 22:00:00,1629262800.0,2021-08-18 05:00:00,2178378,6.44681,31
2021-08-17 23:00:00,1629266400.0,2021-08-18 06:00:00,2178379,6.82339,31
2021-08-18 00:00:00,1629270000.0,2021-08-18 07:00:00,2178380,6.9905,31
2021-08-18 01:00:00,1629273600.0,2021-08-18 08:00:00,2178381,6.02844,31
2021-08-18 02:00:00,1629277200.0,2021-08-18 09:00:00,2178382,6.1619,31
2021-08-18 03:00:00,1629280800.0,2021-08-18 10:00:00,2178383,6.47268,31
2021-08-18 04:00:00,1629284400.0,2021-08-18 11:00:00,2178384,6.81754,31
2021-08-18 05:00:00,1629288000.0,2021-08-18 12:00:00,2178385,6.66903,31
2021-08-18 06:00:00,1629291600.0,2021-08-18 13:00:00,2178386,6.58726,31
2021-08-18 07:00:00,1629295200.0,2021-08-18 14:00:00,2178387,5.20095,31
2021-08-18 08:00:00,1629298800.0,2021-08-18 15:00:00,2178388,4.81368,31
2021-08-18 09:00:00,1629302400.0,2021-08-18 16:00:00,2178389,4.21905,31
2021-08-18 10:00:00,1629306000.0,2021-08-18 17:00:00,2178390,3.75414,31
2021-08-18 11:00:00,1629309600.0,2021-08-18 18:00:00,2178391,5.60377,31
2021-08-18 12:00:00,1629313200.0,2021-08-18 19:00:00,2178434,9.21905,31
2021-08-18 13:00:00,1629316800.0,2021-08-18 20:00:00,2178471,12.31517,31
2021-08-18 14:00:00,1629320400.0,2021-08-18 21:00:00,2178512,11.42043,31
2021-08-18 15:00:00,1629324000.0,2021-08-18 22:00:00,2178567,14.96919,31
2021-08-18 16:00:00,1629327600.0,2021-08-18 23:00:00,2178630,14.04286,31
2021-08-18 17:00:00,1629331200.0,2021-08-19 00:00:00,2178692,8.89125,31
2021-08-18 18:00:00,1629334800.0,2021-08-19 01:00:00,2178730,9.58768,31
2021-08-18 19:00:00,1629338400.0,2021-08-19 02:00:00,2179685,9.19048,31
2021-08-18 20:00:00,1629342000.0,2021-08-19 03:00:00,2179686,7.4208,31
2021-08-18 21:00:00,1629345600.0,2021-08-19 04:00:00,2179687,7.74524,31
2021-08-18 22:00:00,1629349200.0,2021-08-19 05:00:00,2179688,8.50948,31
2021-08-18 23:00:00,1629352800.0,2021-08-19 06:00:00,2179689,8.98565,31
2021-08-19 00:00:00,1629356400.0,2021-08-19 07:00:00,2179691,8.33967,31
2021-08-19 01:00:00,1629360000.0,2021-08-19 08:00:00,2179692,6.62708,31
2021-08-19 02:00:00,1629363600.0,2021-08-19 09:00:00,2179693,6.64455,31
2021-08-19 03:00:00,1629367200.0,2021-08-19 10:00:00,2179694,5.39048,31
2021-08-19 04:00:00,1629370800.0,2021-08-19 11:00:00,2179695,5.73176,31
2021-08-19 05:00:00,1629374400.0,2021-08-19 12:00:00,2179696,5.92399,31
2021-08-19 06:00:00,1629378000.0,2021-08-19 13:00:00,2179697,7.12057,31
2021-08-19 07:00:00,1629381600.0,2021-08-19 14:00:00,2179698,8.88599,31
2021-08-19 08:00:00,1629385200.0,2021-08-19 15:00:00,2179699,9.47867,31
2021-08-19 09:00:00,1629388800.0,2021-08-19 16:00:00,2179700,10.95694,31
2021-08-19 10:00:00,1629392400.0,2021-08-19 17:00:00,2179701,12.5545,31
2021-08-19 11:00:00,1629396000.0,2021-08-19 18:00:00,2179977,13.22986,31
2021-08-19 12:00:00,1629399600.0,2021-08-19 19:00:00,2179978,14.9119,31
2021-08-19 13:00:00,1629403200.0,2021-08-19 20:00:00,2179979,10.36342,31
2021-08-19 14:00:00,1629406800.0,2021-08-19 21:00:00,2179980,11.73634,31
2021-08-19 15:00:00,1629410400.0,2021-08-19 22:00:00,2179981,9.66825,31
2021-08-19 16:00:00,1629414000.0,2021-08-19 23:00:00,2180311,9.8981,31
2021-08-19 17:00:00,1629417600.0,2021-08-20 00:00:00,2180312,9.94062,31
2021-08-19 18:00:00,1629421200.0,2021-08-20 01:00:00,2180313,11.12559,31
2021-08-19 19:00:00,1629424800.0,2021-08-20 02:00:00,2180314,13.57619,31
2021-08-19 20:00:00,1629428400.0,2021-08-20 03:00:00,2180315,16.13126,31
2021-08-19 21:00:00,1629432000.0,2021-08-20 04:00:00,2180341,17.17577,31
2021-08-19 22:00:00,1629435600.0,2021-08-20 05:00:00,2180421,18.90736,31
2021-08-19 23:00:00,1629439200.0,2021-08-20 06:00:00,2180448,19.52745,31
2021-08-20 00:00:00,1629442800.0,2021-08-20 07:00:00,2180494,14.00948,31
2021-08-20 01:00:00,1629446400.0,2021-08-20 08:00:00,2180548,12.96912,31
2021-08-20 02:00:00,1629450000.0,2021-08-20 09:00:00,2180597,15.04255,31
2021-08-20 03:00:00,1629453600.0,2021-08-20 10:00:00,2180651,15.33967,31
2021-08-20 04:00:00,1629457200.0,2021-08-20 11:00:00,2180704,16.42317,31
2021-08-20 05:00:00,1629460800.0,2021-08-20 12:00:00,2180773,18.5,31
2021-08-20 06:00:00,1629464400.0,2021-08-20 13:00:00,2180810,18.34442,31
2021-08-20 07:00:00,1629468000.0,2021-08-20 14:00:00,2180865,20.75714,31
2021-08-20 08:00:00,1629471600.0,2021-08-20 15:00:00,2180898,22.25891,31
2021-08-20 09:00:00,1629475200.0,2021-08-20 16:00:00,2180961,21.90453,31
2021-08-20 10:00:00,1629478800.0,2021-08-20 17:00:00,2180998,21.6881,31
2021-08-20 11:00:00,1629482400.0,2021-08-20 18:00:00,2181167,21.05701,31
2021-08-20 12:00:00,1629486000.0,2021-08-20 19:00:00,2181222,20.85545,31
2021-08-20 13:00:00,1629489600.0,2021-08-20 20:00:00,2181349,16.91706,31
2021-08-20 14:00:00,1629493200.0,2021-08-20 21:00:00,2181350,9.92874,31
2021-08-20 15:00:00,1629496800.0,2021-08-20 22:00:00,2181368,9.40284,31
2021-08-20 16:00:00,1629500400.0,2021-08-20 23:00:00,2181421,9.94787,31
2021-08-20 17:00:00,1629504000.0,2021-08-21 00:00:00,2181471,10.7791,31
2021-08-20 18:00:00,1629507600.0,2021-08-21 01:00:00,2181540,11.94033,31
2021-08-20 19:00:00,1629511200.0,2021-08-21 02:00:00,2181604,13.45107,31
2021-08-20 20:00:00,1629514800.0,2021-08-21 03:00:00,2181649,15.96667,31
2021-08-20 21:00:00,1629518400.0,2021-08-21 04:00:00,2181709,18.9033,31
2021-08-20 22:00:00,1629522000.0,2021-08-21 05:00:00,2181757,29.31667,31
2021-08-20 23:00:00,1629525600.0,2021-08-21 06:00:00,2181809,29.88489,31
2021-08-21 00:00:00,1629529200.0,2021-08-21 07:00:00,2181857,18.27143,31
2021-08-21 01:00:00,1629532800.0,2021-08-21 08:00:00,2181918,22.99287,31
2021-08-21 02:00:00,1629536400.0,2021-08-21 09:00:00,2181956,31.22488,31
2021-08-21 03:00:00,1629540000.0,2021-08-21 10:00:00,2182029,33.28675,31
2021-08-21 04:00:00,1629543600.0,2021-08-21 11:00:00,2182073,29.98575,31
2021-08-21 05:00:00,1629547200.0,2021-08-21 12:00:00,2182124,30.43165,31
2021-08-21 06:00:00,1629550800.0,2021-08-21 13:00:00,2182176,30.7136,31
2021-08-21 07:00:00,1629554400.0,2021-08-21 14:00:00,2182208,30.39036,31
2021-08-21 08:00:00,1629558000.0,2021-08-21 15:00:00,2182268,28.06444,31
2021-08-21 09:00:00,1629561600.0,2021-08-21 16:00:00,2182316,28.98801,31
2021-08-21 10:00:00,1629565200.0,2021-08-21 17:00:00,2182385,21.95227,31
2021-08-21 11:00:00,1629568800.0,2021-08-21 18:00:00,2182432,13.97163,31
2021-08-21 12:00:00,1629572400.0,2021-08-21 19:00:00,2182479,11.90736,31
2021-08-21 13:00:00,1629576000.0,2021-08-21 20:00:00,2182539,9.23684,31
2021-08-21 14:00:00,1629579600.0,2021-08-21 21:00:00,2182573,8.78538,31
2021-08-21 15:00:00,1629583200.0,2021-08-21 22:00:00,2182635,10.25829,31
2021-08-21 16:00:00,1629586800.0,2021-08-21 23:00:00,2182701,6.29078,31
2021-08-21 17:00:00,1629590400.0,2021-08-22 00:00:00,2182751,4.87028,31
2021-08-21 18:00:00,1629594000.0,2021-08-22 01:00:00,2182826,4.34279,31
2021-08-21 19:00:00,1629597600.0,2021-08-22 02:00:00,2182885,6.44681,31
2021-08-21 20:00:00,1629601200.0,2021-08-22 03:00:00,2182922,6.74171,31
2021-08-21 21:00:00,1629604800.0,2021-08-22 04:00:00,2182963,6.29314,31
2021-08-21 22:00:00,1629608400.0,2021-08-22 05:00:00,2183024,6.98588,31
2021-08-21 23:00:00,1629612000.0,2021-08-22 06:00:00,2183075,5.34279,31
2021-08-22 00:00:00,1629615600.0,2021-08-22 07:00:00,2183116,4.85377,31
2021-08-22 01:00:00,1629619200.0,2021-08-22 08:00:00,2183174,4.84434,31
2021-08-22 02:00:00,1629622800.0,2021-08-22 09:00:00,2183212,3.82075,31
2021-08-22 03:00:00,1629626400.0,2021-08-22 10:00:00,2183293,5.34515,31
2021-08-22 04:00:00,1629630000.0,2021-08-22 11:00:00,2183323,3.40189,31
2021-08-22 05:00:00,1629633600.0,2021-08-22 12:00:00,2183366,3.70644,31
2021-08-22 06:00:00,1629637200.0,2021-08-22 13:00:00,2183437,3.91924,31
2021-08-22 07:00:00,1629640800.0,2021-08-22 14:00:00,2183469,4.6974,31
2021-08-22 08:00:00,1629644400.0,2021-08-22 15:00:00,2183542,5.75294,31
2021-08-22 09:00:00,1629648000.0,2021-08-22 16:00:00,2183606,7.0622,31
2021-08-22 10:00:00,1629651600.0,2021-08-22 17:00:00,2183642,7.33491,31
2021-08-22 11:00:00,1629655200.0,2021-08-22 18:00:00,2183696,8.8818,31
2021-08-22 12:00:00,1629658800.0,2021-08-22 19:00:00,2183736,12.05687,31
2021-08-22 13:00:00,1629662400.0,2021-08-22 20:00:00,2183789,10.69359,31
2021-08-22 14:00:00,1629666000.0,2021-08-22 21:00:00,2183833,6.44811,31
2021-08-22 15:00:00,1629669600.0,2021-08-22 22:00:00,2183904,3.53991,31
2021-08-22 16:00:00,1629673200.0,2021-08-22 23:00:00,2183950,2.95047,31
2021-08-22 17:00:00,1629676800.0,2021-08-23 00:00:00,2184008,2.80615,31
2021-08-22 18:00:00,1629680400.0,2021-08-23 01:00:00,2184061,2.59338,31
2021-08-22 19:00:00,1629684000.0,2021-08-23 02:00:00,2184127,3.18353,31
2021-08-22 20:00:00,1629687600.0,2021-08-23 03:00:00,2184162,4.27791,31
2021-08-22 21:00:00,1629691200.0,2021-08-23 04:00:00,2184208,3.95294,31
2021-08-22 22:00:00,1629694800.0,2021-08-23 05:00:00,2184259,4.0283,31
2021-08-22 23:00:00,1629698400.0,2021-08-23 06:00:00,2184296,6.00236,31
2021-08-23 00:00:00,1629702000.0,2021-08-23 07:00:00,2184355,4.70519,31
2021-08-23 01:00:00,1629705600.0,2021-08-23 08:00:00,2184436,4.24823,31
2021-08-23 02:00:00,1629709200.0,2021-08-23 09:00:00,2184465,4.18676,31
2021-08-23 03:00:00,1629712800.0,2021-08-23 10:00:00,2184512,3.65566,31
2021-08-23 04:00:00,1629716400.0,2021-08-23 11:00:00,2184565,4.94563,31
2021-08-23 05:00:00,1629720000.0,2021-08-23 12:00:00,2184613,5.43192,31
2021-08-23 06:00:00,1629723600.0,2021-08-23 13:00:00,2184680,7.16429,31
2021-08-23 07:00:00,1629727200.0,2021-08-23 14:00:00,2184709,9.06147,31
2021-08-23 08:00:00,1629730800.0,2021-08-23 15:00:00,2184763,8.68957,31
2021-08-23 09:00:00,1629734400.0,2021-08-23 16:00:00,2184870,9.74163,31
2021-08-23 10:00:00,1629738000.0,2021-08-23 17:00:00,2184921,9.06147,31
2021-08-23 11:00:00,1629741600.0,2021-08-23 18:00:00,2184962,8.48227,31
2021-08-23 12:00:00,1629745200.0,2021-08-23 19:00:00,2185019,7.79621,31
2021-08-23 13:00:00,1629748800.0,2021-08-23 20:00:00,2185054,5.37352,31
2021-08-23 14:00:00,1629752400.0,2021-08-23 21:00:00,2185115,5.05869,31
2021-08-23 15:00:00,1629756000.0,2021-08-23 22:00:00,2185185,6.52482,31
2021-08-23 16:00:00,1629759600.0,2021-08-23 23:00:00,2185233,6.59906,31
2021-08-23 17:00:00,1629763200.0,2021-08-24 00:00:00,2185313,5.21513,31
2021-08-23 18:00:00,1629766800.0,2021-08-24 01:00:00,2185367,5.76235,31
2021-08-23 19:00:00,1629770400.0,2021-08-24 02:00:00,2185468,7.00711,31
2021-08-23 20:00:00,1629774000.0,2021-08-24 03:00:00,2185469,7.55083,31
2021-08-23 21:00:00,1629777600.0,2021-08-24 04:00:00,2185493,8.73986,31
2021-08-23 22:00:00,1629781200.0,2021-08-24 05:00:00,2185561,8.56398,31
2021-08-23 23:00:00,1629784800.0,2021-08-24 06:00:00,2185641,7.5537,31
2021-08-24 00:00:00,1629788400.0,2021-08-24 07:00:00,2186334,8.0782,31
2021-08-24 01:00:00,1629792000.0,2021-08-24 08:00:00,2186335,7.76303,31
2021-08-24 02:00:00,1629795600.0,2021-08-24 09:00:00,2186336,7.90024,31
2021-08-24 03:00:00,1629799200.0,2021-08-24 10:00:00,2186337,8.49406,31
2021-08-24 04:00:00,1629802800.0,2021-08-24 11:00:00,2186338,8.35,31
2021-08-24 05:00:00,1629806400.0,2021-08-24 12:00:00,2186339,8.86364,31
2021-08-24 06:00:00,1629810000.0,2021-08-24 13:00:00,2186340,9.3,31
2021-08-24 07:00:00,1629813600.0,2021-08-24 14:00:00,2186341,8.61575,31
2021-08-24 08:00:00,1629817200.0,2021-08-24 15:00:00,2186342,7.93333,31
2021-08-24 09:00:00,1629820800.0,2021-08-24 16:00:00,2186343,8.37947,31
2021-08-24 10:00:00,1629824400.0,2021-08-24 17:00:00,2186366,9.60714,31
2021-08-24 11:00:00,1629828000.0,2021-08-24 18:00:00,2186406,8.18396,31
2021-08-24 12:00:00,1629831600.0,2021-08-24 19:00:00,2186491,10.09069,31
2021-08-24 16:00:00,1629846000.0,2021-08-24 23:00:00,2193814,5.89598,31
2021-08-24 17:00:00,1629849600.0,2021-08-25 00:00:00,2193825,5.83175,31
2021-08-24 18:00:00,1629853200.0,2021-08-25 01:00:00,2193779,6.04953,31
2021-08-24 19:00:00,1629856800.0,2021-08-25 02:00:00,2193793,6.56501,31
2021-08-24 20:00:00,1629860400.0,2021-08-25 03:00:00,2193741,6.30569,31
2021-08-24 21:00:00,1629864000.0,2021-08-25 04:00:00,2193827,6.4539,31
2021-08-24 22:00:00,1629867600.0,2021-08-25 05:00:00,2193849,6.00237,31
2021-08-24 23:00:00,1629871200.0,2021-08-25 06:00:00,2193786,5.75177,31
2021-08-25 00:00:00,1629874800.0,2021-08-25 07:00:00,2193835,6.15802,31
2021-08-25 01:00:00,1629878400.0,2021-08-25 08:00:00,2193821,5.83294,31
2021-08-25 02:00:00,1629882000.0,2021-08-25 09:00:00,2193794,6.32388,31
2021-08-25 03:00:00,1629885600.0,2021-08-25 10:00:00,2193769,6.83175,31
2021-08-25 04:00:00,1629889200.0,2021-08-25 11:00:00,2193800,7.00236,31
2021-08-25 05:00:00,1629892800.0,2021-08-25 12:00:00,2193743,7.70546,31
2021-08-25 06:00:00,1629896400.0,2021-08-25 13:00:00,2193837,7.48113,31
2021-08-25 07:00:00,1629900000.0,2021-08-25 14:00:00,2193758,8.32542,31
2021-08-25 08:00:00,1629903600.0,2021-08-25 15:00:00,2193832,8.35238,31
2021-08-25 09:00:00,1629907200.0,2021-08-25 16:00:00,2193799,9.04337,31
2021-08-25 10:00:00,1629910800.0,2021-08-25 17:00:00,2193819,9.14184,31
2021-08-25 11:00:00,1629914400.0,2021-08-25 18:00:00,2193792,8.2104,31
2021-08-25 12:00:00,1629918000.0,2021-08-25 19:00:00,2193824,8.70686,31
2021-08-25 13:00:00,1629921600.0,2021-08-25 20:00:00,2193839,9.14929,31
2021-08-25 14:00:00,1629925200.0,2021-08-25 21:00:00,2193815,11.23515,31
2021-08-25 15:00:00,1629928800.0,2021-08-25 22:00:00,2193859,12.65238,31
2021-08-25 16:00:00,1629932400.0,2021-08-25 23:00:00,2193847,11.18957,31
2021-08-25 17:00:00,1629936000.0,2021-08-26 00:00:00,2193810,10.16627,31
2021-08-25 18:00:00,1629939600.0,2021-08-26 01:00:00,2193856,11.77619,31
2021-08-25 19:00:00,1629943200.0,2021-08-26 02:00:00,2193842,12.68171,31
2021-08-25 20:00:00,1629946800.0,2021-08-26 03:00:00,2193795,15.46539,31
2021-08-25 21:00:00,1629950400.0,2021-08-26 04:00:00,2193797,14.97857,31
2021-08-25 22:00:00,1629954000.0,2021-08-26 05:00:00,2193773,16.83771,31
2021-08-25 23:00:00,1629957600.0,2021-08-26 06:00:00,2193801,15.25359,31
2021-08-26 00:00:00,1629961200.0,2021-08-26 07:00:00,2193841,24.57794,31
2021-08-26 01:00:00,1629964800.0,2021-08-26 08:00:00,2193751,19.02143,31
2021-08-26 02:00:00,1629968400.0,2021-08-26 09:00:00,2193843,22.17184,31
2021-08-26 03:00:00,1629972000.0,2021-08-26 10:00:00,2193838,16.61575,31
2021-08-26 04:00:00,1629975600.0,2021-08-26 11:00:00,2193776,14.26014,31
2021-08-26 05:00:00,1629979200.0,2021-08-26 12:00:00,2193834,13.28266,31
2021-08-26 06:00:00,1629982800.0,2021-08-26 13:00:00,2193798,12.88416,31
2021-08-26 07:00:00,1629986400.0,2021-08-26 14:00:00,2193771,13.0,31
2021-08-26 08:00:00,1629990000.0,2021-08-26 15:00:00,2193806,13.45261,31
2021-08-26 09:00:00,1629993600.0,2021-08-26 16:00:00,2193750,13.52153,31
2021-08-26 10:00:00,1629997200.0,2021-08-26 17:00:00,2193744,12.08076,31
2021-08-26 11:00:00,1630000800.0,2021-08-26 18:00:00,2193746,10.83886,31
2021-08-26 12:00:00,1630004400.0,2021-08-26 19:00:00,2193775,10.32297,31
2021-08-26 13:00:00,1630008000.0,2021-08-26 20:00:00,2193840,11.28741,31
2021-08-26 14:00:00,1630011600.0,2021-08-26 21:00:00,2193759,9.69121,31
2021-08-26 15:00:00,1630015200.0,2021-08-26 22:00:00,2193752,9.66825,31
2021-08-26 16:00:00,1630018800.0,2021-08-26 23:00:00,2193740,10.15439,31
2021-08-26 17:00:00,1630022400.0,2021-08-27 00:00:00,2193833,9.21277,31
2021-08-26 18:00:00,1630026000.0,2021-08-27 01:00:00,2193791,6.81754,31
2021-08-26 19:00:00,1630029600.0,2021-08-27 02:00:00,2193802,5.513,31
2021-08-26 20:00:00,1630033200.0,2021-08-27 03:00:00,2193770,4.77541,31
2021-08-26 21:00:00,1630036800.0,2021-08-27 04:00:00,2193754,5.54245,31
2021-08-26 22:00:00,1630040400.0,2021-08-27 05:00:00,2193783,5.95724,31
2021-08-26 23:00:00,1630044000.0,2021-08-27 06:00:00,2193864,4.15094,31
2021-08-27 00:00:00,1630047600.0,2021-08-27 07:00:00,2193749,4.61283,31
2021-08-27 01:00:00,1630051200.0,2021-08-27 08:00:00,2193854,4.51415,31
2021-08-27 02:00:00,1630054800.0,2021-08-27 09:00:00,2193850,6.0545,31
2021-08-27 03:00:00,1630058400.0,2021-08-27 10:00:00,2193766,7.89573,31
2021-08-27 04:00:00,1630062000.0,2021-08-27 11:00:00,2193755,8.94787,31
2021-08-27 05:00:00,1630065600.0,2021-08-27 12:00:00,2193809,9.41093,31
2021-08-27 06:00:00,1630069200.0,2021-08-27 13:00:00,2193846,9.8381,31
2021-08-27 07:00:00,1630072800.0,2021-08-27 14:00:00,2193848,10.09026,31
2021-08-27 08:00:00,1630076400.0,2021-08-27 15:00:00,2193756,8.86698,31
2021-08-27 09:00:00,1630080000.0,2021-08-27 16:00:00,2193787,9.02387,31
2021-08-27 10:00:00,1630083600.0,2021-08-27 17:00:00,2193836,7.69194,31
2021-08-27 11:00:00,1630087200.0,2021-08-27 18:00:00,2193826,9.37825,31
2021-08-27 12:00:00,1630090800.0,2021-08-27 19:00:00,2193745,15.95745,31
2021-08-27 13:00:00,1630094400.0,2021-08-27 20:00:00,2193822,30.53919,31
2021-08-27 14:00:00,1630098000.0,2021-08-27 21:00:00,2193817,46.34293,31
2021-08-27 15:00:00,1630101600.0,2021-08-27 22:00:00,2193780,44.32854,31
2021-08-27 16:00:00,1630105200.0,2021-08-27 23:00:00,2193844,37.62588,31
2021-08-27 17:00:00,1630108800.0,2021-08-28 00:00:00,2193763,35.09456,31
2021-08-27 18:00:00,1630112400.0,2021-08-28 01:00:00,2193747,34.52019,31
2021-08-27 19:00:00,1630116000.0,2021-08-28 02:00:00,2193789,33.1899,31
2021-08-27 20:00:00,1630119600.0,2021-08-28 03:00:00,2193811,29.02632,31
2021-08-27 21:00:00,1630123200.0,2021-08-28 04:00:00,2193830,21.3445,31
2021-08-27 22:00:00,1630126800.0,2021-08-28 05:00:00,2193857,12.84286,31
2021-08-27 23:00:00,1630130400.0,2021-08-28 06:00:00,2193788,14.96897,31
2021-08-28 00:00:00,1630134000.0,2021-08-28 07:00:00,2193855,15.35971,31
2021-08-28 01:00:00,1630137600.0,2021-08-28 08:00:00,2193767,16.26429,31
2021-08-28 02:00:00,1630141200.0,2021-08-28 09:00:00,2193762,36.0628,31
2021-08-28 03:00:00,1630144800.0,2021-08-28 10:00:00,2193861,38.00955,31
2021-08-28 04:00:00,1630148400.0,2021-08-28 11:00:00,2193784,40.33094,31
2021-08-28 05:00:00,1630152000.0,2021-08-28 12:00:00,2193820,39.66906,31
2021-08-28 06:00:00,1630155600.0,2021-08-28 13:00:00,2193823,39.8726,31
2021-08-28 07:00:00,1630159200.0,2021-08-28 14:00:00,2193807,39.2506,31
2021-08-28 08:00:00,1630162800.0,2021-08-28 15:00:00,2193761,36.50971,31
2021-08-28 09:00:00,1630166400.0,2021-08-28 16:00:00,2193765,33.10287,31
2021-08-28 10:00:00,1630170000.0,2021-08-28 17:00:00,2193808,29.59569,31
2021-08-28 11:00:00,1630173600.0,2021-08-28 18:00:00,2193796,25.77725,31
2021-08-28 12:00:00,1630177200.0,2021-08-28 19:00:00,2193858,32.66114,31
2021-08-28 13:00:00,1630180800.0,2021-08-28 20:00:00,2193748,39.39286,31
2021-08-28 14:00:00,1630184400.0,2021-08-28 21:00:00,2193812,36.83373,31
2021-08-28 15:00:00,1630188000.0,2021-08-28 22:00:00,2193816,32.9715,31
2021-08-28 16:00:00,1630191600.0,2021-08-28 23:00:00,2193774,33.82898,31
2021-08-28 17:00:00,1630195200.0,2021-08-29 00:00:00,2193805,33.58907,31
2021-08-28 18:00:00,1630198800.0,2021-08-29 01:00:00,2193739,30.88783,31
2021-08-28 19:00:00,1630202400.0,2021-08-29 02:00:00,2193845,19.74109,31
2021-08-28 20:00:00,1630206000.0,2021-08-29 03:00:00,2193760,14.17143,31
2021-08-28 21:00:00,1630209600.0,2021-08-29 04:00:00,2193772,11.55344,31
2021-08-28 22:00:00,1630213200.0,2021-08-29 05:00:00,2193781,14.81429,31
2021-08-28 23:00:00,1630216800.0,2021-08-29 06:00:00,2193851,15.40909,31
2021-08-29 00:00:00,1630220400.0,2021-08-29 07:00:00,2193818,15.9455,31
2021-08-29 01:00:00,1630224000.0,2021-08-29 08:00:00,2193853,18.48931,31
2021-08-29 02:00:00,1630227600.0,2021-08-29 09:00:00,2193813,10.74641,31
2021-08-29 03:00:00,1630231200.0,2021-08-29 10:00:00,2193777,10.6969,31
2021-08-29 04:00:00,1630234800.0,2021-08-29 11:00:00,2193782,10.13033,31
2021-08-29 05:00:00,1630238400.0,2021-08-29 12:00:00,2193778,8.84397,31
2021-08-29 06:00:00,1630242000.0,2021-08-29 13:00:00,2193828,8.46651,31
2021-08-29 07:00:00,1630245600.0,2021-08-29 14:00:00,2193764,7.11111,31
2021-08-29 08:00:00,1630249200.0,2021-08-29 15:00:00,2193757,5.67139,31
2021-08-29 09:00:00,1630252800.0,2021-08-29 16:00:00,2193865,6.12679,31
2021-08-29 10:00:00,1630256400.0,2021-08-29 17:00:00,2193803,6.94076,31
2021-08-29 11:00:00,1630260000.0,2021-08-29 18:00:00,2193768,7.99287,31
2021-08-29 12:00:00,1630263600.0,2021-08-29 19:00:00,2193829,6.83135,31
2021-08-29 13:00:00,1630267200.0,2021-08-29 20:00:00,2193863,8.57007,31
2021-08-29 14:00:00,1630270800.0,2021-08-29 21:00:00,2193831,11.32619,31
2021-08-29 15:00:00,1630274400.0,2021-08-29 22:00:00,2193860,11.18377,31
2021-08-29 16:00:00,1630278000.0,2021-08-29 23:00:00,2193785,12.65083,31
2021-08-29 17:00:00,1630281600.0,2021-08-30 00:00:00,2193804,12.1327,31
2021-08-29 18:00:00,1630285200.0,2021-08-30 01:00:00,2193862,11.64354,31
2021-08-29 19:00:00,1630288800.0,2021-08-30 02:00:00,2193852,12.11876,31
2021-08-29 20:00:00,1630292400.0,2021-08-30 03:00:00,2193753,14.80907,31
2021-08-29 21:00:00,1630296000.0,2021-08-30 04:00:00,2193742,18.64029,31
2021-08-29 22:00:00,1630299600.0,2021-08-30 05:00:00,2193911,22.42823,31
2021-08-29 23:00:00,1630303200.0,2021-08-30 06:00:00,2193912,23.1,31
2021-08-30 00:00:00,1630306800.0,2021-08-30 07:00:00,2193913,18.80523,31
2021-08-30 01:00:00,1630310400.0,2021-08-30 08:00:00,2193914,16.22619,31
2021-08-30 02:00:00,1630314000.0,2021-08-30 09:00:00,2193915,16.12619,31
2021-08-30 03:00:00,1630317600.0,2021-08-30 10:00:00,2193916,21.46778,31
2021-08-30 04:00:00,1630321200.0,2021-08-30 11:00:00,2193917,18.83933,31
2021-08-30 05:00:00,1630324800.0,2021-08-30 12:00:00,2193918,21.00718,31
2021-08-30 06:00:00,1630328400.0,2021-08-30 13:00:00,2193919,22.64455,31
2021-08-30 07:00:00,1630332000.0,2021-08-30 14:00:00,2193920,23.42344,31
2021-08-30 08:00:00,1630335600.0,2021-08-30 15:00:00,2193921,22.09592,31
2021-08-30 09:00:00,1630339200.0,2021-08-30 16:00:00,2193922,22.58795,31
2021-08-30 10:00:00,1630342800.0,2021-08-30 17:00:00,2193923,23.13777,31
2021-08-30 11:00:00,1630346400.0,2021-08-30 18:00:00,2196977,21.64678,31
2021-08-30 12:00:00,1630350000.0,2021-08-30 19:00:00,2196978,20.70755,31
2021-08-30 13:00:00,1630353600.0,2021-08-30 20:00:00,2196979,17.77123,31
2021-08-30 14:00:00,1630357200.0,2021-08-30 21:00:00,2196980,15.14727,31
2021-08-30 15:00:00,1630360800.0,2021-08-30 22:00:00,2196981,14.63981,31
2021-08-30 16:00:00,1630364400.0,2021-08-30 23:00:00,2196982,9.90024,31
2021-08-30 17:00:00,1630368000.0,2021-08-31 00:00:00,2196983,9.44656,31
2021-08-30 18:00:00,1630371600.0,2021-08-31 01:00:00,2196984,8.54265,31
2021-08-30 19:00:00,1630375200.0,2021-08-31 02:00:00,2196985,8.27512,31
2021-08-30 20:00:00,1630378800.0,2021-08-31 03:00:00,2196986,8.43468,31
2021-08-30 21:00:00,1630382400.0,2021-08-31 04:00:00,2197040,7.33097,31
2021-08-30 22:00:00,1630386000.0,2021-08-31 05:00:00,2197064,7.16787,31
2021-08-30 23:00:00,1630389600.0,2021-08-31 06:00:00,2200705,8.13126,31
2021-08-31 00:00:00,1630393200.0,2021-08-31 07:00:00,2200766,8.3436,31
2021-08-31 01:00:00,1630396800.0,2021-08-31 08:00:00,2200829,7.18246,31
2021-08-31 02:00:00,1630400400.0,2021-08-31 09:00:00,2200861,7.12352,31
2021-08-31 03:00:00,1630404000.0,2021-08-31 10:00:00,2200921,7.8361,31
2021-08-31 04:00:00,1630407600.0,2021-08-31 11:00:00,2200965,7.70406,31
2021-08-31 05:00:00,1630411200.0,2021-08-31 12:00:00,2201022,7.06398,31
2021-08-31 06:00:00,1630414800.0,2021-08-31 13:00:00,2201065,6.98329,31
2021-08-31 07:00:00,1630418400.0,2021-08-31 14:00:00,2201116,7.10377,31
2021-08-31 08:00:00,1630422000.0,2021-08-31 15:00:00,2201176,6.5867,31
2021-08-31 09:00:00,1630425600.0,2021-08-31 16:00:00,2219853,7.8125,31
2021-08-31 10:00:00,1630429200.0,2021-08-31 17:00:00,2219854,6.41469,31
2021-08-31 11:00:00,1630432800.0,2021-08-31 18:00:00,2219855,4.96948,31
2021-08-31 12:00:00,1630436400.0,2021-08-31 19:00:00,2219856,3.95305,31
2021-08-31 13:00:00,1630440000.0,2021-08-31 20:00:00,2219857,4.24292,31
2021-08-31 14:00:00,1630443600.0,2021-08-31 21:00:00,2219858,3.12941,31
2021-08-31 15:00:00,1630447200.0,2021-08-31 22:00:00,2219859,3.48349,31
2021-08-31 16:00:00,1630450800.0,2021-08-31 23:00:00,2219860,3.36385,31
2021-08-31 17:00:00,1630454400.0,2021-09-01 00:00:00,2219861,3.73113,31
2021-08-31 18:00:00,1630458000.0,2021-09-01 01:00:00,2219862,3.34988,31
2021-08-31 19:00:00,1630461600.0,2021-09-01 02:00:00,2219863,4.32151,31
2021-08-31 20:00:00,1630465200.0,2021-09-01 03:00:00,2219870,5.30118,31
2021-08-31 21:00:00,1630468800.0,2021-09-01 04:00:00,2219962,4.74171,31
2021-08-31 22:00:00,1630472400.0,2021-09-01 05:00:00,2220001,3.55556,31
2021-08-31 23:00:00,1630476000.0,2021-09-01 06:00:00,2220060,4.61466,31
