local_timestamp,epoch,datetime,node_file_id,co2_corrected_avg_t_drift_applied,node_id
2021-08-01 12:00:00,1627844400.0,2021-08-01 19:00:00,2155678,407.8693690674848,31
2021-08-01 13:00:00,1627848000.0,2021-08-01 20:00:00,2155715,407.9012410901732,31
2021-08-01 14:00:00,1627851600.0,2021-08-01 21:00:00,2155750,408.0013170912802,31
2021-08-01 15:00:00,1627855200.0,2021-08-01 22:00:00,2155827,407.7347504963668,31
2021-08-01 16:00:00,1627858800.0,2021-08-01 23:00:00,2155877,408.3274867833987,31
2021-08-01 17:00:00,1627862400.0,2021-08-02 00:00:00,2155913,408.561491789964,31
2021-08-01 18:00:00,1627866000.0,2021-08-02 01:00:00,2155979,409.3286024460495,31
2021-08-01 19:00:00,1627869600.0,2021-08-02 02:00:00,2156010,410.649477635378,31
2021-08-01 20:00:00,1627873200.0,2021-08-02 03:00:00,2156085,410.9772460543804,31
2021-08-01 21:00:00,1627876800.0,2021-08-02 04:00:00,2156117,411.0318629744759,31
2021-08-01 22:00:00,1627880400.0,2021-08-02 05:00:00,2156178,412.0737435777242,31
2021-08-01 23:00:00,1627884000.0,2021-08-02 06:00:00,2156238,411.495466383502,31
2021-08-02 00:00:00,1627887600.0,2021-08-02 07:00:00,2156269,411.1042078103494,31
2021-08-02 01:00:00,1627891200.0,2021-08-02 08:00:00,2156315,411.0456033651594,31
2021-08-02 02:00:00,1627894800.0,2021-08-02 09:00:00,2156368,411.797054062155,31
2021-08-02 03:00:00,1627898400.0,2021-08-02 10:00:00,2156428,413.7665936320773,31
2021-08-02 04:00:00,1627902000.0,2021-08-02 11:00:00,2156466,415.0829775806517,31
2021-08-02 05:00:00,1627905600.0,2021-08-02 12:00:00,2156533,413.4858919582369,31
2021-08-02 06:00:00,1627909200.0,2021-08-02 13:00:00,2156581,413.4632731536841,31
2021-08-02 07:00:00,1627912800.0,2021-08-02 14:00:00,2156620,411.0371331114533,31
2021-08-02 08:00:00,1627916400.0,2021-08-02 15:00:00,2156683,408.2813945932845,31
2021-08-02 09:00:00,1627920000.0,2021-08-02 16:00:00,2156748,407.28962586470914,31
2021-08-02 10:00:00,1627923600.0,2021-08-02 17:00:00,2156764,408.88312112410944,31
2021-08-02 11:00:00,1627927200.0,2021-08-02 18:00:00,2156802,409.8645067817287,31
2021-08-02 12:00:00,1627930800.0,2021-08-02 19:00:00,2156861,411.712133083628,31
2021-08-02 13:00:00,1627934400.0,2021-08-02 20:00:00,2156926,411.43213393350254,31
2021-08-02 14:00:00,1627938000.0,2021-08-02 21:00:00,2156965,411.8996748794778,31
2021-08-02 15:00:00,1627941600.0,2021-08-02 22:00:00,2157017,412.5095348414235,31
2021-08-02 16:00:00,1627945200.0,2021-08-02 23:00:00,2157093,412.4079765665738,31
2021-08-02 17:00:00,1627948800.0,2021-08-03 00:00:00,2157113,413.1578871818557,31
2021-08-02 18:00:00,1627952400.0,2021-08-03 01:00:00,2157263,414.06146948843406,31
2021-08-02 19:00:00,1627956000.0,2021-08-03 02:00:00,2157303,414.8490312346107,31
2021-08-02 20:00:00,1627959600.0,2021-08-03 03:00:00,2157355,413.981746448352,31
2021-08-02 21:00:00,1627963200.0,2021-08-03 04:00:00,2157388,412.9073272796392,31
2021-08-02 22:00:00,1627966800.0,2021-08-03 05:00:00,2157504,411.6296599759433,31
2021-08-02 23:00:00,1627970400.0,2021-08-03 06:00:00,2157513,411.75173615620673,31
2021-08-03 00:00:00,1627974000.0,2021-08-03 07:00:00,2157581,410.7345846354881,31
2021-08-03 01:00:00,1627977600.0,2021-08-03 08:00:00,2157626,408.0646824122471,31
2021-08-03 02:00:00,1627981200.0,2021-08-03 09:00:00,2157663,407.8946152487284,31
2021-08-03 03:00:00,1627984800.0,2021-08-03 10:00:00,2157731,407.9617718161815,31
2021-08-03 04:00:00,1627988400.0,2021-08-03 11:00:00,2157760,407.6909917829536,31
2021-08-03 05:00:00,1627992000.0,2021-08-03 12:00:00,2157841,407.3151691742409,31
2021-08-03 06:00:00,1627995600.0,2021-08-03 13:00:00,2157858,408.8097279139317,31
2021-08-03 07:00:00,1627999200.0,2021-08-03 14:00:00,2157930,408.66522623819424,31
2021-08-03 08:00:00,1628002800.0,2021-08-03 15:00:00,2157986,408.0849665296911,31
2021-08-03 09:00:00,1628006400.0,2021-08-03 16:00:00,2158009,407.1293569281779,31
2021-08-03 10:00:00,1628010000.0,2021-08-03 17:00:00,2158093,406.96834914596,31
2021-08-03 11:00:00,1628013600.0,2021-08-03 18:00:00,2158146,407.8362820411991,31
2021-08-03 12:00:00,1628017200.0,2021-08-03 19:00:00,2158180,410.65606626738384,31
2021-08-03 13:00:00,1628020800.0,2021-08-03 20:00:00,2158250,409.5882069483265,31
2021-08-03 14:00:00,1628024400.0,2021-08-03 21:00:00,2158277,410.3078460275914,31
2021-08-03 15:00:00,1628028000.0,2021-08-03 22:00:00,2158334,411.6121988263423,31
2021-08-03 16:00:00,1628031600.0,2021-08-03 23:00:00,2158399,414.2426459804663,31
2021-08-03 17:00:00,1628035200.0,2021-08-04 00:00:00,2158475,414.5650492206112,31
2021-08-03 18:00:00,1628038800.0,2021-08-04 01:00:00,2158536,415.1898952812238,31
2021-08-03 19:00:00,1628042400.0,2021-08-04 02:00:00,2158573,415.76868398580416,31
2021-08-03 20:00:00,1628046000.0,2021-08-04 03:00:00,2158607,414.6562774329584,31
2021-08-03 21:00:00,1628049600.0,2021-08-04 04:00:00,2158659,412.5582204852238,31
2021-08-03 22:00:00,1628053200.0,2021-08-04 05:00:00,2158736,410.2720049325976,31
2021-08-03 23:00:00,1628056800.0,2021-08-04 06:00:00,2158787,407.3931154068823,31
2021-08-04 00:00:00,1628060400.0,2021-08-04 07:00:00,2158839,407.0890003864228,31
2021-08-04 01:00:00,1628064000.0,2021-08-04 08:00:00,2158892,405.9258563047813,31
2021-08-04 02:00:00,1628067600.0,2021-08-04 09:00:00,2158951,405.56934801993646,31
2021-08-04 03:00:00,1628071200.0,2021-08-04 10:00:00,2158996,405.93484478966974,31
2021-08-04 04:00:00,1628074800.0,2021-08-04 11:00:00,2159046,405.5905313334142,31
2021-08-04 05:00:00,1628078400.0,2021-08-04 12:00:00,2159094,406.0941432491706,31
2021-08-04 06:00:00,1628082000.0,2021-08-04 13:00:00,2159125,406.4112316182304,31
2021-08-04 07:00:00,1628085600.0,2021-08-04 14:00:00,2159179,407.1358024530612,31
2021-08-04 08:00:00,1628089200.0,2021-08-04 15:00:00,2159223,405.5286358405793,31
2021-08-04 09:00:00,1628092800.0,2021-08-04 16:00:00,2159312,404.6619619852179,31
2021-08-04 10:00:00,1628096400.0,2021-08-04 17:00:00,2159365,403.7426958057314,31
2021-08-04 11:00:00,1628100000.0,2021-08-04 18:00:00,2159412,402.1005324019674,31
2021-08-04 12:00:00,1628103600.0,2021-08-04 19:00:00,2159445,402.02582198118455,31
2021-08-04 13:00:00,1628107200.0,2021-08-04 20:00:00,2159496,402.9581688862372,31
2021-08-04 14:00:00,1628110800.0,2021-08-04 21:00:00,2159547,403.3492948075605,31
2021-08-04 15:00:00,1628114400.0,2021-08-04 22:00:00,2159592,404.5488003821993,31
2021-08-04 16:00:00,1628118000.0,2021-08-04 23:00:00,2159659,405.5444609903319,31
2021-08-04 17:00:00,1628121600.0,2021-08-05 00:00:00,2159705,406.4515698591356,31
2021-08-04 18:00:00,1628125200.0,2021-08-05 01:00:00,2159757,407.7154808686839,31
2021-08-04 19:00:00,1628128800.0,2021-08-05 02:00:00,2159779,409.7296745955485,31
2021-08-04 20:00:00,1628132400.0,2021-08-05 03:00:00,2159865,409.904085613684,31
2021-08-04 21:00:00,1628136000.0,2021-08-05 04:00:00,2159916,408.8341588772317,31
2021-08-04 22:00:00,1628139600.0,2021-08-05 05:00:00,2159936,409.09806745039566,31
2021-08-04 23:00:00,1628143200.0,2021-08-05 06:00:00,2160014,408.1514663170544,31
2021-08-05 00:00:00,1628146800.0,2021-08-05 07:00:00,2160045,408.51572463324953,31
2021-08-05 01:00:00,1628150400.0,2021-08-05 08:00:00,2160083,408.8612389867182,31
2021-08-05 02:00:00,1628154000.0,2021-08-05 09:00:00,2160138,409.40982325641687,31
2021-08-05 03:00:00,1628157600.0,2021-08-05 10:00:00,2160215,410.76624432504747,31
2021-08-05 04:00:00,1628161200.0,2021-08-05 11:00:00,2160243,410.32206060072514,31
2021-08-05 05:00:00,1628164800.0,2021-08-05 12:00:00,2160319,410.41493360774217,31
2021-08-05 06:00:00,1628168400.0,2021-08-05 13:00:00,2160338,412.8659148977598,31
2021-08-05 07:00:00,1628172000.0,2021-08-05 14:00:00,2160381,412.78185193454846,31
2021-08-05 08:00:00,1628175600.0,2021-08-05 15:00:00,2160453,411.5132480566741,31
2021-08-05 09:00:00,1628179200.0,2021-08-05 16:00:00,2160479,409.0508027704031,31
2021-08-05 10:00:00,1628182800.0,2021-08-05 17:00:00,2160585,408.05082417291874,31
2021-08-05 11:00:00,1628186400.0,2021-08-05 18:00:00,2160618,406.446769501268,31
2021-08-05 12:00:00,1628190000.0,2021-08-05 19:00:00,2160681,406.05981801941147,31
2021-08-05 13:00:00,1628193600.0,2021-08-05 20:00:00,2160727,405.4688497371312,31
2021-08-05 14:00:00,1628197200.0,2021-08-05 21:00:00,2160760,405.7588904171523,31
2021-08-05 15:00:00,1628200800.0,2021-08-05 22:00:00,2160847,407.9183607750877,31
2021-08-05 16:00:00,1628204400.0,2021-08-05 23:00:00,2160888,407.7336026707642,31
2021-08-05 17:00:00,1628208000.0,2021-08-06 00:00:00,2160941,409.2866818980149,31
2021-08-05 18:00:00,1628211600.0,2021-08-06 01:00:00,2160993,410.7686212257005,31
2021-08-05 19:00:00,1628215200.0,2021-08-06 02:00:00,2161042,411.42255011121296,31
2021-08-05 20:00:00,1628218800.0,2021-08-06 03:00:00,2161097,410.4880656980043,31
2021-08-05 21:00:00,1628222400.0,2021-08-06 04:00:00,2161149,409.8815970667705,31
2021-08-05 22:00:00,1628226000.0,2021-08-06 05:00:00,2161196,410.3820285997208,31
2021-08-05 23:00:00,1628229600.0,2021-08-06 06:00:00,2161250,409.5329877486674,31
2021-08-06 00:00:00,1628233200.0,2021-08-06 07:00:00,2161286,410.2158772555135,31
2021-08-06 01:00:00,1628236800.0,2021-08-06 08:00:00,2161333,410.4106328532411,31
2021-08-06 02:00:00,1628240400.0,2021-08-06 09:00:00,2161410,411.7234028344375,31
2021-08-06 03:00:00,1628244000.0,2021-08-06 10:00:00,2161476,411.2031184587794,31
2021-08-06 04:00:00,1628247600.0,2021-08-06 11:00:00,2161531,411.6416430213631,31
2021-08-06 05:00:00,1628251200.0,2021-08-06 12:00:00,2161581,414.547722902738,31
2021-08-06 06:00:00,1628254800.0,2021-08-06 13:00:00,2161602,416.1632115321128,31
2021-08-06 07:00:00,1628258400.0,2021-08-06 14:00:00,2161652,417.6824910968013,31
2021-08-06 08:00:00,1628262000.0,2021-08-06 15:00:00,2161725,416.6049453379042,31
2021-08-06 09:00:00,1628265600.0,2021-08-06 16:00:00,2161763,422.90572571648937,31
2021-08-06 10:00:00,1628269200.0,2021-08-06 17:00:00,2161803,420.0644172362464,31
2021-08-06 11:00:00,1628272800.0,2021-08-06 18:00:00,2161866,422.0162131026507,31
2021-08-06 12:00:00,1628276400.0,2021-08-06 19:00:00,2161907,426.8948318023976,31
2021-08-06 13:00:00,1628280000.0,2021-08-06 20:00:00,2161972,426.6042148145638,31
2021-08-06 14:00:00,1628283600.0,2021-08-06 21:00:00,2162042,426.4468889487408,31
2021-08-06 15:00:00,1628287200.0,2021-08-06 22:00:00,2162108,422.07579440604457,31
2021-08-06 16:00:00,1628290800.0,2021-08-06 23:00:00,2162158,421.8202515930405,31
2021-08-06 17:00:00,1628294400.0,2021-08-07 00:00:00,2162260,422.29303725477786,31
2021-08-06 18:00:00,1628298000.0,2021-08-07 01:00:00,2162261,421.7920923730683,31
2021-08-06 19:00:00,1628301600.0,2021-08-07 02:00:00,2162290,418.6093290485749,31
2021-08-06 20:00:00,1628305200.0,2021-08-07 03:00:00,2162354,416.1008096356772,31
2021-08-06 21:00:00,1628308800.0,2021-08-07 04:00:00,2162408,416.0465091209985,31
2021-08-06 22:00:00,1628312400.0,2021-08-07 05:00:00,2162482,416.06318415683984,31
2021-08-06 23:00:00,1628316000.0,2021-08-07 06:00:00,2162517,416.1284319585347,31
2021-08-07 00:00:00,1628319600.0,2021-08-07 07:00:00,2162547,414.5340764073087,31
2021-08-07 01:00:00,1628323200.0,2021-08-07 08:00:00,2162617,415.0399428317359,31
2021-08-07 02:00:00,1628326800.0,2021-08-07 09:00:00,2162681,413.7852276431857,31
2021-08-07 03:00:00,1628330400.0,2021-08-07 10:00:00,2162735,413.75037807945125,31
2021-08-07 04:00:00,1628334000.0,2021-08-07 11:00:00,2162805,416.3162428860332,31
2021-08-07 05:00:00,1628337600.0,2021-08-07 12:00:00,2162825,415.93507866135855,31
2021-08-07 06:00:00,1628341200.0,2021-08-07 13:00:00,2162892,414.50608138555697,31
2021-08-07 07:00:00,1628344800.0,2021-08-07 14:00:00,2162931,414.781198595589,31
2021-08-07 08:00:00,1628348400.0,2021-08-07 15:00:00,2162996,415.4154916853855,31
2021-08-07 09:00:00,1628352000.0,2021-08-07 16:00:00,2163029,416.03130976470817,31
2021-08-07 10:00:00,1628355600.0,2021-08-07 17:00:00,2163109,416.33145660418097,31
2021-08-07 11:00:00,1628359200.0,2021-08-07 18:00:00,2163135,417.3653784587339,31
2021-08-07 12:00:00,1628362800.0,2021-08-07 19:00:00,2163206,417.5407315957664,31
2021-08-07 13:00:00,1628366400.0,2021-08-07 20:00:00,2163247,421.8050635641491,31
2021-08-07 14:00:00,1628370000.0,2021-08-07 21:00:00,2163960,419.9727640298601,31
2021-08-07 15:00:00,1628373600.0,2021-08-07 22:00:00,2163961,418.4875222459147,31
2021-08-07 16:00:00,1628377200.0,2021-08-07 23:00:00,2163962,418.654522240096,31
2021-08-07 17:00:00,1628380800.0,2021-08-08 00:00:00,2163963,421.30957657489694,31
2021-08-07 18:00:00,1628384400.0,2021-08-08 01:00:00,2163964,420.4733871182385,31
2021-08-07 19:00:00,1628388000.0,2021-08-08 02:00:00,2163965,420.6679140462208,31
2021-08-07 20:00:00,1628391600.0,2021-08-08 03:00:00,2163966,420.9546509275647,31
2021-08-07 21:00:00,1628395200.0,2021-08-08 04:00:00,2163967,420.6851856994169,31
2021-08-07 22:00:00,1628398800.0,2021-08-08 05:00:00,2163968,418.5251121475974,31
2021-08-07 23:00:00,1628402400.0,2021-08-08 06:00:00,2163969,417.2004079173482,31
2021-08-08 00:00:00,1628406000.0,2021-08-08 07:00:00,2163970,415.1350906426312,31
2021-08-08 01:00:00,1628409600.0,2021-08-08 08:00:00,2163971,416.810043053153,31
2021-08-08 02:00:00,1628413200.0,2021-08-08 09:00:00,2163972,417.5200683075476,31
2021-08-08 03:00:00,1628416800.0,2021-08-08 10:00:00,2164008,418.9540359668186,31
2021-08-08 04:00:00,1628420400.0,2021-08-08 11:00:00,2164028,421.413826179626,31
2021-08-08 05:00:00,1628424000.0,2021-08-08 12:00:00,2164107,421.6377461048849,31
2021-08-08 06:00:00,1628427600.0,2021-08-08 13:00:00,2164130,416.5394561318096,31
2021-08-08 07:00:00,1628431200.0,2021-08-08 14:00:00,2164221,415.524428684562,31
2021-08-08 08:00:00,1628434800.0,2021-08-08 15:00:00,2164249,414.6729175239713,31
2021-08-08 09:00:00,1628438400.0,2021-08-08 16:00:00,2164288,414.052721524482,31
2021-08-08 10:00:00,1628442000.0,2021-08-08 17:00:00,2164363,415.5797389248652,31
2021-08-08 11:00:00,1628445600.0,2021-08-08 18:00:00,2164415,416.3323339730152,31
2021-08-08 12:00:00,1628449200.0,2021-08-08 19:00:00,2164455,415.9115454523085,31
2021-08-08 13:00:00,1628452800.0,2021-08-08 20:00:00,2164503,417.4015036486301,31
2021-08-08 14:00:00,1628456400.0,2021-08-08 21:00:00,2164563,415.352545060563,31
2021-08-08 15:00:00,1628460000.0,2021-08-08 22:00:00,2164643,415.0838450874697,31
2021-08-08 16:00:00,1628463600.0,2021-08-08 23:00:00,2164668,415.804530237508,31
2021-08-08 17:00:00,1628467200.0,2021-08-09 00:00:00,2164702,415.21398927142616,31
2021-08-08 18:00:00,1628470800.0,2021-08-09 01:00:00,2164769,415.547327712853,31
2021-08-08 19:00:00,1628474400.0,2021-08-09 02:00:00,2164818,417.1399057054,31
2021-08-08 20:00:00,1628478000.0,2021-08-09 03:00:00,2164874,414.6441229966652,31
2021-08-08 21:00:00,1628481600.0,2021-08-09 04:00:00,2164952,412.8661720142261,31
2021-08-08 22:00:00,1628485200.0,2021-08-09 05:00:00,2164986,409.6033289833406,31
2021-08-08 23:00:00,1628488800.0,2021-08-09 06:00:00,2165042,407.6733037090792,31
2021-08-09 00:00:00,1628492400.0,2021-08-09 07:00:00,2165683,406.4764301212828,31
2021-08-09 01:00:00,1628496000.0,2021-08-09 08:00:00,2165684,407.99487499487617,31
2021-08-09 02:00:00,1628499600.0,2021-08-09 09:00:00,2165685,410.8417197952356,31
2021-08-09 03:00:00,1628503200.0,2021-08-09 10:00:00,2165686,411.6664355610831,31
2021-08-09 04:00:00,1628506800.0,2021-08-09 11:00:00,2165687,413.9973366792193,31
2021-08-09 05:00:00,1628510400.0,2021-08-09 12:00:00,2165688,412.1000392936744,31
2021-08-09 06:00:00,1628514000.0,2021-08-09 13:00:00,2165689,414.05754275224535,31
2021-08-09 07:00:00,1628517600.0,2021-08-09 14:00:00,2165690,415.2761387763134,31
2021-08-09 08:00:00,1628521200.0,2021-08-09 15:00:00,2165691,416.418004284592,31
2021-08-09 09:00:00,1628524800.0,2021-08-09 16:00:00,2165692,414.98046724198224,31
2021-08-09 10:00:00,1628528400.0,2021-08-09 17:00:00,2165693,415.5230529976986,31
2021-08-09 11:00:00,1628532000.0,2021-08-09 18:00:00,2165694,416.9279711287955,31
2021-08-09 12:00:00,1628535600.0,2021-08-09 19:00:00,2165956,417.8203923570359,31
2021-08-09 13:00:00,1628539200.0,2021-08-09 20:00:00,2165957,414.4248055816963,31
2021-08-09 14:00:00,1628542800.0,2021-08-09 21:00:00,2165958,414.2710062862456,31
2021-08-09 15:00:00,1628546400.0,2021-08-09 22:00:00,2165959,412.3637347321177,31
2021-08-09 16:00:00,1628550000.0,2021-08-09 23:00:00,2165960,411.38328859459017,31
2021-08-09 17:00:00,1628553600.0,2021-08-10 00:00:00,2165989,411.7053284795248,31
2021-08-09 18:00:00,1628557200.0,2021-08-10 01:00:00,2166043,412.14120755992974,31
2021-08-09 19:00:00,1628560800.0,2021-08-10 02:00:00,2166094,413.9642675413082,31
2021-08-09 20:00:00,1628564400.0,2021-08-10 03:00:00,2166136,412.97990301172746,31
2021-08-09 21:00:00,1628568000.0,2021-08-10 04:00:00,2166197,410.53778166335735,31
2021-08-09 22:00:00,1628571600.0,2021-08-10 05:00:00,2166269,408.8446917617456,31
2021-08-09 23:00:00,1628575200.0,2021-08-10 06:00:00,2166295,408.5218716212617,31
2021-08-10 00:00:00,1628578800.0,2021-08-10 07:00:00,2166360,410.2511969171749,31
2021-08-10 01:00:00,1628582400.0,2021-08-10 08:00:00,2166424,409.5239097529234,31
2021-08-10 02:00:00,1628586000.0,2021-08-10 09:00:00,2166475,407.5453684903418,31
2021-08-10 03:00:00,1628589600.0,2021-08-10 10:00:00,2166505,407.06773571599007,31
2021-08-10 04:00:00,1628593200.0,2021-08-10 11:00:00,2166563,407.4901289003681,31
2021-08-10 05:00:00,1628596800.0,2021-08-10 12:00:00,2166742,408.3520528843696,31
2021-08-10 06:00:00,1628600400.0,2021-08-10 13:00:00,2166743,408.852646006358,31
2021-08-10 07:00:00,1628604000.0,2021-08-10 14:00:00,2166744,408.499486885542,31
2021-08-10 08:00:00,1628607600.0,2021-08-10 15:00:00,2166774,410.1300337254114,31
2021-08-10 09:00:00,1628611200.0,2021-08-10 16:00:00,2166816,412.5113494349876,31
2021-08-10 10:00:00,1628614800.0,2021-08-10 17:00:00,2166863,419.7383815514838,31
2021-08-10 11:00:00,1628618400.0,2021-08-10 18:00:00,2166925,420.5992783792778,31
2021-08-10 12:00:00,1628622000.0,2021-08-10 19:00:00,2169320,420.1131925331218,31
2021-08-10 13:00:00,1628625600.0,2021-08-10 20:00:00,2169321,419.6382097986173,31
2021-08-10 14:00:00,1628629200.0,2021-08-10 21:00:00,2169322,420.8539117007974,31
2021-08-10 15:00:00,1628632800.0,2021-08-10 22:00:00,2169323,421.1642030451928,31
2021-08-10 16:00:00,1628636400.0,2021-08-10 23:00:00,2169324,419.4832812469618,31
2021-08-10 17:00:00,1628640000.0,2021-08-11 00:00:00,2169325,419.8727895583519,31
2021-08-10 18:00:00,1628643600.0,2021-08-11 01:00:00,2169326,418.56264156693953,31
2021-08-10 19:00:00,1628647200.0,2021-08-11 02:00:00,2169327,417.47335833178425,31
2021-08-10 20:00:00,1628650800.0,2021-08-11 03:00:00,2169328,414.090673085788,31
2021-08-10 21:00:00,1628654400.0,2021-08-11 04:00:00,2169329,411.3532910212835,31
2021-08-10 22:00:00,1628658000.0,2021-08-11 05:00:00,2169330,411.0454796971599,31
2021-08-10 23:00:00,1628661600.0,2021-08-11 06:00:00,2169331,411.3802151922376,31
2021-08-11 00:00:00,1628665200.0,2021-08-11 07:00:00,2169332,412.6962825128444,31
2021-08-11 01:00:00,1628668800.0,2021-08-11 08:00:00,2169333,414.01416233005295,31
2021-08-11 02:00:00,1628672400.0,2021-08-11 09:00:00,2169334,415.1331096904273,31
2021-08-11 03:00:00,1628676000.0,2021-08-11 10:00:00,2169335,417.03296549099167,31
2021-08-11 04:00:00,1628679600.0,2021-08-11 11:00:00,2169336,419.402828989141,31
2021-08-11 05:00:00,1628683200.0,2021-08-11 12:00:00,2169337,420.0452152851649,31
2021-08-11 06:00:00,1628686800.0,2021-08-11 13:00:00,2169338,423.9613853796537,31
2021-08-11 07:00:00,1628690400.0,2021-08-11 14:00:00,2169339,427.9620444718608,31
2021-08-11 08:00:00,1628694000.0,2021-08-11 15:00:00,2169340,428.91413981764936,31
2021-08-11 09:00:00,1628697600.0,2021-08-11 16:00:00,2169341,428.0442533586795,31
2021-08-11 10:00:00,1628701200.0,2021-08-11 17:00:00,2169342,422.2094883824497,31
2021-08-11 11:00:00,1628704800.0,2021-08-11 18:00:00,2169343,417.92705772708064,31
2021-08-11 12:00:00,1628708400.0,2021-08-11 19:00:00,2169344,418.7472419612088,31
2021-08-11 13:00:00,1628712000.0,2021-08-11 20:00:00,2169345,417.85972588916286,31
2021-08-11 14:00:00,1628715600.0,2021-08-11 21:00:00,2169346,416.47914018805153,31
2021-08-11 15:00:00,1628719200.0,2021-08-11 22:00:00,2169347,414.3279377327486,31
2021-08-11 16:00:00,1628722800.0,2021-08-11 23:00:00,2169348,413.0934465687636,31
2021-08-11 17:00:00,1628726400.0,2021-08-12 00:00:00,2169349,411.4572990155797,31
2021-08-11 18:00:00,1628730000.0,2021-08-12 01:00:00,2169350,412.4390690216644,31
2021-08-11 19:00:00,1628733600.0,2021-08-12 02:00:00,2169351,413.2320822082396,31
2021-08-11 20:00:00,1628737200.0,2021-08-12 03:00:00,2169352,411.6763539626436,31
2021-08-11 21:00:00,1628740800.0,2021-08-12 04:00:00,2169353,410.70345843683856,31
2021-08-11 22:00:00,1628744400.0,2021-08-12 05:00:00,2169354,409.6039556319463,31
2021-08-11 23:00:00,1628748000.0,2021-08-12 06:00:00,2169355,408.8815080427751,31
2021-08-12 00:00:00,1628751600.0,2021-08-12 07:00:00,2169356,409.3301313531828,31
2021-08-12 01:00:00,1628755200.0,2021-08-12 08:00:00,2169357,410.1762259768392,31
2021-08-12 02:00:00,1628758800.0,2021-08-12 09:00:00,2169358,408.8858028671556,31
2021-08-12 03:00:00,1628762400.0,2021-08-12 10:00:00,2169359,408.0257994303725,31
2021-08-12 04:00:00,1628766000.0,2021-08-12 11:00:00,2169360,407.7708696056631,31
2021-08-12 05:00:00,1628769600.0,2021-08-12 12:00:00,2169361,408.80189350248446,31
2021-08-12 06:00:00,1628773200.0,2021-08-12 13:00:00,2169362,411.7763038737032,31
2021-08-12 07:00:00,1628776800.0,2021-08-12 14:00:00,2169363,415.332210856061,31
2021-08-12 08:00:00,1628780400.0,2021-08-12 15:00:00,2169364,413.09750860684034,31
2021-08-12 09:00:00,1628784000.0,2021-08-12 16:00:00,2169365,409.8380253405113,31
2021-08-12 10:00:00,1628787600.0,2021-08-12 17:00:00,2169405,411.7944599621771,31
2021-08-12 11:00:00,1628791200.0,2021-08-12 18:00:00,2169641,413.5267784283444,31
2021-08-12 12:00:00,1628794800.0,2021-08-12 19:00:00,2169642,411.2212938410258,31
2021-08-12 13:00:00,1628798400.0,2021-08-12 20:00:00,2169643,411.97184139289214,31
2021-08-12 14:00:00,1628802000.0,2021-08-12 21:00:00,2169644,412.6532979279128,31
2021-08-12 15:00:00,1628805600.0,2021-08-12 22:00:00,2169815,412.755973381225,31
2021-08-12 16:00:00,1628809200.0,2021-08-12 23:00:00,2169816,412.7719938089216,31
2021-08-12 17:00:00,1628812800.0,2021-08-13 00:00:00,2169817,413.63575867275,31
2021-08-12 18:00:00,1628816400.0,2021-08-13 01:00:00,2169869,415.4814099961882,31
2021-08-12 19:00:00,1628820000.0,2021-08-13 02:00:00,2169890,414.2140312308657,31
2021-08-12 20:00:00,1628823600.0,2021-08-13 03:00:00,2169941,410.4438864009371,31
2021-08-12 21:00:00,1628827200.0,2021-08-13 04:00:00,2170009,409.68410790585136,31
2021-08-12 22:00:00,1628830800.0,2021-08-13 05:00:00,2170059,409.977206367672,31
2021-08-12 23:00:00,1628834400.0,2021-08-13 06:00:00,2170097,410.3971648346579,31
2021-08-13 00:00:00,1628838000.0,2021-08-13 07:00:00,2170163,407.834651750992,31
2021-08-13 01:00:00,1628841600.0,2021-08-13 08:00:00,2170227,408.0272685032057,31
2021-08-13 02:00:00,1628845200.0,2021-08-13 09:00:00,2170278,408.3744999940672,31
2021-08-13 03:00:00,1628848800.0,2021-08-13 10:00:00,2170333,411.5114896079175,31
2021-08-13 04:00:00,1628852400.0,2021-08-13 11:00:00,2170401,409.5584281413469,31
2021-08-13 05:00:00,1628856000.0,2021-08-13 12:00:00,2170440,410.6081688299912,31
2021-08-13 06:00:00,1628859600.0,2021-08-13 13:00:00,2170491,413.5454424845956,31
2021-08-13 07:00:00,1628863200.0,2021-08-13 14:00:00,2170546,412.1198596889856,31
2021-08-13 08:00:00,1628866800.0,2021-08-13 15:00:00,2170613,407.76788624674367,31
2021-08-13 09:00:00,1628870400.0,2021-08-13 16:00:00,2171150,406.7898215146981,31
2021-08-13 10:00:00,1628874000.0,2021-08-13 17:00:00,2171151,407.14481745435376,31
2021-08-13 11:00:00,1628877600.0,2021-08-13 18:00:00,2171152,406.6342473444383,31
2021-08-13 12:00:00,1628881200.0,2021-08-13 19:00:00,2171153,407.5243460104781,31
2021-08-13 13:00:00,1628884800.0,2021-08-13 20:00:00,2171154,407.5786727153225,31
2021-08-13 14:00:00,1628888400.0,2021-08-13 21:00:00,2171155,407.8734982732805,31
2021-08-13 15:00:00,1628892000.0,2021-08-13 22:00:00,2171156,407.1863272249347,31
2021-08-13 16:00:00,1628895600.0,2021-08-13 23:00:00,2171157,408.5888949559244,31
2021-08-13 17:00:00,1628899200.0,2021-08-14 00:00:00,2171158,411.4201955488743,31
2021-08-13 18:00:00,1628902800.0,2021-08-14 01:00:00,2171159,412.814817543808,31
2021-08-13 19:00:00,1628906400.0,2021-08-14 02:00:00,2171188,411.2433534098559,31
2021-08-13 20:00:00,1628910000.0,2021-08-14 03:00:00,2171234,411.0254289326165,31
2021-08-13 21:00:00,1628913600.0,2021-08-14 04:00:00,2171314,413.7597537225035,31
2021-08-13 22:00:00,1628917200.0,2021-08-14 05:00:00,2171352,412.67126769234375,31
2021-08-13 23:00:00,1628920800.0,2021-08-14 06:00:00,2171396,411.75025475595936,31
2021-08-14 00:00:00,1628924400.0,2021-08-14 07:00:00,2171441,410.6618111080129,31
2021-08-14 01:00:00,1628928000.0,2021-08-14 08:00:00,2171477,412.3105379670456,31
2021-08-14 02:00:00,1628931600.0,2021-08-14 09:00:00,2171544,409.6919643635962,31
2021-08-14 03:00:00,1628935200.0,2021-08-14 10:00:00,2171597,407.7209446677728,31
2021-08-14 04:00:00,1628938800.0,2021-08-14 11:00:00,2171655,407.5865099413408,31
2021-08-14 05:00:00,1628942400.0,2021-08-14 12:00:00,2171707,408.4874711699581,31
2021-08-14 06:00:00,1628946000.0,2021-08-14 13:00:00,2171742,408.40527557586097,31
2021-08-14 07:00:00,1628949600.0,2021-08-14 14:00:00,2171801,408.7260540533319,31
2021-08-14 08:00:00,1628953200.0,2021-08-14 15:00:00,2171840,408.5586465389993,31
2021-08-14 09:00:00,1628956800.0,2021-08-14 16:00:00,2171926,409.1087849095057,31
2021-08-14 10:00:00,1628960400.0,2021-08-14 17:00:00,2172038,411.4043444131926,31
2021-08-14 11:00:00,1628964000.0,2021-08-14 18:00:00,2172039,413.7418140765473,31
2021-08-14 12:00:00,1628967600.0,2021-08-14 19:00:00,2172048,412.3129953186554,31
2021-08-14 13:00:00,1628971200.0,2021-08-14 20:00:00,2172110,412.0846492321473,31
2021-08-14 14:00:00,1628974800.0,2021-08-14 21:00:00,2172504,412.0808115046702,31
2021-08-14 15:00:00,1628978400.0,2021-08-14 22:00:00,2172505,413.1804810223423,31
2021-08-14 16:00:00,1628982000.0,2021-08-14 23:00:00,2172506,413.5881782925208,31
2021-08-14 17:00:00,1628985600.0,2021-08-15 00:00:00,2172507,413.7500244167492,31
2021-08-14 18:00:00,1628989200.0,2021-08-15 01:00:00,2172508,414.5258391293574,31
2021-08-14 19:00:00,1628992800.0,2021-08-15 02:00:00,2172509,413.30238948453945,31
2021-08-14 20:00:00,1628996400.0,2021-08-15 03:00:00,2172510,410.8307539780195,31
2021-08-14 21:00:00,1629000000.0,2021-08-15 04:00:00,2172540,410.1655659932094,31
2021-08-14 22:00:00,1629003600.0,2021-08-15 05:00:00,2172581,410.5830903302356,31
2021-08-14 23:00:00,1629007200.0,2021-08-15 06:00:00,2172641,411.2581260044113,31
2021-08-15 00:00:00,1629010800.0,2021-08-15 07:00:00,2172719,414.22618214419873,31
2021-08-15 01:00:00,1629014400.0,2021-08-15 08:00:00,2173192,414.7655573311857,31
2021-08-15 02:00:00,1629018000.0,2021-08-15 09:00:00,2173258,412.8910247947526,31
2021-08-15 03:00:00,1629021600.0,2021-08-15 10:00:00,2173334,409.0424248276566,31
2021-08-15 04:00:00,1629025200.0,2021-08-15 11:00:00,2173662,409.7671233260391,31
2021-08-15 05:00:00,1629028800.0,2021-08-15 12:00:00,2173663,410.0806256082221,31
2021-08-15 06:00:00,1629032400.0,2021-08-15 13:00:00,2173664,410.1863506619533,31
2021-08-15 07:00:00,1629036000.0,2021-08-15 14:00:00,2173665,409.38172173104505,31
2021-08-15 08:00:00,1629039600.0,2021-08-15 15:00:00,2173666,410.139304851229,31
2021-08-15 09:00:00,1629043200.0,2021-08-15 16:00:00,2173667,409.8337249271049,31
2021-08-15 10:00:00,1629046800.0,2021-08-15 17:00:00,2173706,408.0239160762855,31
2021-08-15 11:00:00,1629050400.0,2021-08-15 18:00:00,2173768,409.80555006746897,31
2021-08-15 12:00:00,1629054000.0,2021-08-15 19:00:00,2173786,409.51091394399685,31
2021-08-15 13:00:00,1629057600.0,2021-08-15 20:00:00,2174037,410.3919317221917,31
2021-08-15 14:00:00,1629061200.0,2021-08-15 21:00:00,2174038,412.50387086582987,31
2021-08-15 15:00:00,1629064800.0,2021-08-15 22:00:00,2174039,412.7417159207312,31
2021-08-15 16:00:00,1629068400.0,2021-08-15 23:00:00,2174040,411.8840150926517,31
2021-08-15 17:00:00,1629072000.0,2021-08-16 00:00:00,2174050,412.12016843190327,31
2021-08-15 18:00:00,1629075600.0,2021-08-16 01:00:00,2174113,412.3990652934288,31
2021-08-15 19:00:00,1629079200.0,2021-08-16 02:00:00,2174354,412.269501900066,31
2021-08-15 20:00:00,1629082800.0,2021-08-16 03:00:00,2174355,410.8600883151994,31
2021-08-15 21:00:00,1629086400.0,2021-08-16 04:00:00,2174356,411.5360633750272,31
2021-08-15 22:00:00,1629090000.0,2021-08-16 05:00:00,2174357,410.7298865915628,31
2021-08-15 23:00:00,1629093600.0,2021-08-16 06:00:00,2174618,411.99329020409374,31
2021-08-16 00:00:00,1629097200.0,2021-08-16 07:00:00,2174619,410.0905229103177,31
2021-08-16 01:00:00,1629100800.0,2021-08-16 08:00:00,2174620,411.2431447850035,31
2021-08-16 02:00:00,1629104400.0,2021-08-16 09:00:00,2174621,410.6887043583796,31
2021-08-16 03:00:00,1629108000.0,2021-08-16 10:00:00,2174622,411.6949075829851,31
2021-08-16 04:00:00,1629111600.0,2021-08-16 11:00:00,2174641,411.3469690126327,31
2021-08-16 05:00:00,1629115200.0,2021-08-16 12:00:00,2174702,413.3485431795461,31
2021-08-16 06:00:00,1629118800.0,2021-08-16 13:00:00,2174779,415.54436844056886,31
2021-08-16 07:00:00,1629122400.0,2021-08-16 14:00:00,2174784,417.62679386950185,31
2021-08-16 08:00:00,1629126000.0,2021-08-16 15:00:00,2174862,418.43186760420434,31
2021-08-16 09:00:00,1629129600.0,2021-08-16 16:00:00,2176361,416.1701162582746,31
2021-08-16 10:00:00,1629133200.0,2021-08-16 17:00:00,2176362,417.40990593947146,31
2021-08-16 11:00:00,1629136800.0,2021-08-16 18:00:00,2176363,416.63393341531753,31
2021-08-16 12:00:00,1629140400.0,2021-08-16 19:00:00,2176364,415.4525763167411,31
2021-08-16 13:00:00,1629144000.0,2021-08-16 20:00:00,2176365,414.18467433876793,31
2021-08-16 14:00:00,1629147600.0,2021-08-16 21:00:00,2176366,411.93534804559886,31
2021-08-16 15:00:00,1629151200.0,2021-08-16 22:00:00,2176367,412.6911185306603,31
2021-08-16 16:00:00,1629154800.0,2021-08-16 23:00:00,2176368,413.2273472825999,31
2021-08-16 17:00:00,1629158400.0,2021-08-17 00:00:00,2176369,413.5202369930483,31
2021-08-16 18:00:00,1629162000.0,2021-08-17 01:00:00,2176370,414.90192594694025,31
2021-08-16 19:00:00,1629165600.0,2021-08-17 02:00:00,2176371,416.68757936992273,31
2021-08-16 20:00:00,1629169200.0,2021-08-17 03:00:00,2176372,415.4932175280919,31
2021-08-16 21:00:00,1629172800.0,2021-08-17 04:00:00,2176373,414.5470947293694,31
2021-08-16 22:00:00,1629176400.0,2021-08-17 05:00:00,2177070,414.3086086615465,31
2021-08-16 23:00:00,1629180000.0,2021-08-17 06:00:00,2177071,413.7041908533002,31
2021-08-17 00:00:00,1629183600.0,2021-08-17 07:00:00,2177072,413.7665084412032,31
2021-08-17 01:00:00,1629187200.0,2021-08-17 08:00:00,2177073,412.972456470354,31
2021-08-17 02:00:00,1629190800.0,2021-08-17 09:00:00,2177074,411.9938532216475,31
2021-08-17 03:00:00,1629194400.0,2021-08-17 10:00:00,2177075,414.2099596204053,31
2021-08-17 04:00:00,1629198000.0,2021-08-17 11:00:00,2177076,413.7299726789316,31
2021-08-17 05:00:00,1629201600.0,2021-08-17 12:00:00,2177077,411.9629680690391,31
2021-08-17 06:00:00,1629205200.0,2021-08-17 13:00:00,2177078,414.9255422601478,31
2021-08-17 07:00:00,1629208800.0,2021-08-17 14:00:00,2177079,415.5541437620244,31
2021-08-17 08:00:00,1629212400.0,2021-08-17 15:00:00,2177080,412.7048490772863,31
2021-08-17 09:00:00,1629216000.0,2021-08-17 16:00:00,2177081,409.5245755913191,31
2021-08-17 10:00:00,1629219600.0,2021-08-17 17:00:00,2177082,408.18706565697744,31
2021-08-17 11:00:00,1629223200.0,2021-08-17 18:00:00,2177160,408.1311891039775,31
2021-08-17 12:00:00,1629226800.0,2021-08-17 19:00:00,2177178,409.1086362208115,31
2021-08-17 13:00:00,1629230400.0,2021-08-17 20:00:00,2177267,409.97528146862913,31
2021-08-17 14:00:00,1629234000.0,2021-08-17 21:00:00,2177316,409.5852304011984,31
2021-08-17 15:00:00,1629237600.0,2021-08-17 22:00:00,2177356,408.4661715668422,31
2021-08-17 16:00:00,1629241200.0,2021-08-17 23:00:00,2177426,405.4690417692402,31
2021-08-17 17:00:00,1629244800.0,2021-08-18 00:00:00,2177476,404.6937820109081,31
2021-08-17 18:00:00,1629248400.0,2021-08-18 01:00:00,2178374,406.0034082229847,31
2021-08-17 19:00:00,1629252000.0,2021-08-18 02:00:00,2178375,406.8128987034477,31
2021-08-17 20:00:00,1629255600.0,2021-08-18 03:00:00,2178376,406.1796561910433,31
2021-08-17 21:00:00,1629259200.0,2021-08-18 04:00:00,2178377,406.4737567021874,31
2021-08-17 22:00:00,1629262800.0,2021-08-18 05:00:00,2178378,408.1770875495101,31
2021-08-17 23:00:00,1629266400.0,2021-08-18 06:00:00,2178379,410.6139630479699,31
2021-08-18 00:00:00,1629270000.0,2021-08-18 07:00:00,2178380,412.07417345665925,31
2021-08-18 01:00:00,1629273600.0,2021-08-18 08:00:00,2178381,420.81733808694526,31
2021-08-18 02:00:00,1629277200.0,2021-08-18 09:00:00,2178382,423.8532543820974,31
2021-08-18 03:00:00,1629280800.0,2021-08-18 10:00:00,2178383,418.4336399673362,31
2021-08-18 04:00:00,1629284400.0,2021-08-18 11:00:00,2178384,416.25589598341526,31
2021-08-18 05:00:00,1629288000.0,2021-08-18 12:00:00,2178385,420.76086315274574,31
2021-08-18 06:00:00,1629291600.0,2021-08-18 13:00:00,2178386,435.0652877742891,31
2021-08-18 07:00:00,1629295200.0,2021-08-18 14:00:00,2178387,442.2325700786054,31
2021-08-18 08:00:00,1629298800.0,2021-08-18 15:00:00,2178388,420.7953454912716,31
2021-08-18 09:00:00,1629302400.0,2021-08-18 16:00:00,2178389,410.7492574025888,31
2021-08-18 10:00:00,1629306000.0,2021-08-18 17:00:00,2178390,411.4179854749685,31
2021-08-18 11:00:00,1629309600.0,2021-08-18 18:00:00,2178391,416.3799076797702,31
2021-08-18 12:00:00,1629313200.0,2021-08-18 19:00:00,2178434,414.7725639263938,31
2021-08-18 13:00:00,1629316800.0,2021-08-18 20:00:00,2178471,410.3853739160173,31
2021-08-18 14:00:00,1629320400.0,2021-08-18 21:00:00,2178512,410.5710287345463,31
2021-08-18 15:00:00,1629324000.0,2021-08-18 22:00:00,2178567,410.8691682116308,31
2021-08-18 16:00:00,1629327600.0,2021-08-18 23:00:00,2178630,411.6299792863611,31
2021-08-18 17:00:00,1629331200.0,2021-08-19 00:00:00,2178692,410.102994756121,31
2021-08-18 18:00:00,1629334800.0,2021-08-19 01:00:00,2178730,410.36532252246974,31
2021-08-18 19:00:00,1629338400.0,2021-08-19 02:00:00,2179685,410.2029115665566,31
2021-08-18 20:00:00,1629342000.0,2021-08-19 03:00:00,2179686,409.2360610896748,31
2021-08-18 21:00:00,1629345600.0,2021-08-19 04:00:00,2179687,412.3614948610378,31
2021-08-18 22:00:00,1629349200.0,2021-08-19 05:00:00,2179688,413.14974937528456,31
2021-08-18 23:00:00,1629352800.0,2021-08-19 06:00:00,2179689,416.1614994314996,31
2021-08-19 00:00:00,1629356400.0,2021-08-19 07:00:00,2179691,413.81961326236825,31
2021-08-19 01:00:00,1629360000.0,2021-08-19 08:00:00,2179692,408.31683168255176,31
2021-08-19 02:00:00,1629363600.0,2021-08-19 09:00:00,2179693,407.2752722367834,31
2021-08-19 03:00:00,1629367200.0,2021-08-19 10:00:00,2179694,406.1362649662705,31
2021-08-19 04:00:00,1629370800.0,2021-08-19 11:00:00,2179695,406.54001534980375,31
2021-08-19 05:00:00,1629374400.0,2021-08-19 12:00:00,2179696,407.00246085989073,31
2021-08-19 06:00:00,1629378000.0,2021-08-19 13:00:00,2179697,408.8791494549362,31
2021-08-19 07:00:00,1629381600.0,2021-08-19 14:00:00,2179698,411.691782843903,31
2021-08-19 08:00:00,1629385200.0,2021-08-19 15:00:00,2179699,411.7631097642429,31
2021-08-19 09:00:00,1629388800.0,2021-08-19 16:00:00,2179700,407.6492340298623,31
2021-08-19 10:00:00,1629392400.0,2021-08-19 17:00:00,2179701,407.477448253675,31
2021-08-19 11:00:00,1629396000.0,2021-08-19 18:00:00,2179977,408.3943275793106,31
2021-08-19 12:00:00,1629399600.0,2021-08-19 19:00:00,2179978,409.7400912992147,31
2021-08-19 13:00:00,1629403200.0,2021-08-19 20:00:00,2179979,408.146644733285,31
2021-08-19 14:00:00,1629406800.0,2021-08-19 21:00:00,2179980,407.6560941237064,31
2021-08-19 15:00:00,1629410400.0,2021-08-19 22:00:00,2179981,409.3253334995261,31
2021-08-19 16:00:00,1629414000.0,2021-08-19 23:00:00,2180311,410.0017382236212,31
2021-08-19 17:00:00,1629417600.0,2021-08-20 00:00:00,2180312,410.2474072552934,31
2021-08-19 18:00:00,1629421200.0,2021-08-20 01:00:00,2180313,410.30511283846965,31
2021-08-19 19:00:00,1629424800.0,2021-08-20 02:00:00,2180314,409.37740097161577,31
2021-08-19 20:00:00,1629428400.0,2021-08-20 03:00:00,2180315,408.4772818245919,31
2021-08-19 21:00:00,1629432000.0,2021-08-20 04:00:00,2180341,409.8890025656421,31
2021-08-19 22:00:00,1629435600.0,2021-08-20 05:00:00,2180421,412.470893372703,31
2021-08-19 23:00:00,1629439200.0,2021-08-20 06:00:00,2180448,415.2229962899884,31
2021-08-20 00:00:00,1629442800.0,2021-08-20 07:00:00,2180494,409.5712302752946,31
2021-08-20 01:00:00,1629446400.0,2021-08-20 08:00:00,2180548,408.9626835303305,31
2021-08-20 02:00:00,1629450000.0,2021-08-20 09:00:00,2180597,409.1529972739383,31
2021-08-20 03:00:00,1629453600.0,2021-08-20 10:00:00,2180651,409.2508114540644,31
2021-08-20 04:00:00,1629457200.0,2021-08-20 11:00:00,2180704,409.3125982158144,31
2021-08-20 05:00:00,1629460800.0,2021-08-20 12:00:00,2180773,410.8757097407976,31
2021-08-20 06:00:00,1629464400.0,2021-08-20 13:00:00,2180810,411.9441236384742,31
2021-08-20 07:00:00,1629468000.0,2021-08-20 14:00:00,2180865,413.2020882749841,31
2021-08-20 08:00:00,1629471600.0,2021-08-20 15:00:00,2180898,415.832837964797,31
2021-08-20 09:00:00,1629475200.0,2021-08-20 16:00:00,2180961,418.55187228793625,31
2021-08-20 10:00:00,1629478800.0,2021-08-20 17:00:00,2180998,417.4083377462267,31
2021-08-20 11:00:00,1629482400.0,2021-08-20 18:00:00,2181167,417.0981411384464,31
2021-08-20 12:00:00,1629486000.0,2021-08-20 19:00:00,2181222,418.1373710308858,31
2021-08-20 13:00:00,1629489600.0,2021-08-20 20:00:00,2181349,418.5233905689648,31
2021-08-20 14:00:00,1629493200.0,2021-08-20 21:00:00,2181350,417.0677106924383,31
2021-08-20 15:00:00,1629496800.0,2021-08-20 22:00:00,2181368,413.19441943112383,31
2021-08-20 16:00:00,1629500400.0,2021-08-20 23:00:00,2181421,411.6124597714287,31
2021-08-20 17:00:00,1629504000.0,2021-08-21 00:00:00,2181471,410.1448502797199,31
2021-08-20 18:00:00,1629507600.0,2021-08-21 01:00:00,2181540,411.0977004274688,31
2021-08-20 19:00:00,1629511200.0,2021-08-21 02:00:00,2181604,410.56704126292607,31
2021-08-20 20:00:00,1629514800.0,2021-08-21 03:00:00,2181649,408.5530494872671,31
2021-08-20 21:00:00,1629518400.0,2021-08-21 04:00:00,2181709,409.0372470084632,31
2021-08-20 22:00:00,1629522000.0,2021-08-21 05:00:00,2181757,409.6180729313328,31
2021-08-20 23:00:00,1629525600.0,2021-08-21 06:00:00,2181809,409.52900845172417,31
2021-08-21 00:00:00,1629529200.0,2021-08-21 07:00:00,2181857,407.6281971574558,31
2021-08-21 01:00:00,1629532800.0,2021-08-21 08:00:00,2181918,407.2800634660152,31
2021-08-21 02:00:00,1629536400.0,2021-08-21 09:00:00,2181956,406.6909770640696,31
2021-08-21 03:00:00,1629540000.0,2021-08-21 10:00:00,2182029,407.3218029533404,31
2021-08-21 04:00:00,1629543600.0,2021-08-21 11:00:00,2182073,407.55570546319007,31
2021-08-21 05:00:00,1629547200.0,2021-08-21 12:00:00,2182124,407.6490725811404,31
2021-08-21 06:00:00,1629550800.0,2021-08-21 13:00:00,2182176,409.42547759339897,31
2021-08-21 07:00:00,1629554400.0,2021-08-21 14:00:00,2182208,410.11459130957775,31
2021-08-21 08:00:00,1629558000.0,2021-08-21 15:00:00,2182268,408.6255957194216,31
2021-08-21 09:00:00,1629561600.0,2021-08-21 16:00:00,2182316,408.2435293972518,31
2021-08-21 10:00:00,1629565200.0,2021-08-21 17:00:00,2182385,406.2775301183341,31
2021-08-21 11:00:00,1629568800.0,2021-08-21 18:00:00,2182432,403.70253841133206,31
2021-08-21 12:00:00,1629572400.0,2021-08-21 19:00:00,2182479,405.6667926898805,31
2021-08-21 13:00:00,1629576000.0,2021-08-21 20:00:00,2182539,406.6031048359763,31
2021-08-21 14:00:00,1629579600.0,2021-08-21 21:00:00,2182573,406.2501431299915,31
2021-08-21 15:00:00,1629583200.0,2021-08-21 22:00:00,2182635,406.5149750957903,31
2021-08-21 16:00:00,1629586800.0,2021-08-21 23:00:00,2182701,407.0447646381468,31
2021-08-21 17:00:00,1629590400.0,2021-08-22 00:00:00,2182751,408.6421925886215,31
2021-08-21 18:00:00,1629594000.0,2021-08-22 01:00:00,2182826,409.9856177103271,31
2021-08-21 19:00:00,1629597600.0,2021-08-22 02:00:00,2182885,410.1040100075117,31
2021-08-21 20:00:00,1629601200.0,2021-08-22 03:00:00,2182922,409.2200828640537,31
2021-08-21 21:00:00,1629604800.0,2021-08-22 04:00:00,2182963,408.84125805938766,31
2021-08-21 22:00:00,1629608400.0,2021-08-22 05:00:00,2183024,408.4019688682768,31
2021-08-21 23:00:00,1629612000.0,2021-08-22 06:00:00,2183075,407.3983142839623,31
2021-08-22 00:00:00,1629615600.0,2021-08-22 07:00:00,2183116,408.4055820919113,31
2021-08-22 01:00:00,1629619200.0,2021-08-22 08:00:00,2183174,408.26672849643546,31
2021-08-22 02:00:00,1629622800.0,2021-08-22 09:00:00,2183212,407.92772430070886,31
2021-08-22 03:00:00,1629626400.0,2021-08-22 10:00:00,2183293,408.5562527803266,31
2021-08-22 04:00:00,1629630000.0,2021-08-22 11:00:00,2183323,409.160654438569,31
2021-08-22 05:00:00,1629633600.0,2021-08-22 12:00:00,2183366,408.5618157398893,31
2021-08-22 06:00:00,1629637200.0,2021-08-22 13:00:00,2183437,408.4316944510295,31
2021-08-22 07:00:00,1629640800.0,2021-08-22 14:00:00,2183469,409.6042266012149,31
2021-08-22 08:00:00,1629644400.0,2021-08-22 15:00:00,2183542,409.8595808663483,31
2021-08-22 09:00:00,1629648000.0,2021-08-22 16:00:00,2183606,409.3938896105777,31
2021-08-22 10:00:00,1629651600.0,2021-08-22 17:00:00,2183642,409.731304542341,31
2021-08-22 11:00:00,1629655200.0,2021-08-22 18:00:00,2183696,408.2686749087026,31
2021-08-22 12:00:00,1629658800.0,2021-08-22 19:00:00,2183736,409.5670247686677,31
2021-08-22 13:00:00,1629662400.0,2021-08-22 20:00:00,2183789,408.4932746367308,31
2021-08-22 14:00:00,1629666000.0,2021-08-22 21:00:00,2183833,409.3923855155769,31
2021-08-22 15:00:00,1629669600.0,2021-08-22 22:00:00,2183904,407.4492109916947,31
2021-08-22 16:00:00,1629673200.0,2021-08-22 23:00:00,2183950,407.6841834483822,31
2021-08-22 17:00:00,1629676800.0,2021-08-23 00:00:00,2184008,407.9624007346008,31
2021-08-22 18:00:00,1629680400.0,2021-08-23 01:00:00,2184061,409.577405678243,31
2021-08-22 19:00:00,1629684000.0,2021-08-23 02:00:00,2184127,411.0994319802053,31
2021-08-22 20:00:00,1629687600.0,2021-08-23 03:00:00,2184162,409.8274649377436,31
2021-08-22 21:00:00,1629691200.0,2021-08-23 04:00:00,2184208,409.195590179943,31
2021-08-22 22:00:00,1629694800.0,2021-08-23 05:00:00,2184259,410.1420672747704,31
2021-08-22 23:00:00,1629698400.0,2021-08-23 06:00:00,2184296,409.9495260917533,31
2021-08-23 00:00:00,1629702000.0,2021-08-23 07:00:00,2184355,409.47602197329326,31
2021-08-23 01:00:00,1629705600.0,2021-08-23 08:00:00,2184436,407.3065498292212,31
2021-08-23 02:00:00,1629709200.0,2021-08-23 09:00:00,2184465,407.2789505100032,31
2021-08-23 03:00:00,1629712800.0,2021-08-23 10:00:00,2184512,405.923429717913,31
2021-08-23 04:00:00,1629716400.0,2021-08-23 11:00:00,2184565,407.67975512002016,31
2021-08-23 05:00:00,1629720000.0,2021-08-23 12:00:00,2184613,409.7341602841116,31
2021-08-23 06:00:00,1629723600.0,2021-08-23 13:00:00,2184680,412.6103866889858,31
2021-08-23 07:00:00,1629727200.0,2021-08-23 14:00:00,2184709,413.2819297574809,31
2021-08-23 08:00:00,1629730800.0,2021-08-23 15:00:00,2184763,412.72856097829697,31
2021-08-23 09:00:00,1629734400.0,2021-08-23 16:00:00,2184870,409.80665428607534,31
2021-08-23 10:00:00,1629738000.0,2021-08-23 17:00:00,2184921,410.7644869098186,31
2021-08-23 11:00:00,1629741600.0,2021-08-23 18:00:00,2184962,410.4278274845635,31
2021-08-23 12:00:00,1629745200.0,2021-08-23 19:00:00,2185019,411.5994623052131,31
2021-08-23 13:00:00,1629748800.0,2021-08-23 20:00:00,2185054,412.3194482103688,31
2021-08-23 14:00:00,1629752400.0,2021-08-23 21:00:00,2185115,408.16871286896657,31
2021-08-23 15:00:00,1629756000.0,2021-08-23 22:00:00,2185185,408.7684020830823,31
2021-08-23 16:00:00,1629759600.0,2021-08-23 23:00:00,2185233,409.13795923425545,31
2021-08-23 17:00:00,1629763200.0,2021-08-24 00:00:00,2185313,409.69448570033774,31
2021-08-23 18:00:00,1629766800.0,2021-08-24 01:00:00,2185367,409.614862540902,31
2021-08-23 19:00:00,1629770400.0,2021-08-24 02:00:00,2185468,407.8526407292837,31
2021-08-23 20:00:00,1629774000.0,2021-08-24 03:00:00,2185469,406.0075587765963,31
2021-08-23 21:00:00,1629777600.0,2021-08-24 04:00:00,2185493,406.624579476016,31
2021-08-23 22:00:00,1629781200.0,2021-08-24 05:00:00,2185561,405.4710550522223,31
2021-08-23 23:00:00,1629784800.0,2021-08-24 06:00:00,2185641,404.9822964895261,31
2021-08-24 00:00:00,1629788400.0,2021-08-24 07:00:00,2186334,405.553933414597,31
2021-08-24 01:00:00,1629792000.0,2021-08-24 08:00:00,2186335,404.9892574704477,31
2021-08-24 02:00:00,1629795600.0,2021-08-24 09:00:00,2186336,405.4283328276959,31
2021-08-24 03:00:00,1629799200.0,2021-08-24 10:00:00,2186337,405.6488712878277,31
2021-08-24 04:00:00,1629802800.0,2021-08-24 11:00:00,2186338,406.2271650825287,31
2021-08-24 05:00:00,1629806400.0,2021-08-24 12:00:00,2186339,408.0332110427122,31
2021-08-24 06:00:00,1629810000.0,2021-08-24 13:00:00,2186340,408.8710368046482,31
2021-08-24 07:00:00,1629813600.0,2021-08-24 14:00:00,2186341,409.2411464589495,31
2021-08-24 08:00:00,1629817200.0,2021-08-24 15:00:00,2186342,409.4942031711566,31
2021-08-24 09:00:00,1629820800.0,2021-08-24 16:00:00,2186343,408.17626013217006,31
2021-08-24 10:00:00,1629824400.0,2021-08-24 17:00:00,2186366,406.96770421291393,31
2021-08-24 11:00:00,1629828000.0,2021-08-24 18:00:00,2186406,408.3403411165229,31
2021-08-24 12:00:00,1629831600.0,2021-08-24 19:00:00,2186491,408.7436296076951,31
2021-08-24 16:00:00,1629846000.0,2021-08-24 23:00:00,2193814,406.9765469198435,31
2021-08-24 17:00:00,1629849600.0,2021-08-25 00:00:00,2193825,407.3423815657267,31
2021-08-24 18:00:00,1629853200.0,2021-08-25 01:00:00,2193779,407.3775125388983,31
2021-08-24 19:00:00,1629856800.0,2021-08-25 02:00:00,2193793,405.3402187018918,31
2021-08-24 20:00:00,1629860400.0,2021-08-25 03:00:00,2193741,404.59206465109605,31
2021-08-24 21:00:00,1629864000.0,2021-08-25 04:00:00,2193827,404.5762040241348,31
2021-08-24 22:00:00,1629867600.0,2021-08-25 05:00:00,2193849,406.8601459090843,31
2021-08-24 23:00:00,1629871200.0,2021-08-25 06:00:00,2193786,404.2474618526885,31
2021-08-25 00:00:00,1629874800.0,2021-08-25 07:00:00,2193835,404.51639127471645,31
2021-08-25 01:00:00,1629878400.0,2021-08-25 08:00:00,2193821,404.6987033194749,31
2021-08-25 02:00:00,1629882000.0,2021-08-25 09:00:00,2193794,404.6064252145942,31
2021-08-25 03:00:00,1629885600.0,2021-08-25 10:00:00,2193769,404.778895091608,31
2021-08-25 04:00:00,1629889200.0,2021-08-25 11:00:00,2193800,405.4303730140401,31
2021-08-25 05:00:00,1629892800.0,2021-08-25 12:00:00,2193743,405.8774275754096,31
2021-08-25 06:00:00,1629896400.0,2021-08-25 13:00:00,2193837,406.6082438980848,31
2021-08-25 07:00:00,1629900000.0,2021-08-25 14:00:00,2193758,406.6205102929625,31
2021-08-25 08:00:00,1629903600.0,2021-08-25 15:00:00,2193832,408.0969931639431,31
2021-08-25 09:00:00,1629907200.0,2021-08-25 16:00:00,2193799,408.4315449854762,31
2021-08-25 10:00:00,1629910800.0,2021-08-25 17:00:00,2193819,410.2964737777056,31
2021-08-25 11:00:00,1629914400.0,2021-08-25 18:00:00,2193792,407.286223079412,31
2021-08-25 12:00:00,1629918000.0,2021-08-25 19:00:00,2193824,408.3959403075775,31
2021-08-25 13:00:00,1629921600.0,2021-08-25 20:00:00,2193839,407.4511393684075,31
2021-08-25 14:00:00,1629925200.0,2021-08-25 21:00:00,2193815,406.1254441448799,31
2021-08-25 15:00:00,1629928800.0,2021-08-25 22:00:00,2193859,405.42514464819294,31
2021-08-25 16:00:00,1629932400.0,2021-08-25 23:00:00,2193847,406.42552974891953,31
2021-08-25 17:00:00,1629936000.0,2021-08-26 00:00:00,2193810,407.1110780161417,31
2021-08-25 18:00:00,1629939600.0,2021-08-26 01:00:00,2193856,407.4695864545545,31
2021-08-25 19:00:00,1629943200.0,2021-08-26 02:00:00,2193842,408.44386223387687,31
2021-08-25 20:00:00,1629946800.0,2021-08-26 03:00:00,2193795,408.2377864944812,31
2021-08-25 21:00:00,1629950400.0,2021-08-26 04:00:00,2193797,406.3967854451868,31
2021-08-25 22:00:00,1629954000.0,2021-08-26 05:00:00,2193773,404.53528783337896,31
2021-08-25 23:00:00,1629957600.0,2021-08-26 06:00:00,2193801,404.8635181430458,31
2021-08-26 00:00:00,1629961200.0,2021-08-26 07:00:00,2193841,409.7099951158342,31
2021-08-26 01:00:00,1629964800.0,2021-08-26 08:00:00,2193751,416.7870885647128,31
2021-08-26 02:00:00,1629968400.0,2021-08-26 09:00:00,2193843,419.5981849036807,31
2021-08-26 03:00:00,1629972000.0,2021-08-26 10:00:00,2193838,418.1598611643278,31
2021-08-26 04:00:00,1629975600.0,2021-08-26 11:00:00,2193776,421.79773584611326,31
2021-08-26 05:00:00,1629979200.0,2021-08-26 12:00:00,2193834,420.5448119614624,31
2021-08-26 06:00:00,1629982800.0,2021-08-26 13:00:00,2193798,418.16673589761535,31
2021-08-26 07:00:00,1629986400.0,2021-08-26 14:00:00,2193771,409.86210846251294,31
2021-08-26 08:00:00,1629990000.0,2021-08-26 15:00:00,2193806,413.10252596834783,31
2021-08-26 09:00:00,1629993600.0,2021-08-26 16:00:00,2193750,414.8265491704111,31
2021-08-26 10:00:00,1629997200.0,2021-08-26 17:00:00,2193744,416.0462071524703,31
2021-08-26 11:00:00,1630000800.0,2021-08-26 18:00:00,2193746,414.767064382364,31
2021-08-26 12:00:00,1630004400.0,2021-08-26 19:00:00,2193775,413.8054907933047,31
2021-08-26 13:00:00,1630008000.0,2021-08-26 20:00:00,2193840,415.56922217057553,31
2021-08-26 14:00:00,1630011600.0,2021-08-26 21:00:00,2193759,415.12481969356287,31
2021-08-26 15:00:00,1630015200.0,2021-08-26 22:00:00,2193752,417.402069555073,31
2021-08-26 16:00:00,1630018800.0,2021-08-26 23:00:00,2193740,415.94178705304176,31
2021-08-26 17:00:00,1630022400.0,2021-08-27 00:00:00,2193833,418.6062096647188,31
2021-08-26 18:00:00,1630026000.0,2021-08-27 01:00:00,2193791,419.77015883924855,31
2021-08-26 19:00:00,1630029600.0,2021-08-27 02:00:00,2193802,423.59925868517047,31
2021-08-26 20:00:00,1630033200.0,2021-08-27 03:00:00,2193770,423.5282238558566,31
2021-08-26 21:00:00,1630036800.0,2021-08-27 04:00:00,2193754,418.3394619510557,31
2021-08-26 22:00:00,1630040400.0,2021-08-27 05:00:00,2193783,419.2589893259033,31
2021-08-26 23:00:00,1630044000.0,2021-08-27 06:00:00,2193864,422.9560550768025,31
2021-08-27 00:00:00,1630047600.0,2021-08-27 07:00:00,2193749,423.95066460233306,31
2021-08-27 01:00:00,1630051200.0,2021-08-27 08:00:00,2193854,426.8753361301706,31
2021-08-27 02:00:00,1630054800.0,2021-08-27 09:00:00,2193850,452.606028147358,31
2021-08-27 03:00:00,1630058400.0,2021-08-27 10:00:00,2193766,445.06497850254726,31
2021-08-27 04:00:00,1630062000.0,2021-08-27 11:00:00,2193755,447.9878867000672,31
2021-08-27 05:00:00,1630065600.0,2021-08-27 12:00:00,2193809,455.52521933310175,31
2021-08-27 06:00:00,1630069200.0,2021-08-27 13:00:00,2193846,458.1385694914729,31
2021-08-27 07:00:00,1630072800.0,2021-08-27 14:00:00,2193848,466.92503511638665,31
2021-08-27 08:00:00,1630076400.0,2021-08-27 15:00:00,2193756,459.8108112291297,31
2021-08-27 09:00:00,1630080000.0,2021-08-27 16:00:00,2193787,450.27613232591386,31
2021-08-27 10:00:00,1630083600.0,2021-08-27 17:00:00,2193836,441.3827755462365,31
2021-08-27 11:00:00,1630087200.0,2021-08-27 18:00:00,2193826,428.9412983373017,31
2021-08-27 12:00:00,1630090800.0,2021-08-27 19:00:00,2193745,428.10997890451017,31
2021-08-27 13:00:00,1630094400.0,2021-08-27 20:00:00,2193822,434.9355440883496,31
2021-08-27 14:00:00,1630098000.0,2021-08-27 21:00:00,2193817,430.55027281347895,31
2021-08-27 15:00:00,1630101600.0,2021-08-27 22:00:00,2193780,422.3746050605592,31
2021-08-27 16:00:00,1630105200.0,2021-08-27 23:00:00,2193844,422.17017694568176,31
2021-08-27 17:00:00,1630108800.0,2021-08-28 00:00:00,2193763,422.6784245375056,31
2021-08-27 18:00:00,1630112400.0,2021-08-28 01:00:00,2193747,420.20353683472536,31
2021-08-27 19:00:00,1630116000.0,2021-08-28 02:00:00,2193789,420.7080932802561,31
2021-08-27 20:00:00,1630119600.0,2021-08-28 03:00:00,2193811,424.0088957618752,31
2021-08-27 21:00:00,1630123200.0,2021-08-28 04:00:00,2193830,437.8276837765508,31
2021-08-27 22:00:00,1630126800.0,2021-08-28 05:00:00,2193857,441.0884487430269,31
2021-08-27 23:00:00,1630130400.0,2021-08-28 06:00:00,2193788,449.38434009929375,31
2021-08-28 00:00:00,1630134000.0,2021-08-28 07:00:00,2193855,457.81324668790654,31
2021-08-28 01:00:00,1630137600.0,2021-08-28 08:00:00,2193767,467.32672565169736,31
2021-08-28 02:00:00,1630141200.0,2021-08-28 09:00:00,2193762,468.74018289135296,31
2021-08-28 03:00:00,1630144800.0,2021-08-28 10:00:00,2193861,464.644321260073,31
2021-08-28 04:00:00,1630148400.0,2021-08-28 11:00:00,2193784,464.4933760977951,31
2021-08-28 05:00:00,1630152000.0,2021-08-28 12:00:00,2193820,464.44909879010015,31
2021-08-28 06:00:00,1630155600.0,2021-08-28 13:00:00,2193823,473.899132936634,31
2021-08-28 07:00:00,1630159200.0,2021-08-28 14:00:00,2193807,480.0111601565425,31
2021-08-28 08:00:00,1630162800.0,2021-08-28 15:00:00,2193761,465.0172895408912,31
2021-08-28 09:00:00,1630166400.0,2021-08-28 16:00:00,2193765,469.6859142644197,31
2021-08-28 10:00:00,1630170000.0,2021-08-28 17:00:00,2193808,451.4608873580656,31
2021-08-28 11:00:00,1630173600.0,2021-08-28 18:00:00,2193796,437.267610149795,31
2021-08-28 12:00:00,1630177200.0,2021-08-28 19:00:00,2193858,438.513987295691,31
2021-08-28 13:00:00,1630180800.0,2021-08-28 20:00:00,2193748,430.3012348148578,31
2021-08-28 14:00:00,1630184400.0,2021-08-28 21:00:00,2193812,428.3058977501131,31
2021-08-28 15:00:00,1630188000.0,2021-08-28 22:00:00,2193816,434.2495584313775,31
2021-08-28 16:00:00,1630191600.0,2021-08-28 23:00:00,2193774,426.99566628640815,31
2021-08-28 17:00:00,1630195200.0,2021-08-29 00:00:00,2193805,421.6384606702495,31
2021-08-28 18:00:00,1630198800.0,2021-08-29 01:00:00,2193739,421.8431457325648,31
2021-08-28 19:00:00,1630202400.0,2021-08-29 02:00:00,2193845,426.0073563964124,31
2021-08-28 20:00:00,1630206000.0,2021-08-29 03:00:00,2193760,416.7127613079141,31
2021-08-28 21:00:00,1630209600.0,2021-08-29 04:00:00,2193772,414.056323132592,31
2021-08-28 22:00:00,1630213200.0,2021-08-29 05:00:00,2193781,420.5801474406389,31
2021-08-28 23:00:00,1630216800.0,2021-08-29 06:00:00,2193851,429.7944238356301,31
2021-08-29 00:00:00,1630220400.0,2021-08-29 07:00:00,2193818,444.2531682650271,31
2021-08-29 01:00:00,1630224000.0,2021-08-29 08:00:00,2193853,447.20259736142697,31
2021-08-29 02:00:00,1630227600.0,2021-08-29 09:00:00,2193813,415.6174507359192,31
2021-08-29 03:00:00,1630231200.0,2021-08-29 10:00:00,2193777,412.64186518156095,31
2021-08-29 04:00:00,1630234800.0,2021-08-29 11:00:00,2193782,411.5837050185264,31
2021-08-29 05:00:00,1630238400.0,2021-08-29 12:00:00,2193778,409.3082857471611,31
2021-08-29 06:00:00,1630242000.0,2021-08-29 13:00:00,2193828,408.48545062445066,31
2021-08-29 07:00:00,1630245600.0,2021-08-29 14:00:00,2193764,407.906001574417,31
2021-08-29 08:00:00,1630249200.0,2021-08-29 15:00:00,2193757,407.6081030573202,31
2021-08-29 09:00:00,1630252800.0,2021-08-29 16:00:00,2193865,410.79042448234463,31
2021-08-29 10:00:00,1630256400.0,2021-08-29 17:00:00,2193803,413.469792080907,31
2021-08-29 11:00:00,1630260000.0,2021-08-29 18:00:00,2193768,415.66987827340233,31
2021-08-29 12:00:00,1630263600.0,2021-08-29 19:00:00,2193829,418.2846197717093,31
2021-08-29 13:00:00,1630267200.0,2021-08-29 20:00:00,2193863,416.5852751643052,31
2021-08-29 14:00:00,1630270800.0,2021-08-29 21:00:00,2193831,415.5411168268709,31
2021-08-29 15:00:00,1630274400.0,2021-08-29 22:00:00,2193860,416.0305603290557,31
2021-08-29 16:00:00,1630278000.0,2021-08-29 23:00:00,2193785,414.4692106633281,31
2021-08-29 17:00:00,1630281600.0,2021-08-30 00:00:00,2193804,414.6993899843909,31
2021-08-29 18:00:00,1630285200.0,2021-08-30 01:00:00,2193862,415.3242026740407,31
2021-08-29 19:00:00,1630288800.0,2021-08-30 02:00:00,2193852,415.6022624548786,31
2021-08-29 20:00:00,1630292400.0,2021-08-30 03:00:00,2193753,416.4060974538263,31
2021-08-29 21:00:00,1630296000.0,2021-08-30 04:00:00,2193742,415.9099057223253,31
2021-08-29 22:00:00,1630299600.0,2021-08-30 05:00:00,2193911,416.0338439406053,31
2021-08-29 23:00:00,1630303200.0,2021-08-30 06:00:00,2193912,415.2462249365545,31
2021-08-30 00:00:00,1630306800.0,2021-08-30 07:00:00,2193913,411.3140800398652,31
2021-08-30 01:00:00,1630310400.0,2021-08-30 08:00:00,2193914,412.3379383282106,31
2021-08-30 02:00:00,1630314000.0,2021-08-30 09:00:00,2193915,413.0547284749845,31
2021-08-30 03:00:00,1630317600.0,2021-08-30 10:00:00,2193916,413.7871350143827,31
2021-08-30 04:00:00,1630321200.0,2021-08-30 11:00:00,2193917,412.0329173771888,31
2021-08-30 05:00:00,1630324800.0,2021-08-30 12:00:00,2193918,412.5495929479976,31
2021-08-30 06:00:00,1630328400.0,2021-08-30 13:00:00,2193919,416.2130504247321,31
2021-08-30 07:00:00,1630332000.0,2021-08-30 14:00:00,2193920,415.4557900436936,31
2021-08-30 08:00:00,1630335600.0,2021-08-30 15:00:00,2193921,414.8593929762612,31
2021-08-30 09:00:00,1630339200.0,2021-08-30 16:00:00,2193922,416.4390724367607,31
2021-08-30 10:00:00,1630342800.0,2021-08-30 17:00:00,2193923,417.9754280374542,31
2021-08-30 11:00:00,1630346400.0,2021-08-30 18:00:00,2196977,415.9512683513698,31
2021-08-30 12:00:00,1630350000.0,2021-08-30 19:00:00,2196978,415.9750751973482,31
2021-08-30 13:00:00,1630353600.0,2021-08-30 20:00:00,2196979,416.3751374900236,31
2021-08-30 14:00:00,1630357200.0,2021-08-30 21:00:00,2196980,416.2306275685114,31
2021-08-30 15:00:00,1630360800.0,2021-08-30 22:00:00,2196981,418.2571122138552,31
2021-08-30 16:00:00,1630364400.0,2021-08-30 23:00:00,2196982,417.554880795279,31
2021-08-30 17:00:00,1630368000.0,2021-08-31 00:00:00,2196983,418.16636174670055,31
2021-08-30 18:00:00,1630371600.0,2021-08-31 01:00:00,2196984,416.2693371940432,31
2021-08-30 19:00:00,1630375200.0,2021-08-31 02:00:00,2196985,413.0754065274612,31
2021-08-30 20:00:00,1630378800.0,2021-08-31 03:00:00,2196986,409.7974129667335,31
2021-08-30 21:00:00,1630382400.0,2021-08-31 04:00:00,2197040,408.1699578105698,31
2021-08-30 22:00:00,1630386000.0,2021-08-31 05:00:00,2197064,407.91587521943774,31
2021-08-30 23:00:00,1630389600.0,2021-08-31 06:00:00,2200705,408.350952392281,31
2021-08-31 00:00:00,1630393200.0,2021-08-31 07:00:00,2200766,411.5792339033985,31
2021-08-31 01:00:00,1630396800.0,2021-08-31 08:00:00,2200829,411.77277692030464,31
2021-08-31 02:00:00,1630400400.0,2021-08-31 09:00:00,2200861,413.2300682563258,31
2021-08-31 03:00:00,1630404000.0,2021-08-31 10:00:00,2200921,413.4569664839715,31
2021-08-31 04:00:00,1630407600.0,2021-08-31 11:00:00,2200965,418.0061413434036,31
2021-08-31 05:00:00,1630411200.0,2021-08-31 12:00:00,2201022,433.04248904294496,31
2021-08-31 06:00:00,1630414800.0,2021-08-31 13:00:00,2201065,446.5297297950458,31
2021-08-31 07:00:00,1630418400.0,2021-08-31 14:00:00,2201116,442.65488274794393,31
2021-08-31 08:00:00,1630422000.0,2021-08-31 15:00:00,2201176,429.87651588527655,31
2021-08-31 09:00:00,1630425600.0,2021-08-31 16:00:00,2219853,419.1105008701975,31
2021-08-31 10:00:00,1630429200.0,2021-08-31 17:00:00,2219854,417.1763334064895,31
2021-08-31 11:00:00,1630432800.0,2021-08-31 18:00:00,2219855,413.5653452890382,31
2021-08-31 12:00:00,1630436400.0,2021-08-31 19:00:00,2219856,410.339584066996,31
2021-08-31 13:00:00,1630440000.0,2021-08-31 20:00:00,2219857,407.65458085322376,31
2021-08-31 14:00:00,1630443600.0,2021-08-31 21:00:00,2219858,408.06618380264064,31
2021-08-31 15:00:00,1630447200.0,2021-08-31 22:00:00,2219859,409.0985589701447,31
2021-08-31 16:00:00,1630450800.0,2021-08-31 23:00:00,2219860,409.6902856818034,31
2021-08-31 17:00:00,1630454400.0,2021-09-01 00:00:00,2219861,410.6216737298649,31
2021-08-31 18:00:00,1630458000.0,2021-09-01 01:00:00,2219862,410.96654623737794,31
2021-08-31 19:00:00,1630461600.0,2021-09-01 02:00:00,2219863,408.8332585329289,31
2021-08-31 20:00:00,1630465200.0,2021-09-01 03:00:00,2219870,407.6906340900492,31
2021-08-31 21:00:00,1630468800.0,2021-09-01 04:00:00,2219962,408.3746166118498,31
2021-08-31 22:00:00,1630472400.0,2021-09-01 05:00:00,2220001,411.3276229081236,31
2021-08-31 23:00:00,1630476000.0,2021-09-01 06:00:00,2220060,410.7559091329247,31
