timestamp,co_corrected
2020-02-02 00:00:00,0.19598155322272434
2020-02-02 01:00:00,0.23607853004435272
2020-02-02 02:00:00,0.264739928880719
2020-02-02 03:00:00,0.20033181911084727
2020-02-02 04:00:00,0.15079857118211135
2020-02-02 05:00:00,0.14105661706725597
2020-02-02 06:00:00,0.13459247150952455
2020-02-02 07:00:00,0.14672061985127194
2020-02-02 08:00:00,0.14291358300287144
2020-02-02 09:00:00,0.11485281627485866
2020-02-02 10:00:00,0.09774740186039434
2020-02-02 11:00:00,0.10843814002830497
2020-02-02 12:00:00,0.11359671579340372
2020-02-02 13:00:00,0.11387906422040726
2020-02-02 14:00:00,0.11310225602743598
2020-02-02 15:00:00,0.11934868994682479
2020-02-02 16:00:00,0.13734459942264843
2020-02-02 17:00:00,0.13758489814414834
2020-02-02 18:00:00,0.13957020427385675
2020-02-02 19:00:00,0.15092457791812952
2020-02-02 20:00:00,0.13718190993469775
2020-02-02 21:00:00,0.1351539015222278
2020-02-02 22:00:00,0.13038384652651838
2020-02-02 23:00:00,0.127749839052124
2020-02-03 00:00:00,0.12063885891616621
2020-02-03 01:00:00,0.12032827564646226
2020-02-03 02:00:00,0.11586133685461886
2020-02-03 03:00:00,0.11468900751803505
2020-02-03 04:00:00,0.1172812460928974
2020-02-03 05:00:00,0.12232034880458637
2020-02-03 06:00:00,0.11565645923568554
2020-02-03 07:00:00,0.12882602991604206
2020-02-03 08:00:00,0.127178375169701
2020-02-03 11:00:00,0.12010869724166029
2020-02-03 12:00:00,0.11319279420072315
2020-02-03 13:00:00,0.1101618655078716
2020-02-03 14:00:00,0.10779783913268672
2020-02-03 15:00:00,0.11426758498979657
2020-02-03 16:00:00,0.12259350577978512
2020-02-03 17:00:00,0.1318459913559438
2020-02-03 18:00:00,0.16110288869289952
2020-02-03 19:00:00,0.14744912546210293
2020-02-03 20:00:00,0.1347775147348255
2020-02-03 21:00:00,0.1317430858548623
2020-02-03 22:00:00,0.13817386296212955
2020-02-03 23:00:00,0.1370946386027147
2020-02-04 00:00:00,0.1352194716941187
2020-02-04 01:00:00,0.12627626027813393
2020-02-04 02:00:00,0.12467620807651086
2020-02-04 03:00:00,0.12338603910716944
2020-02-04 04:00:00,0.12441976103413313
2020-02-04 05:00:00,0.12326586601633738
2020-02-04 06:00:00,0.12621442363916216
2020-02-04 07:00:00,0.13041208136921878
2020-02-04 08:00:00,0.12968357575838796
2020-02-04 09:00:00,0.12285401066620405
2020-02-04 10:00:00,0.12152370621798272
2020-02-04 11:00:00,0.12501409280568543
2020-02-04 12:00:00,0.11742755391416292
2020-02-04 13:00:00,0.11614928558100099
2020-02-04 14:00:00,0.12438219235913517
2020-02-04 15:00:00,0.15567456517439893
2020-02-04 16:00:00,0.19802218208386457
2020-02-04 17:00:00,0.23679046810285528
2020-02-04 18:00:00,0.2848625045853958
2020-02-04 19:00:00,0.32348473590399707
2020-02-04 20:00:00,0.32684468218534035
2020-02-04 21:00:00,0.3157082535252174
2020-02-04 22:00:00,0.35794897827980654
2020-02-04 23:00:00,0.4354246866121831
2020-02-05 00:00:00,0.36380292455107954
2020-02-05 01:00:00,0.31208299306081366
2020-02-05 02:00:00,0.2673692694389645
2020-02-05 03:00:00,0.26062184207099987
2020-02-05 04:00:00,0.2675767138617796
2020-02-05 05:00:00,0.2741960343814591
2020-02-05 06:00:00,0.26299286882040795
2020-02-05 07:00:00,0.2547473613686721
2020-02-05 08:00:00,0.253934617921355
2020-02-05 09:00:00,0.2968357113110021
2020-02-05 10:00:00,0.27000304356755134
2020-02-05 11:00:00,0.22709494980368072
2020-02-05 12:00:00,0.22041099249534002
2020-02-05 13:00:00,0.18929782926019115
2020-02-05 14:00:00,0.17927119326025773
2020-02-05 15:00:00,0.21076937707768445
2020-02-05 16:00:00,0.19141430341877708
2020-02-05 17:00:00,0.2240693880644004
2020-02-05 18:00:00,0.2596511235120451
2020-02-05 19:00:00,0.25086658724512034
2020-02-05 20:00:00,0.22580431414272448
2020-02-05 21:00:00,0.3383945996162486
2020-02-05 22:00:00,0.37994602085565715
2020-02-05 23:00:00,0.35048447924557563
2020-02-06 00:00:00,0.26048253462395754
2020-02-06 01:00:00,0.24968422403881663
2020-02-06 02:00:00,0.25652242292587596
2020-02-06 03:00:00,0.2037347010207599
2020-02-06 04:00:00,0.2057930443881971
2020-02-06 05:00:00,0.21205231232699515
2020-02-06 06:00:00,0.18264887382296657
2020-02-06 07:00:00,0.2539056830412323
2020-02-06 08:00:00,0.28789156651178777
2020-02-06 09:00:00,0.3076589898975392
2020-02-06 10:00:00,0.2942810414111379
2020-02-06 11:00:00,0.24782095776640012
2020-02-06 12:00:00,0.21901068430488652
2020-02-06 13:00:00,0.22156722097121037
2020-02-06 14:00:00,0.2042170268047405
2020-02-06 15:00:00,0.25175423469662583
2020-02-06 16:00:00,0.30448197486418865
2020-02-06 17:00:00,0.29404652887465965
2020-02-06 18:00:00,0.27797436969554423
2020-02-06 19:00:00,0.26199601553102003
2020-02-06 20:00:00,0.23826334683942305
2020-02-06 21:00:00,0.26903979207443485
2020-02-06 22:00:00,0.24625427401524108
2020-02-06 23:00:00,0.24119207006861543
2020-02-07 00:00:00,0.2191891938475789
2020-02-07 01:00:00,0.21480299270511
2020-02-07 02:00:00,0.20178813029508677
2020-02-07 03:00:00,0.24679376952204468
2020-02-07 04:00:00,0.21011017517166364
2020-02-07 05:00:00,0.23406755587582617
2020-02-07 06:00:00,0.23709731783964041
2020-02-07 07:00:00,0.2668472748677189
2020-02-07 08:00:00,0.2659990628576707
2020-02-07 09:00:00,0.26123764165683666
2020-02-07 10:00:00,0.26748570899687746
2020-02-07 11:00:00,0.26464892401581713
2020-02-07 12:00:00,0.24198917934683395
2020-02-07 13:00:00,0.21537795677464472
2020-02-07 14:00:00,0.16719928125810368
2020-02-07 15:00:00,0.195071271227897
2020-02-07 16:00:00,0.2060719005381165
2020-02-07 17:00:00,0.22020238134348788
2020-02-07 18:00:00,0.2359408560179626
2020-02-07 19:00:00,0.2276216112910753
2020-02-07 20:00:00,0.20231409174505888
2020-02-07 21:00:00,0.18556569641597917
2020-02-07 22:00:00,0.19246806540008485
2020-02-07 23:00:00,0.20160192034074884
2020-02-08 00:00:00,0.17409161637248918
2020-02-08 01:00:00,0.14032251115704653
2020-02-08 02:00:00,0.137687336953615
2020-02-08 03:00:00,0.1341955502910675
2020-02-08 04:00:00,0.16150471017331294
2020-02-08 05:00:00,0.14971024633620633
2020-02-08 06:00:00,0.1433595068408914
2020-02-08 07:00:00,0.16970168169710118
2020-02-08 08:00:00,0.15278551073247157
2020-02-08 09:00:00,0.16049268940644126
2020-02-08 10:00:00,0.15578283762905148
2020-02-08 11:00:00,0.17430302767403089
2020-02-08 12:00:00,0.18198033808464806
2020-02-08 13:00:00,0.14692339735793816
2020-02-08 14:00:00,0.11618638756438411
2020-02-08 15:00:00,0.15058575980572514
2020-02-08 16:00:00,0.196602411271065
2020-02-08 17:00:00,0.24181883690740208
2020-02-08 18:00:00,0.27881184779845
2020-02-08 19:00:00,0.23395624992567665
2020-02-08 20:00:00,0.27114503794916767
2020-02-08 21:00:00,0.2438015762332285
2020-02-08 22:00:00,0.16893934094419136
2020-02-08 23:00:00,0.24680683688726152
2020-02-09 00:00:00,0.1736568931332267
2020-02-09 01:00:00,0.1146204038506474
2020-02-09 02:00:00,0.10847267520780615
2020-02-09 03:00:00,0.10914447778742882
2020-02-09 04:00:00,0.11108848170922014
2020-02-09 05:00:00,0.10834970196728479
2020-02-09 06:00:00,0.10781930694697138
2020-02-09 07:00:00,0.1144509947944452
2020-02-09 08:00:00,0.11278187223381951
2020-02-09 09:00:00,0.11603027921920607
2020-02-09 10:00:00,0.11180181984256721
2020-02-09 11:00:00,0.10566692521913527
2020-02-09 12:00:00,0.107382716941249
2020-02-10 11:00:00,0.1087132547352778
2020-02-10 12:00:00,0.1463969692163512
2020-02-10 13:00:00,0.16717034637798106
2020-02-10 14:00:00,0.21044572644276371
2020-02-10 15:00:00,0.22684830328521569
2020-02-10 16:00:00,0.27164547374081394
2020-02-10 17:00:00,0.3440028327522864
2020-02-10 18:00:00,0.43822786979697215
2020-02-10 19:00:00,0.48256380655657427
2020-02-10 20:00:00,0.44861269161132733
2020-02-10 21:00:00,0.4312333292189273
2020-02-10 22:00:00,0.3608459664791869
2020-02-10 23:00:00,0.3711542508687017
2020-02-11 00:00:00,0.30876178218350553
2020-02-11 01:00:00,0.1876399072983226
2020-02-11 02:00:00,0.18875670033273528
2020-02-11 03:00:00,0.19045942468963245
2020-02-11 04:00:00,0.1516565837160718
2020-02-11 05:00:00,0.16569443414591656
2020-02-11 06:00:00,0.1583337739959969
2020-02-11 07:00:00,0.1611208563200726
2020-02-11 08:00:00,0.19754870366549823
2020-02-11 09:00:00,0.1672181822685064
2020-02-11 10:00:00,0.14274277387182474
2020-02-11 11:00:00,0.09235174675493556
2020-02-11 12:00:00,0.10355211216629727
2020-02-11 13:00:00,0.13914668163335112
2020-02-11 14:00:00,0.1600033632482373
2020-02-11 15:00:00,0.20672572758053903
2020-02-11 16:00:00,0.2747600470180987
2020-02-11 17:00:00,0.4203671150038212
2020-02-11 18:00:00,0.470500761695103
2020-02-11 19:00:00,0.5155162014459734
2020-02-11 20:00:00,0.46993233130817663
2020-02-11 21:00:00,0.354366186752357
2020-02-11 22:00:00,0.27573448328991773
2020-02-11 23:00:00,0.3696435701113284
2020-02-12 00:00:00,0.2801885880623521
2020-02-12 01:00:00,0.3383122285462221
2020-02-12 02:00:00,0.3678682752083171
2020-02-12 03:00:00,0.3841847474478233
2020-02-12 04:00:00,0.3583139311226443
2020-02-12 05:00:00,0.3455832839060843
2020-02-12 06:00:00,0.3402772335906828
2020-02-12 07:00:00,0.3157789573048719
2020-02-12 08:00:00,0.25760864765951386
2020-02-12 09:00:00,0.2486421016627851
2020-02-12 10:00:00,0.22537752466091474
2020-02-12 11:00:00,0.23183046961988898
2020-02-12 12:00:00,0.16714677845142958
2020-02-12 13:00:00,0.17580274117845426
2020-02-12 14:00:00,0.1820900106141453
2020-02-12 15:00:00,0.18420809050828757
2020-02-12 16:00:00,0.2318164293213056
2020-02-12 17:00:00,0.253053737498265
2020-02-12 18:00:00,0.2678308274460827
2020-02-12 19:00:00,0.2800320130255591
2020-02-12 20:00:00,0.2676768192131718
2020-02-12 21:00:00,0.23548653173087503
2020-02-12 22:00:00,0.20208401277892207
2020-02-12 23:00:00,0.1765585482487557
2020-02-13 00:00:00,0.15348484811737248
2020-02-13 01:00:00,0.14052038840175649
2020-02-13 02:00:00,0.13604831600214934
2020-02-13 03:00:00,0.13128666145550766
2020-02-13 04:00:00,0.12982755012157887
2020-02-13 05:00:00,0.1373048831752191
2020-02-13 06:00:00,0.14036124656108168
2020-02-13 07:00:00,0.16751593151880106
2020-02-13 08:00:00,0.20164182247382123
2020-02-13 11:00:00,0.1423295184468468
2020-02-13 12:00:00,0.14898384083764246
2020-02-13 13:00:00,0.16644814110395115
2020-02-13 14:00:00,0.14539708243146637
2020-02-13 15:00:00,0.14162831429548645
2020-02-13 16:00:00,0.15058598524150513
2020-02-13 17:00:00,0.1515833131325355
2020-02-13 18:00:00,0.16032421373346875
2020-02-13 19:00:00,0.16004793229745864
2020-02-13 20:00:00,0.16465604530280395
2020-02-13 21:00:00,0.16455127303526298
2020-02-13 22:00:00,0.1477181731780822
2020-02-13 23:00:00,0.14021820558112041
2020-02-14 00:00:00,0.12779604152199744
2020-02-14 01:00:00,0.1271947093762218
2020-02-14 02:00:00,0.12767120151501646
2020-02-14 03:00:00,0.13588124040402133
2020-02-14 04:00:00,0.13842237624705422
2020-02-14 05:00:00,0.1381785298782783
2020-02-14 06:00:00,0.13544255028603225
2020-02-14 07:00:00,0.1497548153854275
2020-02-14 08:00:00,0.15363768962124624
2020-02-14 09:00:00,0.1473378195119533
2020-02-14 10:00:00,0.14440909628276116
2020-02-14 11:00:00,0.14113502125855615
2020-02-14 12:00:00,0.13534407835529233
2020-02-14 13:00:00,0.17104131997762004
2020-02-14 14:00:00,0.20061603430431058
2020-02-14 15:00:00,0.20895814692032702
2020-02-14 16:00:00,0.2316916090893932
2020-02-14 17:00:00,0.27165559857584864
2020-02-14 18:00:00,0.3013698536953888
2020-02-14 19:00:00,0.32173744249787856
2020-02-14 20:00:00,0.33539867279451335
2020-02-14 21:00:00,0.30819335179657903
2020-02-14 22:00:00,0.3707701636696536
2020-02-14 23:00:00,0.3892327173001949
2020-02-15 00:00:00,0.3986055183476787
2020-02-15 01:00:00,0.4062821287208734
2020-02-15 02:00:00,0.2632969184075038
2020-02-15 03:00:00,0.31925184295701675
2020-02-15 04:00:00,0.23256457553009854
2020-02-15 05:00:00,0.19598552010145082
2020-02-15 06:00:00,0.15204347106480925
2020-02-15 07:00:00,0.19187653377822184
2020-02-15 08:00:00,0.168187734098424
2020-02-15 09:00:00,0.15440213048642304
2020-02-15 10:00:00,0.1217127163220098
2020-02-15 11:00:00,0.12252079285317824
2020-02-15 12:00:00,0.12651730649722054
2020-02-15 13:00:00,0.1551789386793943
2020-02-15 14:00:00,0.16490782542903276
2020-02-15 15:00:00,0.1779856912070651
2020-02-15 16:00:00,0.18728550643199765
2020-02-15 17:00:00,0.236924175250519
2020-02-15 18:00:00,0.2597325611988421
2020-02-15 19:00:00,0.26487176926192313
2020-02-15 20:00:00,0.2871842953694341
2020-02-15 21:00:00,0.22990910024141947
2020-02-15 22:00:00,0.24083038406708193
2020-02-15 23:00:00,0.22469545486576473
2020-02-16 00:00:00,0.17183049549838578
2020-02-16 01:00:00,0.15892297215978546
2020-02-16 02:00:00,0.1582871048345086
2020-02-16 03:00:00,0.15971121429732124
2020-02-16 04:00:00,0.1792382915014084
2020-02-16 05:00:00,0.20403968399108527
2020-02-16 06:00:00,0.19853248958966965
2020-02-16 07:00:00,0.2032306740766873
2020-02-16 08:00:00,0.15878973170373673
2020-02-16 09:00:00,0.14505406409452806
2020-02-16 10:00:00,0.1428580467007006
2020-02-16 11:00:00,0.13119612328222063
2020-02-16 12:00:00,0.11839337221116128
2020-02-16 13:00:00,0.13193746291246064
2020-02-16 14:00:00,0.12052521950794254
2020-02-16 15:00:00,0.16152944482890175
2020-02-16 16:00:00,0.19684042399465485
2020-02-16 17:00:00,0.24157125700570706
2020-02-16 18:00:00,0.21401545060499644
2020-02-16 19:00:00,0.2209409208240387
2020-02-16 20:00:00,0.22835245035998047
2020-02-16 21:00:00,0.24351199408619414
2020-02-16 22:00:00,0.22489333211047483
2020-02-16 23:00:00,0.23702078041479976
2020-02-17 00:00:00,0.2587030394964123
2020-02-17 01:00:00,0.23787015915388512
2020-02-17 02:00:00,0.2615295572619454
2020-02-17 03:00:00,0.2711611388098811
2020-02-17 04:00:00,0.2262682056079173
2020-02-17 05:00:00,0.20163482209959804
2020-02-17 06:00:00,0.22912949189875909
2020-02-17 07:00:00,0.23102565993002494
2020-02-17 08:00:00,0.2203612898383551
2020-02-17 09:00:00,0.22391351306502985
2020-02-17 10:00:00,0.2080679326649397
2020-02-17 11:00:00,0.34559401781322674
2020-02-17 12:00:00,0.1630132908184192
2020-02-17 13:00:00,0.0975756593461177
2020-02-17 14:00:00,0.10566109157394935
2020-02-17 15:00:00,0.15015687021164845
2020-02-17 16:00:00,0.22585282238557647
2020-02-17 17:00:00,0.2620664859648672
2020-02-17 18:00:00,0.34176107958020024
2020-02-17 19:00:00,0.36895193313807323
2020-02-17 20:00:00,0.37422788184431477
2020-02-17 21:00:00,0.2946077255415553
2020-02-17 22:00:00,0.3429135745231516
2020-02-17 23:00:00,0.32950692450243496
2020-02-18 00:00:00,0.2680340716443639
2020-02-18 01:00:00,0.2804034995510053
2020-02-18 02:00:00,0.2901540874607359
2020-02-18 03:00:00,0.2627072535521001
2020-02-18 04:00:00,0.2406850096290462
2020-02-18 05:00:00,0.241448983802608
2020-02-18 06:00:00,0.22711455085150592
2020-02-18 07:00:00,0.21576531081499675
2020-02-18 08:00:00,0.2374732379354278
2020-02-18 09:00:00,0.20354662429996245
2020-02-18 10:00:00,0.20233415948449876
2020-02-18 11:00:00,0.15165005003346368
2020-02-18 12:00:00,0.10388486328770821
2020-02-18 13:00:00,0.10165454406018676
2020-02-18 14:00:00,0.16712904417006388
2020-02-18 15:00:00,0.19072170537719627
2020-02-18 16:00:00,0.21823617792988018
2020-02-18 17:00:00,0.24767418325351964
2020-02-18 18:00:00,0.27530909388295277
2020-02-18 19:00:00,0.26273105482445913
2020-02-18 20:00:00,0.26327428386418195
2020-02-18 21:00:00,0.2384115214271482
2020-02-18 22:00:00,0.19749013386783057
2020-02-18 23:00:00,0.184075083398046
2020-02-19 00:00:00,0.17577987328932507
2020-02-19 01:00:00,0.18355355551841532
2020-02-19 02:00:00,0.16097804868591853
2020-02-19 03:00:00,0.15154551111173006
2020-02-19 04:00:00,0.1424830599881429
2020-02-19 05:00:00,0.1612732311323315
2020-02-19 06:00:00,0.1901066058287816
2020-02-19 07:00:00,0.2212375033452962
2020-02-19 08:00:00,0.2096530507348865
2020-02-19 09:00:00,0.1430045878677736
2020-02-19 10:00:00,0.15996182769451292
2020-02-19 11:00:00,0.19990922985357176
2020-02-19 12:00:00,0.2251080102533205
2020-02-19 13:00:00,0.21243476610539092
2020-02-19 14:00:00,0.22502540583748637
2020-02-19 15:00:00,0.21640397828996288
2020-02-19 16:00:00,0.25596392357831377
2020-02-19 17:00:00,0.2924119414935353
2020-02-19 18:00:00,0.35398396631976864
2020-02-19 19:00:00,0.3354187405339534
2020-02-19 20:00:00,0.3018351452354262
2020-02-19 21:00:00,0.25611430110866146
2020-02-19 22:00:00,0.23293512867231478
2020-02-19 23:00:00,0.21122370136477198
2020-02-20 00:00:00,0.21837878385833626
2020-02-20 01:00:00,0.24730363011130335
2020-02-20 02:00:00,0.21285012164263598
2020-02-20 03:00:00,0.2455180679927646
2020-02-20 04:00:00,0.22330168035791947
2020-02-20 05:00:00,0.23469292263976804
2020-02-20 06:00:00,0.26702975128913764
2020-02-20 07:00:00,0.2623030986136123
2020-02-20 08:00:00,0.24507517765024153
2020-02-20 09:00:00,0.2674063714223476
2020-02-20 10:00:00,0.22400895150027328
2020-02-20 11:00:00,0.1928057167834519
2020-02-20 12:00:00,0.1525799330761161
2020-02-20 13:00:00,0.17040545265234336
2020-02-20 14:00:00,0.17646124304705293
2020-02-20 15:00:00,0.24371640501351244
2020-02-20 16:00:00,0.22535710097024322
2020-02-20 17:00:00,0.27081998723940226
2020-02-20 18:00:00,0.29249034568483534
2020-02-20 19:00:00,0.30144895792411136
2020-02-20 20:00:00,0.29517335577879233
2020-02-20 21:00:00,0.3077023922177232
2020-02-20 22:00:00,0.34374148544795236
2020-02-20 23:00:00,0.2865722293165162
2020-02-21 00:00:00,0.24619523752595845
2020-02-21 01:00:00,0.305919163557259
2020-02-21 02:00:00,0.23332784966623804
2020-02-21 03:00:00,0.20047906031534274
2020-02-21 04:00:00,0.19533308522384582
2020-02-21 05:00:00,0.23616836818021758
2020-02-21 06:00:00,0.2489300503891672
2020-02-21 07:00:00,0.2574488057814167
2020-02-21 08:00:00,0.23733556390903762
2020-02-21 09:00:00,0.30684881325410407
2020-02-21 10:00:00,0.16399731008839794
2020-02-21 11:00:00,0.17050042439597196
2020-02-21 12:00:00,0.15552382378279211
2020-02-21 13:00:00,0.17164871911438925
2020-02-21 14:00:00,0.19563526804448192
2020-02-21 15:00:00,0.21935393598763217
2020-02-21 16:00:00,0.2536699365404842
2020-02-21 17:00:00,0.266172205446792
2020-02-21 18:00:00,0.34496258405829117
2020-02-21 19:00:00,0.4061808566404441
2020-02-21 20:00:00,0.2700324451392889
2020-02-21 21:00:00,0.2528663608148899
2020-02-21 22:00:00,0.2213257080605089
2020-02-21 23:00:00,0.2535211291505694
2020-02-22 00:00:00,0.25026175491223307
2020-02-22 01:00:00,0.24762704740041663
2020-02-22 02:00:00,0.2986266403831121
2020-02-22 03:00:00,0.2728517291847913
2020-02-22 04:00:00,0.21235379511020894
2020-02-22 05:00:00,0.229327835835084
2020-02-22 06:00:00,0.20122366678688688
2020-02-22 07:00:00,0.19293102348204777
2020-02-22 08:00:00,0.2418055361963778
2020-02-22 09:00:00,0.15039628301008293
2020-02-22 10:00:00,0.13760146569647674
2020-02-22 11:00:00,0.14243732420988456
2020-02-22 12:00:00,0.13774123983513387
2020-02-22 13:00:00,0.14100574768123386
2020-02-22 14:00:00,0.15362928917217838
2020-02-22 15:00:00,0.1604131184861038
2020-02-22 16:00:00,0.17023710353980887
2020-02-22 17:00:00,0.16832727489127364
2020-02-22 18:00:00,0.16993059393420082
2020-02-22 19:00:00,0.1718440295552174
2020-02-22 20:00:00,0.1781238319250702
2020-02-22 21:00:00,0.16454100581973563
2020-02-22 22:00:00,0.16153387839924305
2020-02-22 23:00:00,0.1661690595182516
2020-02-23 00:00:00,0.1612776647026728
2020-02-23 01:00:00,0.1448426527929865
2020-02-23 02:00:00,0.13529460904411458
2020-02-23 03:00:00,0.13310885886581475
2020-02-23 04:00:00,0.13660554579031836
2020-02-23 05:00:00,0.14021867227273524
2020-02-23 06:00:00,0.1417823225283975
2020-02-23 07:00:00,0.16182369389208479
2020-02-23 08:00:00,0.1453851817952869
2020-02-23 09:00:00,0.1316751822248971
2020-02-23 10:00:00,0.10352691081909364
2020-02-23 11:00:00,0.12325093188466124
2020-02-23 12:00:00,0.12248672436529162
2020-02-23 13:00:00,0.14189456186177668
2020-02-23 14:00:00,0.15500276259477624
2020-02-23 15:00:00,0.16824000355929072
2020-02-23 16:00:00,0.16917755537347928
2020-02-23 17:00:00,0.18585597860043593
2020-02-23 18:00:00,0.2534231239114442
2020-02-23 19:00:00,0.2800614145972968
2020-02-23 20:00:00,0.26174120190929445
2020-02-23 21:00:00,0.27523325649553443
2020-02-23 22:00:00,0.2830512744280385
2020-02-23 23:00:00,0.280869491128465
2020-02-24 00:00:00,0.239405107875232
2020-02-24 01:00:00,0.20868069875527975
2020-02-24 02:00:00,0.1971242476417631
2020-02-24 03:00:00,0.19778578300585842
2020-02-24 04:00:00,0.24548749969198985
2020-02-24 05:00:00,0.22399168391052254
2020-02-24 06:00:00,0.18307332984670183
2020-02-24 07:00:00,0.2231581726863434
2020-02-24 08:00:00,0.14910261385362988
2020-02-24 09:00:00,0.1554685208264286
2020-02-24 10:00:00,0.2331334726086397
2020-02-24 11:00:00,0.27853813316632164
2020-02-24 12:00:00,0.1454190169373659
2020-02-24 13:00:00,0.14830737134187089
2020-02-24 14:00:00,0.12434369030090756
2020-02-24 15:00:00,0.17758830329699293
2020-02-24 16:00:00,0.20514286782340638
2020-02-24 17:00:00,0.2242161625772809
2020-02-24 18:00:00,0.25268505112250816
2020-02-24 19:00:00,0.2543392395514576
2020-02-24 20:00:00,0.30114164149571154
2020-02-24 21:00:00,0.3618225186833276
2020-02-24 22:00:00,0.27470846177459973
2020-02-24 23:00:00,0.40095204378730565
2020-02-25 00:00:00,0.45736432611940303
2020-02-25 01:00:00,0.4382640383971254
2020-02-25 02:00:00,0.3348323425198541
2020-02-25 03:00:00,0.2103092191454107
2020-02-25 04:00:00,0.31171220657279
2020-02-25 05:00:00,0.3917978877613943
2020-02-25 06:00:00,0.3451627947610757
2020-02-25 07:00:00,0.3780673537599495
2020-02-25 08:00:00,0.4033235372283287
2020-02-25 11:00:00,0.22338218466148677
2020-02-25 12:00:00,0.10064859028430864
2020-02-25 13:00:00,0.02730636958494249
2020-02-25 14:00:00,0.08242311599412741
2020-02-25 15:00:00,0.17917412140436217
2020-02-25 16:00:00,0.18693050440359243
2020-02-25 17:00:00,0.24581558389725183
2020-02-25 18:00:00,0.35478084225217976
2020-02-25 19:00:00,0.3189034576665074
2020-02-25 20:00:00,0.40795428477699586
2020-02-25 21:00:00,0.3817719517988832
2020-02-25 22:00:00,0.3024248100908296
2020-02-25 23:00:00,0.37297014794220773
2020-02-26 00:00:00,0.2988046832341896
2020-02-26 01:00:00,0.36103801007871084
2020-02-26 02:00:00,0.23585965167697312
2020-02-26 03:00:00,0.2266140240945449
2020-02-26 04:00:00,0.22188433792352275
2020-02-26 05:00:00,0.24007177684709116
2020-02-26 06:00:00,0.2216227572733814
2020-02-26 07:00:00,0.24927050192222372
2020-02-26 08:00:00,0.2235219588001439
2020-02-26 09:00:00,0.21731006006025627
2020-02-26 10:00:00,0.25520238569318193
2020-02-26 11:00:00,0.2860140661451171
2020-02-26 12:00:00,0.20716745119402474
2020-02-26 13:00:00,0.21436546931615807
2020-02-26 14:00:00,0.18857189045324196
2020-02-26 15:00:00,0.23312600554280152
2020-02-26 16:00:00,0.23761273917814082
2020-02-26 17:00:00,0.29452582116314346
2020-02-26 18:00:00,0.3212182480763223
2020-02-26 19:00:00,0.3070142554315798
2020-02-26 20:00:00,0.27108693484311486
2020-02-26 21:00:00,0.31906703307752365
2020-02-26 22:00:00,0.4342089549554152
2020-02-26 23:00:00,0.27442261316048444
2020-02-27 00:00:00,0.2867985747497339
2020-02-27 01:00:00,0.30981510515829425
2020-02-27 02:00:00,0.2866662676769149
2020-02-27 03:00:00,0.2540260894778717
2020-02-27 04:00:00,0.23669666308826404
2020-02-27 05:00:00,0.21816363902387562
2020-02-27 06:00:00,0.18372086446235056
2020-02-27 07:00:00,0.22869663542595595
2020-02-27 08:00:00,0.22818864160315702
2020-02-27 09:00:00,0.21612256324618886
2020-02-27 10:00:00,0.19592345011667153
2020-02-27 11:00:00,0.19980539096926045
2020-02-27 12:00:00,0.17749519831982413
2020-02-27 13:00:00,0.166925333280168
2020-02-27 14:00:00,0.1826948429470324
2020-02-27 15:00:00,0.19027041458560523
2020-02-27 16:00:00,0.2220944519805755
2020-02-27 17:00:00,0.2561742709811739
2020-02-27 18:00:00,0.35381549064679624
2020-02-27 19:00:00,0.3821546389230864
2020-02-27 20:00:00,0.3739366662766284
2020-02-27 21:00:00,0.29773455936126497
2020-02-27 22:00:00,0.3215988350882587
2020-02-27 23:00:00,0.2966231332804234
2020-02-28 00:00:00,0.22604652709084824
2020-02-28 01:00:00,0.2298619643883165
2020-02-28 02:00:00,0.2113889101964404
2020-02-28 03:00:00,0.19383267168199986
2020-02-28 04:00:00,0.2090962876383323
2020-02-28 05:00:00,0.20557603278727693
2020-02-28 06:00:00,0.20230219110887937
2020-02-28 07:00:00,0.22024741708432405
2020-02-28 08:00:00,0.23365360041342575
2020-02-28 09:00:00,0.20823407487983764
2020-02-28 10:00:00,0.2081216022006511
2020-02-28 11:00:00,0.22533225557427122
2020-02-28 12:00:00,0.19014090766247557
2020-02-28 13:00:00,0.22184210233237586
2020-02-28 14:00:00,0.19982452532547054
2020-02-28 15:00:00,0.2159111519446473
2020-02-28 16:00:00,0.21333211916048073
2020-02-28 17:00:00,0.2284859241618367
2020-02-28 18:00:00,0.2274202338592536
2020-02-28 19:00:00,0.2543152049332913
2020-02-28 20:00:00,0.23062453848703368
2020-02-28 21:00:00,0.18571363765789684
2020-02-28 22:00:00,0.16484062183648976
2020-02-28 23:00:00,0.16044602024495297
2020-02-29 00:00:00,0.1498684547936515
2020-02-29 01:00:00,0.1487885303968143
2020-02-29 02:00:00,0.13894203736022542
2020-02-29 03:00:00,0.13443309632304237
2020-02-29 04:00:00,0.135471485166155
2020-02-29 05:00:00,0.1386174533420749
2020-02-29 06:00:00,0.15807686026200435
2020-02-29 07:00:00,0.16048662241544773
2020-02-29 08:00:00,0.13551232068245722
2020-02-29 09:00:00,0.12169381531160722
2020-02-29 10:00:00,0.11562962446782978
2020-02-29 11:00:00,0.11470930860328242
2020-02-29 12:00:00,0.11803098617220541
2020-02-29 13:00:00,0.12433435646860985
2020-02-29 14:00:00,0.1326206994366481
2020-02-29 15:00:00,0.1401367678943233
2020-02-29 16:00:00,0.15370862674670835
2020-02-29 17:00:00,0.15373336140229704
2020-02-29 18:00:00,0.1602875784417005
2020-02-29 19:00:00,0.16217651275293576
2020-02-29 20:00:00,0.15971051425989893
2020-02-29 21:00:00,0.1585531190549914
2020-02-29 22:00:00,0.1518497940446331
2020-02-29 23:00:00,0.14505616420679518
2020-03-01 00:00:00,0.1376728695135537
2020-03-01 01:00:00,0.1340802774621917
2020-03-01 02:00:00,0.14116558955933087
2020-03-01 03:00:00,0.15868752624007743
2020-03-01 04:00:00,0.15244739265748955
2020-03-01 05:00:00,0.13252712776786413
2020-03-01 06:00:00,0.16711597680484724
2020-03-01 07:00:00,0.17711927822403647
2020-03-01 08:00:00,0.17297178984257988
2020-03-01 09:00:00,0.13569036353353464
2020-03-01 10:00:00,0.10675968363538159
2020-03-01 11:00:00,0.13729018238935034
2020-03-01 12:00:00,0.15768997291326703
2020-03-01 13:00:00,0.14293015055519986
2020-03-01 14:00:00,0.14141853641459698
2020-03-01 15:00:00,0.1463911355711653
2020-03-01 16:00:00,0.1411599220247196
2020-03-01 17:00:00,0.14210247297620662
2020-03-01 18:00:00,0.15434286065133307
2020-03-01 19:00:00,0.14648750738963853
2020-03-01 20:00:00,0.1426076666493164
2020-03-01 21:00:00,0.15196390014447178
2020-03-01 22:00:00,0.14043895071495952
2020-03-01 23:00:00,0.13214117380235663
2020-03-02 00:00:00,0.12803358755397232
2020-03-02 01:00:00,0.12369125542330231
2020-03-02 02:00:00,0.1262855941104316
2020-03-02 03:00:00,0.12611898520391873
2020-03-02 04:00:00,0.12852804731993991
2020-03-02 05:00:00,0.1299425896046475
2020-03-02 06:00:00,0.12426878629671884
2020-03-02 07:00:00,0.12556805575255062
2020-03-02 08:00:00,0.11710250320439766
2020-03-02 09:00:00,0.11441645961494404
2020-03-02 10:00:00,0.12021906980857985
2020-03-02 11:00:00,0.11927285255940655
2020-03-02 12:00:00,0.10827713142117053
2020-03-02 13:00:00,0.09725387547765672
2020-03-02 14:00:00,0.1281257591479115
2020-03-02 15:00:00,0.13496722487627502
2020-03-02 16:00:00,0.16396358173168854
2020-03-02 17:00:00,0.23149701846105572
2020-03-02 18:00:00,0.20418039151297235
2020-03-02 19:00:00,0.244723525518428
2020-03-02 20:00:00,0.21923702973810436
2020-03-02 21:00:00,0.204558645066834
2020-03-02 22:00:00,0.20685126762494224
2020-03-02 23:00:00,0.20773098131899484
2020-03-03 00:00:00,0.2796682269117586
2020-03-03 01:00:00,0.25557643902251
2020-03-03 02:00:00,0.25162449442768875
2020-03-03 03:00:00,0.24411215950293233
2020-03-03 04:00:00,0.27073994962745007
2020-03-03 05:00:00,0.26170363323429635
2020-03-03 06:00:00,0.37395510059541626
2020-03-03 07:00:00,0.3814424675187764
2020-03-03 08:00:00,0.20410245401328686
2020-03-03 09:00:00,0.16074166938298082
2020-03-03 10:00:00,0.15667445195928376
2020-03-03 11:00:00,0.12679988827003172
2020-03-03 12:00:00,0.1180753218756191
2020-03-03 13:00:00,0.19984272629845107
2020-03-03 14:00:00,0.20190386981557756
2020-03-03 15:00:00,0.20302019615837552
2020-03-03 16:00:00,0.23680639098795297
2020-03-03 17:00:00,0.2725213115214549
2020-03-03 18:00:00,0.26320988042132826
2020-03-03 19:00:00,0.23877110731641477
2020-03-03 20:00:00,0.2453619596475865
2020-03-03 21:00:00,0.2610271637385248
2020-03-03 22:00:00,0.23917362883425067
2020-03-03 23:00:00,0.20834701425063912
2020-03-04 00:00:00,0.19443797070650198
2020-03-04 01:00:00,0.2044870079039497
2020-03-04 02:00:00,0.24972435951769645
2020-03-04 03:00:00,0.2262999406377292
2020-03-04 04:00:00,0.1774037267633073
2020-03-04 05:00:00,0.19737696115122172
2020-03-04 06:00:00,0.26170736676721545
2020-03-04 07:00:00,0.30387762108795746
2020-03-04 08:00:00,0.23886047876066477
2020-03-04 09:00:00,0.17525577860581246
2020-03-04 10:00:00,0.18574467265028655
2020-03-04 11:00:00,0.17119019460276752
2020-03-04 12:00:00,0.16613009076840898
2020-03-04 13:00:00,0.16953483944478093
2020-03-04 14:00:00,0.18022464422946177
2020-03-04 15:00:00,0.2105304309708648
2020-03-04 16:00:00,0.23497680165706786
2020-03-04 17:00:00,0.23705811574399033
2020-03-04 18:00:00,0.2622484956946712
2020-03-04 19:00:00,0.24580344991526487
2020-03-04 20:00:00,0.22120623500709916
2020-03-04 21:00:00,0.19070187098356373
2020-03-04 22:00:00,0.171951835318255
2020-03-04 23:00:00,0.16026704401064576
2020-03-05 00:00:00,0.1537583294036933
2020-03-05 01:00:00,0.14681139137036647
2020-03-05 02:00:00,0.1401801702145075
2020-03-05 03:00:00,0.13593724339780733
2020-03-05 04:00:00,0.1596752790429753
2020-03-05 05:00:00,0.1778211824128192
2020-03-05 06:00:00,0.19409285225729656
2020-03-05 07:00:00,0.20790272383327146
2020-03-05 08:00:00,0.17470578253767413
2020-03-05 09:00:00,0.17594554881260815
2020-03-05 10:00:00,0.1740444805193863
2020-03-05 11:00:00,0.16181389336817228
2020-03-05 12:00:00,0.15253419729785758
2020-03-05 13:00:00,0.13691006206902892
2020-03-05 14:00:00,0.12897607127022667
2020-03-05 15:00:00,0.14349204725951792
2020-03-05 16:00:00,0.14206403815321156
2020-03-05 17:00:00,0.1684852500029113
2020-03-05 18:00:00,0.1698820580062532
2020-03-05 19:00:00,0.16681659413390043
2020-03-05 20:00:00,0.1590790805049635
2020-03-05 21:00:00,0.15938499685851867
2020-03-05 22:00:00,0.15624742913166667
2020-03-05 23:00:00,0.14172095258104056
2020-03-06 00:00:00,0.13518890339334383
2020-03-06 01:00:00,0.12838850652709013
2020-03-06 02:00:00,0.125724397443536
2020-03-06 03:00:00,0.12090650655730112
2020-03-06 04:00:00,0.12363385235467181
2020-03-06 05:00:00,0.12890863433187616
2020-03-06 06:00:00,0.14049238690486343
2020-03-06 07:00:00,0.1471429757627401
2020-03-06 08:00:00,0.1467038189531362
2020-03-06 09:00:00,0.14583343909138113
2020-03-06 10:00:00,0.1336306200912528
2020-03-06 11:00:00,0.14658481259134126
2020-03-06 12:00:00,0.15300975605342246
2020-03-06 13:00:00,0.14752659627017314
2020-03-06 14:00:00,0.12164061246751068
2020-03-06 15:00:00,0.13719824414121867
2020-03-06 16:00:00,0.14170737501905845
2020-03-06 17:00:00,0.15567269840793943
2020-03-06 18:00:00,0.16475708403742595
2020-03-06 19:00:00,0.16897294274046284
2020-03-06 20:00:00,0.1594302659451622
2020-03-06 21:00:00,0.15076590276906965
2020-03-06 22:00:00,0.13686805982368952
2020-03-06 23:00:00,0.12677865380155454
2020-03-07 00:00:00,0.12302878667597716
2020-03-07 01:00:00,0.11663814504758997
2020-03-07 02:00:00,0.11446242873900972
2020-03-07 03:00:00,0.11665634602057037
2020-03-07 04:00:00,0.11822302977172928
2020-03-07 05:00:00,0.12301921949787215
2020-03-07 06:00:00,0.13575243351831404
2020-03-07 07:00:00,0.1552333082525279
2020-03-07 08:00:00,0.14399794097005003
2020-03-07 09:00:00,0.15233842016541463
2020-03-07 10:00:00,0.12851754675860505
2020-03-07 11:00:00,0.14237058730895624
2020-03-07 12:00:00,0.11478864617781227
2020-03-07 13:00:00,0.12227111283921627
2020-03-07 14:00:00,0.10954443250138278
2020-03-07 15:00:00,0.08866534968898226
2020-03-07 16:00:00,0.1174189240743013
2020-03-07 17:00:00,0.13049958604700904
2020-03-07 18:00:00,0.15311522835838573
2020-03-07 19:00:00,0.16915705258253397
2020-03-07 20:00:00,0.17058116204534646
2020-03-07 21:00:00,0.16076290385145783
2020-03-07 22:00:00,0.14308392544230358
2020-03-07 23:00:00,0.14006956430178044
2020-03-08 00:00:00,0.14197553285695869
2020-03-08 01:00:00,0.1579305524407387
2020-03-08 03:00:00,0.174660746796838
2020-03-08 04:00:00,0.17925882593246326
2020-03-08 05:00:00,0.15584864114675
2020-03-08 06:00:00,0.14403130942051418
2020-03-08 07:00:00,0.156588347356338
2020-03-08 08:00:00,0.20993469912446786
2020-03-08 09:00:00,0.22723122375522625
2020-03-08 10:00:00,0.19848978730690792
2020-03-08 11:00:00,0.19345908504428683
2020-03-08 12:00:00,0.16537405035229993
2020-03-08 13:00:00,0.10801718419168119
2020-03-08 14:00:00,0.12846387722289368
2020-03-08 15:00:00,0.1500002951748554
2020-03-08 16:00:00,0.1335410153011953
2020-03-08 17:00:00,0.14401536280533445
2020-03-08 18:00:00,0.15037691530806552
2020-03-08 19:00:00,0.16445490121678988
2020-03-08 20:00:00,0.1667713250472568
2020-03-08 21:00:00,0.16567716655616596
2020-03-08 22:00:00,0.17033008195653995
2020-03-08 23:00:00,0.16636787014619137
2020-03-09 00:00:00,0.14329487005223018
2020-03-09 01:00:00,0.1412190257492349
2020-03-09 03:00:00,0.16305972663409998
2020-03-09 04:00:00,0.17166248651702826
2020-03-09 05:00:00,0.16724151684925054
2020-03-09 07:00:00,0.15878319802112834
2020-03-09 08:00:00,0.2082933447149276
2020-03-09 09:00:00,0.1844286022963193
2020-03-09 10:00:00,0.16089684434492904
2020-03-09 11:00:00,0.16344941413252645
2020-03-09 12:00:00,0.17382676888104373
2020-03-09 13:00:00,0.1532629362544959
2020-03-09 14:00:00,0.13469421028156903
2020-03-09 15:00:00,0.13043308249188834
2020-03-09 16:00:00,0.13681695709185993
2020-03-09 17:00:00,0.1605032611580224
2020-03-09 18:00:00,0.1591756856692441
2020-03-09 19:00:00,0.1993520000654025
2020-03-09 20:00:00,0.26313777656682896
2020-03-09 21:00:00,0.3165342976835586
2020-03-09 22:00:00,0.24017584907720968
2020-03-09 23:00:00,0.22754367379138996
2020-03-10 00:00:00,0.1923131237839441
2020-03-10 01:00:00,0.19212154687603478
2020-03-10 02:00:00,0.17566436711464178
2020-03-10 03:00:00,0.17824913862366606
2020-03-10 04:00:00,0.15900720999627158
2020-03-10 05:00:00,0.16393313999135156
2020-03-10 06:00:00,0.17264253890828055
2020-03-10 07:00:00,0.19520147818844896
2020-03-10 08:00:00,0.2042366278525654
2020-03-10 09:00:00,0.21308953444107046
2020-03-10 10:00:00,0.207058012010335
2020-03-10 11:00:00,0.17598965117021453
2020-03-10 12:00:00,0.1983864151142116
2020-03-10 13:00:00,0.1259152743140227
2020-03-10 14:00:00,0.13724818014401108
2020-03-10 15:00:00,0.14030897710021492
2020-03-10 16:00:00,0.16812356400137748
2020-03-10 17:00:00,0.1764690977042322
2020-03-10 18:00:00,0.22046746218074084
2020-03-10 19:00:00,0.22543772787923466
2020-03-10 20:00:00,0.2161949004464956
2020-03-10 21:00:00,0.23536332514454605
2020-03-10 22:00:00,0.2345340141449007
2020-03-10 23:00:00,0.2088069388371054
2020-03-11 00:00:00,0.3198569086357114
2020-03-11 01:00:00,0.2539866540364143
2020-03-11 02:00:00,0.20683890029714788
2020-03-11 03:00:00,0.17005380052052968
2020-03-11 04:00:00,0.16722331587627015
2020-03-11 05:00:00,0.17288521854801916
2020-03-11 06:00:00,0.16339551125100757
2020-03-11 07:00:00,0.1721396786932451
2020-03-11 08:00:00,0.24610329927782665
2020-03-11 09:00:00,0.2294937447041744
2020-03-11 10:00:00,0.19243213014573887
2020-03-11 11:00:00,0.18533631748726473
2020-03-11 12:00:00,0.1421759769055507
2020-03-11 13:00:00,0.1303350772527631
2020-03-11 14:00:00,0.13567566274766582
2020-03-11 16:00:00,0.1682155022495093
2020-03-11 17:00:00,0.1747035795950512
2020-03-11 18:00:00,0.18703204146993868
2020-03-11 19:00:00,0.19518537732773553
2020-03-11 20:00:00,0.19994983202406652
2020-03-11 21:00:00,0.1903233840838943
2020-03-11 22:00:00,0.16991215961541292
2020-03-11 23:00:00,0.15230038479880167
2020-03-12 00:00:00,0.14573776731033022
2020-03-12 01:00:00,0.14062702743575695
2020-03-12 02:00:00,0.14225508113427307
2020-03-12 03:00:00,0.15183696002522382
2020-03-12 04:00:00,0.15491245776729656
2020-03-12 05:00:00,0.1747575853069259
2020-03-12 06:00:00,0.18422395802319347
2020-03-12 07:00:00,0.18835907907685587
2020-03-12 08:00:00,0.19185553265555202
2020-03-12 09:00:00,0.20235632733620562
2020-03-12 10:00:00,0.22685740377170588
2020-03-12 11:00:00,0.18438286651806085
2020-03-12 12:00:00,0.18032218277697204
2020-03-12 13:00:00,0.11613738494482148
2020-03-12 14:00:00,0.13404434220784572
2020-03-12 15:00:00,0.15232255265050854
2020-03-12 16:00:00,0.1978954555353555
2020-03-12 17:00:00,0.19749940837492294
2020-03-12 18:00:00,0.2017307272264563
2020-03-12 19:00:00,0.19831477795132701
2020-03-12 20:00:00,0.20289255600170508
2020-03-12 21:00:00,0.18925979389357805
2020-03-12 22:00:00,0.17045958887966972
2020-03-12 23:00:00,0.16428315870251323
2020-03-13 00:00:00,0.15201476953049387
2020-03-13 01:00:00,0.14826910262945062
2020-03-13 02:00:00,0.14387940129986995
2020-03-13 03:00:00,0.136813223558941
2020-03-13 17:00:00,0.17153252872233835
2020-03-13 18:00:00,0.1833839131164058
2020-03-13 19:00:00,0.17716664742294708
2020-03-13 20:00:00,0.18086004486312363
2020-03-13 21:00:00,0.15859628802936807
2020-03-13 22:00:00,0.14441703004021422
2020-03-13 23:00:00,0.13451523404726168
2020-03-14 00:00:00,0.12975521292127226
2020-03-14 01:00:00,0.13250122638323833
2020-03-14 02:00:00,0.14199863409189548
2020-03-14 03:00:00,0.14017036969059493
2020-03-14 04:00:00,0.13258009726615336
2020-03-14 05:00:00,0.13340870822837636
2020-03-14 06:00:00,0.13579303568880877
2020-03-14 07:00:00,0.1564819416681449
2020-03-14 08:00:00,0.1469086965720695
2020-03-14 09:00:00,0.15338240930790567
2020-03-14 10:00:00,0.16395274103917673
2020-03-14 11:00:00,0.14298148663283705
2020-03-14 12:00:00,0.1330470222268427
2020-03-14 13:00:00,0.12819716296498856
2020-03-14 14:00:00,0.15274094168325025
2020-03-14 15:00:00,0.12923928534102014
2020-03-14 16:00:00,0.12260969760581317
2020-03-14 17:00:00,0.13966231654259054
2020-03-14 18:00:00,0.16565803219995576
2020-03-14 19:00:00,0.1576524042382691
2020-03-14 20:00:00,0.1540474448591126
2020-03-14 21:00:00,0.15392097143147962
2020-03-14 22:00:00,0.14912851523825585
2020-03-14 23:00:00,0.15116795759529045
2020-03-15 00:00:00,0.13893923721053617
2020-03-15 01:00:00,0.1375020603825069
2020-03-15 02:00:00,0.12953633455389246
2020-03-15 03:00:00,0.11764433216927558
2020-03-15 04:00:00,0.12182682242184847
2020-03-15 05:00:00,0.12056838848231921
2020-03-15 06:00:00,0.12693942906288136
2020-03-15 07:00:00,0.13238222002144326
2020-03-15 08:00:00,0.13024663919174304
2020-03-15 09:00:00,0.15441053093549093
2020-03-15 10:00:00,0.14632393197862226
2020-03-15 11:00:00,0.12084046969379525
2020-03-15 12:00:00,0.1170119650311105
2020-03-15 13:00:00,0.11272283574453702
2020-03-15 14:00:00,0.10842973957923695
2020-03-15 15:00:00,0.10994998751471519
2020-03-15 16:00:00,0.1255204532078325
2020-03-15 17:00:00,0.11361234996250216
2020-03-15 18:00:00,0.1325075267200391
2020-03-15 19:00:00,0.13618295653304271
2020-03-15 20:00:00,0.13639786802169576
2020-03-15 21:00:00,0.1427040384677895
2020-03-15 22:00:00,0.12725537928615654
2020-03-15 23:00:00,0.13642656955601115
2020-03-16 00:00:00,0.13730324975456712
2020-03-16 01:00:00,0.13160004487490104
2020-03-16 02:00:00,0.12354168076073263
2020-03-16 03:00:00,0.12544111563330262
2020-03-16 04:00:00,0.12279987443887755
2020-03-16 05:00:00,0.12564926009353994
2020-03-16 06:00:00,0.12985765173073877
2020-03-16 07:00:00,0.1311123521373492
2020-03-16 08:00:00,0.12432758944019412
2020-03-16 11:00:00,0.13404970916141698
2020-03-16 12:00:00,0.12972744477018683
2020-03-16 13:00:00,0.1101030623643966
2020-03-16 14:00:00,0.1071400373015105
2020-03-16 15:00:00,0.12194396201718405
2020-03-16 16:00:00,0.14255936406717612
2020-03-16 17:00:00,0.14098497990437153
2020-03-16 18:00:00,0.14124982739581712
2020-03-16 19:00:00,0.15649244222947975
2020-03-16 20:00:00,0.16465417853634445
2020-03-16 21:00:00,0.17850931919896276
2020-03-16 22:00:00,0.2046174482103093
2020-03-16 23:00:00,0.15747109454588726
2020-03-17 00:00:00,0.15640050398134808
2020-03-17 01:00:00,0.17770100932198696
2020-03-17 02:00:00,0.15974971635554885
2020-03-17 03:00:00,0.1615177775385296
2020-03-17 04:00:00,0.12704840155495628
2020-03-17 05:00:00,0.13731748384882095
2020-03-17 06:00:00,0.15013423566832673
2020-03-17 07:00:00,0.15093951204980563
2020-03-17 08:00:00,0.1382870356787384
2020-03-17 09:00:00,0.1371648756907545
2020-03-17 10:00:00,0.12930415547548885
2020-03-17 11:00:00,0.12329783439195674
2020-03-17 12:00:00,0.11896390271035458
2020-03-17 13:00:00,0.10992431947589673
2020-03-17 14:00:00,0.14273390673114206
2020-03-17 15:00:00,0.14894043851745842
2020-03-17 16:00:00,0.1416887508596137
2020-03-17 17:00:00,0.13390919543520047
2020-03-17 18:00:00,0.1397594477236913
2020-03-17 19:00:00,0.14917121752101753
2020-03-17 20:00:00,0.15864925752765713
2020-03-17 21:00:00,0.14820493253240435
2020-03-17 22:00:00,0.14668328452208135
2020-03-17 23:00:00,0.15281257884613483
2020-03-18 00:00:00,0.1617716577770254
2020-03-18 01:00:00,0.145295810351037
2020-03-18 02:00:00,0.1345406687402728
2020-03-18 03:00:00,0.13058429057511026
2020-03-18 04:00:00,0.13988825460939874
2020-03-18 05:00:00,0.14086574019676912
2020-03-18 06:00:00,0.14658481259134126
2020-03-18 07:00:00,0.15461564190023158
2020-03-18 08:00:00,0.1575550990365663
2020-03-18 09:00:00,0.14956440520655578
2020-03-18 10:00:00,0.1402681415839127
2020-03-18 11:00:00,0.1343003225586085
2020-03-18 12:00:00,0.14659764661075045
2020-03-18 13:00:00,0.1373034831003746
2020-03-18 14:00:00,0.14594474504153052
2020-03-18 15:00:00,0.10280003862891493
2020-03-18 16:00:00,0.10400433634111797
2020-03-18 17:00:00,0.12606877630518207
2020-03-18 18:00:00,0.12406670882747481
2020-03-18 19:00:00,0.1356910635709571
2020-03-18 20:00:00,0.14366915672736566
2020-03-18 21:00:00,0.14929489079896138
2020-03-18 22:00:00,0.14132589812904287
2020-03-18 23:00:00,0.13804155588931047
2020-03-19 00:00:00,0.15129233091065647
2020-03-19 01:00:00,0.1509735805376921
2020-03-19 02:00:00,0.168347575976521
2020-03-19 03:00:00,0.1688607034070838
2020-03-19 04:00:00,0.16606125375521386
2020-03-19 05:00:00,0.1775684689033604
2020-03-19 06:00:00,0.16053562503501032
2020-03-19 07:00:00,0.15250736253000197
2020-03-19 08:00:00,0.16485928950108497
2020-03-19 09:00:00,0.17074800429766684
2020-03-19 10:00:00,0.15384140051114215
2020-03-19 11:00:00,0.14968644506384735
2020-03-19 12:00:00,0.14683985955887438
2020-03-19 13:00:00,0.1630235580339467
2020-03-19 14:00:00,0.17627246628883303
2020-03-19 15:00:00,0.16588087744606198
2020-03-19 16:00:00,0.171010518331038
2020-03-19 17:00:00,0.15689628867690011
2020-03-19 18:00:00,0.14934832698886527
2020-03-19 19:00:00,0.15482915331403999
2020-03-19 20:00:00,0.16166058517268367
2020-03-19 21:00:00,0.16561136303846744
2020-03-19 22:00:00,0.16172522196134473
2020-03-19 23:00:00,0.15091617746906164
2020-03-20 00:00:00,0.1454554188833267
2020-03-20 01:00:00,0.15415361720149837
2020-03-20 02:00:00,0.17401531229345596
2020-03-20 03:00:00,0.16324616993424515
2020-03-20 04:00:00,0.15560339470312945
2020-03-20 05:00:00,0.15463967651839805
2020-03-20 06:00:00,0.18000879935757877
2020-03-20 07:00:00,0.21845042102122056
2020-03-20 08:00:00,0.1947396868355232
2020-03-20 09:00:00,0.17152691260290492
2020-03-20 10:00:00,0.1583501082025177
2020-03-20 11:00:00,0.16003953184839076
2020-03-20 12:00:00,0.19469791793599134
2020-03-20 13:00:00,0.17276621218622423
2020-03-20 14:00:00,0.14611018721900623
2020-03-20 15:00:00,0.14014283488531687
2020-03-20 16:00:00,0.1676445050587013
2020-03-20 17:00:00,0.15224519258282135
2020-03-20 18:00:00,0.1476183011724975
2020-03-20 19:00:00,0.1603594489503924
2020-03-20 20:00:00,0.16611422325350292
2020-03-20 21:00:00,0.15937612971783582
2020-03-20 22:00:00,0.15389600343008347
2020-03-20 23:00:00,0.1820228070216024
2020-03-21 00:00:00,0.17911625164411685
2020-03-21 01:00:00,0.17445656921532698
2020-03-21 02:00:00,0.1604404199455744
2020-03-21 03:00:00,0.1586840260529658
2020-03-21 04:00:00,0.16328233853439875
2020-03-21 05:00:00,0.16094538027287683
2020-03-21 06:00:00,0.15908001388819318
2020-03-21 07:00:00,0.16682149439585656
2020-03-21 08:00:00,0.20148828093252513
2020-03-21 09:00:00,0.2367489325491309
2020-03-21 10:00:00,0.19672685973169093
2020-03-21 11:00:00,0.17010140306524765
2020-03-21 12:00:00,0.14702070255964106
2020-03-21 13:00:00,0.13874696026520467
2020-03-21 14:00:00,0.1383617063371196
2020-03-21 15:00:00,0.1438334321758041
2020-03-21 16:00:00,0.15812772964802657
2020-03-21 17:00:00,0.1395538700673358
2020-03-21 18:00:00,0.13813116067936798
2020-03-21 19:00:00,0.17787415191110822
2020-03-21 20:00:00,0.19950274145700944
2020-03-21 21:00:00,0.2031273018839908
2020-03-21 22:00:00,0.2035673920768247
2020-03-21 23:00:00,0.2022583220970804
2020-03-22 00:00:00,0.21833258138846282
2020-03-22 01:00:00,0.1946559156906518
2020-03-22 02:00:00,0.18198523834660416
2020-03-22 03:00:00,0.1531779983805875
2020-03-22 04:00:00,0.16846634899250856
2020-03-22 05:00:00,0.17954677465884555
2020-03-22 06:00:00,0.2204557948903687
2020-03-22 07:00:00,0.2024884010632173
2020-03-22 08:00:00,0.1716244511504153
2020-03-22 09:00:00,0.18841694883710122
2020-03-22 10:00:00,0.16328933890862182
2020-03-22 11:00:00,0.14928695704150835
2020-03-22 12:00:00,0.12400813902980731
2020-03-22 13:00:00,0.11718394089119434
2020-03-22 14:00:00,0.12061249083992542
2020-03-22 15:00:00,0.16201270399611217
2020-03-22 16:00:00,0.16953413940735862
2020-03-22 17:00:00,0.1451546440475626
2020-03-22 18:00:00,0.14211157346269684
2020-03-22 19:00:00,0.15198863480006058
2020-03-22 20:00:00,0.16302355803394653
2020-03-22 21:00:00,0.15847611493853583
2020-03-22 22:00:00,0.17028457952408896
2020-03-22 23:00:00,0.1646376109840162
2020-03-23 00:00:00,0.2047327210391851
2020-03-23 01:00:00,0.20718121859666372
2020-03-23 02:00:00,0.15629806517188127
2020-03-23 03:00:00,0.13958933863006678
2020-03-23 04:00:00,0.13533637794364678
2020-03-23 05:00:00,0.12847437778422852
2020-03-23 06:00:00,0.13298681900852305
2020-03-23 07:00:00,0.13715530851264948
2020-03-23 08:00:00,0.12727894721270805
2020-03-23 09:00:00,0.11946442946731557
2020-03-23 10:00:00,0.11934332299325369
2020-03-23 11:00:00,0.11993158777381255
2020-03-23 12:00:00,0.11737341768683669
2020-03-23 13:00:00,0.11041737916701966
2020-03-23 14:00:00,0.11408650864322224
2020-03-23 15:00:00,0.11823679717436839
2020-03-23 16:00:00,0.11807042161366287
2020-03-23 17:00:00,0.127466478141617
2020-03-23 18:00:00,0.13083210382261262
2020-03-23 19:00:00,0.133775761183481
2020-03-23 20:00:00,0.14347991327753096
2020-03-23 21:00:00,0.1402966097724206
2020-03-23 22:00:00,0.1362874954547762
2020-03-23 23:00:00,0.12982218316800778
2020-03-24 00:00:00,0.12226084562368891
2020-03-24 01:00:00,0.11966977377786374
2020-03-24 02:00:00,0.12856444926590058
2020-03-24 03:00:00,0.13429962252118616
2020-03-24 04:00:00,0.13481368333497865
2020-03-24 05:00:00,0.1281350929802093
2020-03-24 06:00:00,0.1315064732061171
2020-03-24 07:00:00,0.150311111790367
2020-03-24 08:00:00,0.14743302460138935
2020-03-24 09:00:00,0.140564024067748
2020-03-24 10:00:00,0.14236358693473314
2020-03-24 11:00:00,0.1251116313531958
2020-03-24 12:00:00,0.12556922248158778
2020-03-24 13:00:00,0.13796525181027727
2020-03-24 14:00:00,0.11586460369592284
2020-03-24 15:00:00,0.1387658612756074
2020-03-24 16:00:00,0.14321179894478123
2020-03-24 17:00:00,0.1532776370403647
2020-03-24 18:00:00,0.15222081387846434
2020-03-24 19:00:00,0.13530277614737513
2020-03-24 20:00:00,0.13679758938984238
2020-03-24 21:00:00,0.13562245990356941
2020-03-24 22:00:00,0.13568242977608172
2020-03-24 23:00:00,0.13370902428255296
2020-03-25 00:00:00,0.12722154414407755
2020-03-25 01:00:00,0.1335358816934317
2020-03-25 02:00:00,0.13830920353044537
2020-03-25 03:00:00,0.1363824671984048
2020-03-25 04:00:00,0.1415065077840022
2020-03-25 05:00:00,0.1640341787259737
2020-03-25 06:00:00,0.1560714863928561
2020-03-25 07:00:00,0.1878900540038994
2020-03-25 08:00:00,0.1475767656187732
2020-03-25 09:00:00,0.11220830823912942
2020-03-25 10:00:00,0.12167491430120436
2020-03-25 11:00:00,0.10758946132664178
2020-03-25 12:00:00,0.11026827119606485
2020-03-25 13:00:00,0.11521520231381464
2020-03-25 14:00:00,0.1148010135056066
2020-03-25 15:00:00,0.12854321479742353
2020-03-25 16:00:00,0.13086757238534374
2020-03-25 17:00:00,0.13155664255471686
2020-03-25 18:00:00,0.12842910869758487
2020-03-25 19:00:00,0.13192602896789613
2020-03-25 20:00:00,0.13493432311742584
2020-03-25 21:00:00,0.1352747746504822
2020-03-25 22:00:00,0.1447703155926799
2020-03-25 23:00:00,0.14059972597628634
2020-03-26 00:00:00,0.1329676846523127
2020-03-26 01:00:00,0.12519050223611097
2020-03-26 02:00:00,0.1263859328076313
2020-03-26 03:00:00,0.11667874721808458
2020-03-26 04:00:00,0.11756149440763398
2020-03-26 05:00:00,0.1166486456089247
2020-03-26 06:00:00,0.12738885308801262
2020-03-26 07:00:00,0.15241215744056602
2020-03-26 08:00:00,0.16285088213644022
2020-03-26 09:00:00,0.1709076128299565
2020-03-26 10:00:00,0.18505933601383226
2020-03-26 11:00:00,0.17672679057592072
2020-03-26 12:00:00,0.13772957254476187
2020-03-26 13:00:00,0.11986391748965469
2020-03-26 14:00:00,0.12968567587065477
2020-03-26 15:00:00,0.14554012341142775
2020-03-26 16:00:00,0.14576390204076378
2020-03-26 17:00:00,0.14580793320812385
2020-03-26 18:00:00,0.1396710096626711
2020-03-26 19:00:00,0.1563902367658206
2020-03-26 20:00:00,0.1501172014243835
2020-03-26 21:00:00,0.15311569505000072
2020-03-26 22:00:00,0.1557695369180275
2020-03-26 23:00:00,0.15207800624431045
2020-03-27 00:00:00,0.1444527319487527
2020-03-27 01:00:00,0.13667951641127712
2020-03-27 02:00:00,0.13202030067410236
2020-03-27 03:00:00,0.13122575819976554
2020-03-27 04:00:00,0.1345327349828199
2020-03-27 05:00:00,0.1346704090092099
2020-03-27 06:00:00,0.13299218596209414
2020-03-27 07:00:00,0.1439330708355815
2020-03-27 08:00:00,0.13571859837623518
2020-03-27 09:00:00,0.12150200505789069
2020-03-27 10:00:00,0.12272823727599325
2020-03-27 11:00:00,0.1208038344020271
2020-03-27 12:00:00,0.1311219193154544
2020-03-27 13:00:00,0.13552002109410277
2020-03-27 14:00:00,0.13996292526777998
2020-03-27 15:00:00,0.14930165782737712
2020-03-27 16:00:00,0.15029337750900157
2020-03-27 17:00:00,0.15450975431883132
2020-03-27 18:00:00,0.16394037371138243
2020-03-27 19:00:00,0.1807863075879722
2020-03-27 20:00:00,0.18130386858887632
2020-03-27 21:00:00,0.1797017162749863
2020-03-27 22:00:00,0.17714657968350708
2020-03-27 23:00:00,0.18212711259752837
2020-03-28 00:00:00,0.1761716609000185
2020-03-28 01:00:00,0.1642542238223905
2020-03-28 02:00:00,0.157409024561108
2020-03-28 03:00:00,0.15325313573058338
2020-03-28 04:00:00,0.15208337319788154
2020-03-28 05:00:00,0.15820776725997862
2020-03-28 06:00:00,0.1603015791901471
2020-03-28 07:00:00,0.17449203777805813
2020-03-28 08:00:00,0.21137350937314928
2020-03-28 09:00:00,0.19042675627659078
2020-03-28 10:00:00,0.15197603412645877
2020-03-28 11:00:00,0.15678762467589274
2020-03-28 12:00:00,0.13890633545168696
2020-03-28 13:00:00,0.13717560959789685
2020-03-28 14:00:00,0.1525451645508074
2020-03-28 15:00:00,0.13305285587202878
2020-03-28 16:00:00,0.1269527297739055
2020-03-28 17:00:00,0.13973065917907493
2020-03-28 18:00:00,0.15323026784145408
2020-03-28 19:00:00,0.15953177137139904
2020-03-28 20:00:00,0.16124569632705343
2020-03-28 21:00:00,0.16569233403364958
2020-03-28 22:00:00,0.1633362414159175
2020-03-28 23:00:00,0.15829433855453934
2020-03-29 00:00:00,0.15056079180432885
2020-03-29 01:00:00,0.14754993085091744
2020-03-29 02:00:00,0.14591277666591113
2020-03-29 03:00:00,0.14120479165498095
2020-03-29 04:00:00,0.1383362716441085
2020-03-29 05:00:00,0.1388304980642686
2020-03-29 06:00:00,0.14496749279996762
2020-03-29 07:00:00,0.1505913601051037
2020-03-29 08:00:00,0.1506725644460932
2020-03-29 09:00:00,0.15415455058472816
2020-03-29 11:00:00,0.15338964302793653
2020-03-29 12:00:00,0.11516409958198494
2020-03-29 13:00:00,0.12059242310048554
2020-03-29 14:00:00,0.1424625255570882
2020-03-29 15:00:00,0.15295982005063016
2020-03-29 16:00:00,0.12257189558500772
2020-03-29 17:00:00,0.12316563805952085
2020-03-29 18:00:00,0.11875762501657677
2020-03-29 19:00:00,0.1370948719485222
2020-03-29 20:00:00,0.14744119170464975
2020-03-29 21:00:00,0.14407354501166106
2020-03-29 22:00:00,0.15226048266572928
2020-03-29 23:00:00,0.14186352686938714
2020-03-30 00:00:00,0.13061159203458073
2020-03-30 01:00:00,0.12299378480486103
2020-03-30 02:00:00,0.12128989371892668
2020-03-30 03:00:00,0.12494758925056473
2020-03-30 04:00:00,0.11646546915008367
2020-03-30 05:00:00,0.12437635871394923
2020-03-30 06:00:00,0.13565792846630043
2020-03-30 07:00:00,0.14346684591231432
2020-03-30 08:00:00,0.15103238368116711
2020-03-30 09:00:00,0.12998459184998673
2020-03-30 10:00:00,0.12767003478597932
2020-03-30 11:00:00,0.11465983929210483
2020-03-30 12:00:00,0.1220078987684228
2020-03-30 13:00:00,0.11897253650522996
2020-03-30 14:00:00,0.09698342768683238
2020-03-30 15:00:00,0.12134122979656375
2020-03-30 16:00:00,0.1317629202484948
2020-03-30 17:00:00,0.13789632383176736
2020-03-30 18:00:00,0.14395150515436922
2020-03-30 19:00:00,0.1417669217051064
2020-03-30 20:00:00,0.14442123026474812
2020-03-30 21:00:00,0.14124142694674924
2020-03-30 22:00:00,0.1419097293392603
2020-03-30 23:00:00,0.14216477630679353
2020-03-31 00:00:00,0.14070263147736783
2020-03-31 01:00:00,0.13326846739810427
2020-03-31 02:00:00,0.13072639817184184
2020-03-31 03:00:00,0.13028140771705185
2020-03-31 04:00:00,0.12363315231724961
2020-03-31 05:00:00,0.12507662948207982
2020-03-31 06:00:00,0.1285436814890385
2020-03-31 07:00:00,0.13783574488714764
2020-03-31 08:00:00,0.14529371023877005
2020-03-31 09:00:00,0.14016196924152707
2020-03-31 10:00:00,0.12044658197083485
2020-03-31 11:00:00,0.13069979674979357
2020-03-31 12:00:00,0.13702766835597932
2020-03-31 13:00:00,0.12388773259316774
2020-03-31 14:00:00,0.11118555356511542
2020-03-31 15:00:00,0.13377762794994064
2020-03-31 16:00:00,0.13255629599379423
2020-03-31 17:00:00,0.13520390871526652
2020-03-31 18:00:00,0.13698893295194406
2020-03-31 19:00:00,0.14106875104924294
2020-03-31 20:00:00,0.14460814025650842
2020-03-31 21:00:00,0.14415124916553892
2020-03-31 22:00:00,0.14158327855465025
2020-03-31 23:00:00,0.15758193380442193
2020-04-01 00:00:00,0.15257363273931518
2020-04-01 01:00:00,0.12583033644011413
2020-04-01 02:00:00,0.1187891267005813
2020-04-01 03:00:00,0.1184031727350738
2020-04-01 04:00:00,0.1282176973960433
2020-04-01 05:00:00,0.13610151884624588
2020-04-01 06:00:00,0.16614455820847016
2020-04-01 07:00:00,0.17301145862984468
2020-04-01 08:00:00,0.13179488862411434
2020-04-01 09:00:00,0.10072699447560882
2020-04-01 10:00:00,0.10310222144955102
2020-04-01 11:00:00,0.10473960898036469
2020-04-01 12:00:00,0.11328333237401018
2020-04-01 13:00:00,0.12005596108917857
2020-04-01 14:00:00,0.13405834295629218
2020-04-01 15:00:00,0.1493625610831191
2020-04-01 16:00:00,0.1463418996057952
2020-04-01 17:00:00,0.15056771307827843
2020-04-01 18:00:00,0.15338217596209833
2020-04-01 19:00:00,0.1694886369749076
2020-04-01 20:00:00,0.18463884686882343
2020-04-01 21:00:00,0.19251660132803247
2020-04-01 22:00:00,0.1491009804329779
2020-04-01 23:00:00,0.1381759630743965
2020-04-02 00:00:00,0.13525214010716038
2020-04-02 01:00:00,0.13500946046742177
2020-04-02 02:00:00,0.13385229860832173
2020-04-02 03:00:00,0.1343131565780178
2020-04-02 04:00:00,0.13180795598933084
2020-04-02 05:00:00,0.13416311522383317
2020-04-02 06:00:00,0.14809549334871447
2020-04-02 07:00:00,0.18342451528690054
2020-04-02 08:00:00,0.14974361478667034
2020-04-02 09:00:00,0.1274287552210852
2020-04-02 10:00:00,0.12885053122582335
2020-04-02 11:00:00,0.10246192055393276
2020-04-02 12:00:00,0.11149753690966416
2020-04-02 13:00:00,0.1273323834026121
2020-04-02 14:00:00,0.14197786631503312
2020-04-02 15:00:00,0.15397300754653886
2020-04-02 16:00:00,0.15244809269491186
2020-04-02 17:00:00,0.15695798689039303
2020-04-02 18:00:00,0.15287114864380236
2020-04-02 19:00:00,0.15684829458582736
2020-04-02 20:00:00,0.16394340720687905
2020-04-02 21:00:00,0.17788138563113895
2020-04-02 22:00:00,0.17421482295881818
2020-04-02 23:00:00,0.1711775939291657
2020-04-03 00:00:00,0.15841404495375658
2020-04-03 01:00:00,0.14934459345594633
2020-04-03 02:00:00,0.1466683503904052
2020-04-03 03:00:00,0.1409660788939688
2020-04-03 04:00:00,0.1362660276404917
2020-04-03 05:00:00,0.14997042691150317
2020-04-03 06:00:00,0.1660283519963645
2020-04-03 07:00:00,0.1796919157510739
2020-04-03 08:00:00,0.12842630854789572
2020-04-03 09:00:00,0.115510618106035
2020-04-03 10:00:00,0.10571289434320111
2020-04-03 11:00:00,0.11212850397298459
2020-04-03 12:00:00,0.12378739389596805
2020-04-03 13:00:00,0.13848351284860383
2020-04-03 14:00:00,0.14156484423586252
2020-04-03 15:00:00,0.1567276548033803
2020-04-03 16:00:00,0.1568184263224748
2020-04-03 17:00:00,0.15568035926944823
2020-04-03 18:00:00,0.1553854497189795
2020-04-03 19:00:00,0.15796672104089213
2020-04-03 20:00:00,0.1585811205518843
2020-04-03 21:00:00,0.15773780880379248
2020-04-03 22:00:00,0.16193149965512255
2020-04-03 23:00:00,0.16284248168737234
2020-04-04 00:00:00,0.1419153296386389
2020-04-04 01:00:00,0.13519053681399595
2020-04-04 02:00:00,0.1310631161719791
2020-04-04 03:00:00,0.1297657134826071
2020-04-04 04:00:00,0.13185975875858277
2020-04-04 05:00:00,0.1331499277279242
2020-04-04 06:00:00,0.13709277183625523
2020-04-04 07:00:00,0.14268303734511995
2020-04-04 08:00:00,0.15309236046925656
2020-04-04 09:00:00,0.14125962791972965
2020-04-04 10:00:00,0.1412619613778041
2020-04-04 11:00:00,0.1579963559584372
2020-04-04 12:00:00,0.14209383918133128
2020-04-04 13:00:00,0.13789641479708212
2020-04-04 14:00:00,0.13374332611624667
2020-04-04 15:00:00,0.15108021957169257
2020-04-04 16:00:00,0.1428461460645211
2020-04-04 17:00:00,0.141599640446267
2020-04-04 18:00:00,0.14328320276185816
2020-04-04 19:00:00,0.14183179183957495
2020-04-04 20:00:00,0.1412985966695724
2020-04-04 21:00:00,0.1392197188710802
2020-04-04 22:00:00,0.13890470203103483
2020-04-04 23:00:00,0.1257806337831292
2020-04-05 00:00:00,0.12149990494562374
2020-04-05 01:00:00,0.11651470511545363
2020-04-05 02:00:00,0.1156741935170511
2020-04-05 03:00:00,0.12030237426183629
2020-04-05 04:00:00,0.11803868658385097
2020-04-05 05:00:00,0.11666171297414146
2020-04-05 06:00:00,0.1248432836746386
2020-04-05 07:00:00,0.12641113415483493
2020-04-05 08:00:00,0.13199276586882427
2020-04-05 09:00:00,0.1272087101246684
2020-04-05 10:00:00,0.1409912802411724
2020-04-05 11:00:00,0.13239178719954844
2020-04-05 12:00:00,0.11566252622667895
2020-04-05 13:00:00,0.10813292371217198
2020-04-05 14:00:00,0.10245048660936809
2020-04-05 15:00:00,0.11296784884234996
2020-04-05 16:00:00,0.11586903726626428
2020-04-05 17:00:00,0.11500320171523382
2020-04-05 18:00:00,0.12369242215233958
2020-04-05 19:00:00,0.12740985421068263
2020-04-05 20:00:00,0.1301012647537072
2020-04-05 21:00:00,0.12687665904067977
2020-04-05 22:00:00,0.12443096163289044
2020-04-05 23:00:00,0.11849371090836096
2020-04-06 00:00:00,0.12794771629683407
2020-04-06 01:00:00,0.14517820406408674
2020-04-06 02:00:00,0.15141833764667462
2020-04-06 03:00:00,0.16688659787613275
2020-04-06 04:00:00,0.1226848349558092
2020-04-06 05:00:00,0.12710977150231337
2020-04-06 06:00:00,0.13697026528734885
2020-04-06 07:00:00,0.14668748474661528
2020-04-06 09:00:00,0.1665211783416801
2020-04-06 10:00:00,0.1802743468864467
2020-04-06 11:00:00,0.1672247159511148
2020-04-06 12:00:00,0.15547272105096238
2020-04-06 13:00:00,0.13749132647536455
2020-04-06 14:00:00,0.14665271622130663
2020-04-06 15:00:00,0.14327876919151675
2020-04-06 16:00:00,0.17198940399325313
2020-04-06 17:00:00,0.1726886583228663
2020-04-06 18:00:00,0.1419596653420526
2020-04-06 19:00:00,0.13739658807754343
2020-04-06 20:00:00,0.1746959820137615
2020-04-06 21:00:00,0.15510450136682044
2020-04-06 22:00:00,0.1722220497632717
2020-04-06 23:00:00,0.19032548419616127
2020-04-07 00:00:00,0.16729495303915445
2020-04-07 01:00:00,0.19382800476585108
2020-04-07 02:00:00,0.20439646973066256
2020-04-07 03:00:00,0.17993459539081252
2020-04-07 04:00:00,0.18028834763489318
2020-04-07 05:00:00,0.18185293127378524
2020-04-07 06:00:00,0.17673869121210034
2020-04-07 07:00:00,0.19663375475452197
2020-04-07 08:00:00,0.1892259587514992
2020-04-07 09:00:00,0.1639296398042401
2020-04-07 10:00:00,0.20230172441726454
2020-04-07 11:00:00,0.20330324462280136
2020-04-07 12:00:00,0.14844761217214297
2020-04-07 13:00:00,0.10661990949672433
2020-04-07 14:00:00,0.11451119801276499
2020-04-07 15:00:00,0.14206583768443834
2020-04-07 16:00:00,0.13158347732257264
2020-04-07 17:00:00,0.14090197603215526
2020-04-07 18:00:00,0.15659698115121337
2020-04-07 19:00:00,0.1543066920511796
2020-04-07 20:00:00,0.16933626216264855
2020-04-07 21:00:00,0.18979578921327017
2020-04-07 22:00:00,0.1916998910019891
2020-04-07 23:00:00,0.1501748378388215
2020-04-08 00:00:00,0.1466636834742563
2020-04-08 01:00:00,0.16030531272306603
2020-04-08 02:00:00,0.14947130022938665
2020-04-08 03:00:00,0.1458430062694863
2020-04-08 04:00:00,0.1431746969613981
2020-04-08 05:00:00,0.13420745092724687
2020-04-08 06:00:00,0.14012300049168433
2020-04-08 07:00:00,0.15764213702274157
2020-04-08 08:00:00,0.16471718190435355
2020-04-08 09:00:00,0.13370552409544137
2020-04-08 10:00:00,0.1437081254772083
2020-04-08 11:00:00,0.15408524687991818
2020-04-08 12:00:00,0.13506359669474813
2020-04-08 13:00:00,0.13815776210141612
2020-04-08 14:00:00,0.13081436954124706
2020-04-08 15:00:00,0.13175568652846412
2020-04-08 16:00:00,0.12674388527624575
2020-04-08 17:00:00,0.1456838248786746
2020-04-08 18:00:00,0.1490043752686973
2020-04-08 19:00:00,0.14647163987473244
2020-04-08 20:00:00,0.15182365931419967
2020-04-08 21:00:00,0.15441706461809918
2020-04-08 22:00:00,0.15234145366091129
2020-04-08 23:00:00,0.14619279163484034
2020-04-09 00:00:00,0.1396346077167103
2020-04-09 01:00:00,0.1425535304219902
2020-04-09 02:00:00,0.14098521325017901
2020-04-09 03:00:00,0.13940966235833724
2020-04-09 04:00:00,0.1347072776467857
2020-04-09 05:00:00,0.13618108976658325
2020-04-09 06:00:00,0.14208893891937516
2020-04-09 07:00:00,0.16648150955441504
2020-04-09 08:00:00,0.17172805668891913
2020-04-09 09:00:00,0.15956093959732914
2020-04-09 10:00:00,0.14607985226403886
2020-04-09 11:00:00,0.14050242077458358
2020-04-09 12:00:00,0.12929202149350186
2020-04-09 13:00:00,0.14690659645980253
2020-04-09 14:00:00,0.14409314605948598
2020-04-09 15:00:00,0.14554525701919152
2020-04-09 16:00:00,0.14843337807788917
2020-04-09 17:00:00,0.18224072827567003
2020-04-09 18:00:00,0.16564169799343484
2020-04-09 19:00:00,0.1713229683672014
2020-04-09 20:00:00,0.17402091259283467
2020-04-09 21:00:00,0.16332574085458276
2020-04-09 22:00:00,0.1531499968836944
2020-04-09 23:00:00,0.14748949428679017
2020-04-10 00:00:00,0.1378061099696026
2020-04-10 01:00:00,0.1381593955220681
2020-04-10 02:00:00,0.13748642621340815
2020-04-10 03:00:00,0.1351504013351162
2020-04-10 04:00:00,0.1340445755536532
2020-04-10 05:00:00,0.13478054823032212
2020-04-10 06:00:00,0.14696726636973717
2020-04-10 07:00:00,0.1816683547400993
2020-04-10 08:00:00,0.14689469582362305
2020-04-10 09:00:00,0.1381579954472236
2020-04-10 10:00:00,0.11724601087597376
2020-04-10 11:00:00,0.11159110857844796
2020-04-10 12:00:00,0.14700110151181614
2020-04-10 13:00:00,0.12435909112419866
2020-04-10 14:00:00,0.1476848047276183
2020-04-10 15:00:00,0.1574300256837777
2020-04-10 16:00:00,0.15260933464785364
2020-04-10 17:00:00,0.1506441239426811
2020-04-10 18:00:00,0.1552372751312545
2020-04-10 19:00:00,0.1529929551552867
2020-04-10 20:00:00,0.15981691994809202
2020-04-10 21:00:00,0.15663711663009314
2020-04-10 22:00:00,0.14849218122136415
2020-04-10 23:00:00,0.14354268329973255
2020-04-11 00:00:00,0.13792884986431647
2020-04-11 01:00:00,0.1318497248888629
2020-04-11 02:00:00,0.13011643223119096
2020-04-11 03:00:00,0.13049701924312737
2020-04-11 04:00:00,0.1320252009360585
2020-04-11 05:00:00,0.13319963038490912
2020-04-11 06:00:00,0.13535224545855257
2020-04-11 07:00:00,0.13821446513262428
2020-04-11 08:00:00,0.13725541386404166
2020-04-11 09:00:00,0.13519870391725647
2020-04-11 10:00:00,0.14180075684718524
2020-04-11 11:00:00,0.15726014993596066
2020-04-11 12:00:00,0.1428944486466614
2020-04-11 13:00:00,0.1328696794131876
2020-04-11 14:00:00,0.13487388655329857
2020-04-11 15:00:00,0.12995892381116828
2020-04-11 16:00:00,0.1299138880703321
2020-04-11 17:00:00,0.1360532083540781
2020-04-11 18:00:00,0.14481208449221192
2020-04-11 19:00:00,0.14511496735027032
2020-04-11 20:00:00,0.15177325661979243
2020-04-11 21:00:00,0.14912011478918796
2020-04-11 22:00:00,0.1499104570389907
2020-04-11 23:00:00,0.13717724301854883
2020-04-12 00:00:00,0.1338023626055293
2020-04-12 01:00:00,0.13109205105210184
2020-04-12 02:00:00,0.12807138957477776
2020-04-12 03:00:00,0.1290003392342005
2020-04-12 04:00:00,0.12731441577543906
2020-04-12 05:00:00,0.12752139350663919
2020-04-12 06:00:00,0.1292889879980051
2020-04-12 07:00:00,0.13401774078579745
2020-04-12 08:00:00,0.1359911462793262
2020-04-12 09:00:00,0.13198203196168196
2020-04-12 10:00:00,0.13837384031910646
2020-04-12 11:00:00,0.11822606326722605
2020-04-12 12:00:00,0.09579639756437992
2020-04-12 13:00:00,0.10563939041385732
2020-04-12 14:00:00,0.1258662716944601
2020-04-12 15:00:00,0.15474468213174639
2020-04-12 16:00:00,0.16089054400812813
2020-04-12 17:00:00,0.16553925918396817
2020-04-12 18:00:00,0.17420665585555764
2020-04-12 19:00:00,0.16722331587627015
2020-04-12 20:00:00,0.1674949303961315
2020-04-12 21:00:00,0.16210090871132474
2020-04-12 22:00:00,0.15012653525668107
2020-04-12 23:00:00,0.14490052255323196
2020-04-13 00:00:00,0.13806675723651413
2020-04-13 01:00:00,0.13908041142403793
2020-04-13 02:00:00,0.13663051379171465
2020-04-13 03:00:00,0.13789338130158546
2020-04-13 04:00:00,0.1342683541829891
2020-04-13 05:00:00,0.13698123254029837
2020-04-13 06:00:00,0.14357231821727762
2020-04-13 07:00:00,0.14468514437296381
2020-04-13 08:00:00,0.14697543347299755
2020-04-13 09:00:00,0.15496169373266666
2020-04-13 10:00:00,0.12235511732989504
2020-04-13 11:00:00,0.11436722364957393
2020-04-13 12:00:00,0.13079336841857736
2020-04-13 13:00:00,0.153222800775616
2020-04-13 14:00:00,0.15155811178533188
2020-04-13 15:00:00,0.1561606244912986
2020-04-13 16:00:00,0.1588357008278024
2020-04-13 17:00:00,0.16305994020483902
2020-04-13 18:00:00,0.17156774811920714
2020-04-13 19:00:00,0.1766747544608613
2020-04-13 20:00:00,0.17633430292780497
2020-04-13 21:00:00,0.17254290024850322
2020-04-13 22:00:00,0.17253146630393856
2020-04-13 23:00:00,0.16079113869415826
2020-04-14 00:00:00,0.15837344278326185
2020-04-14 01:00:00,0.15835197496897718
2020-04-14 02:00:00,0.15254049763465852
2020-04-14 03:00:00,0.1606900999595364
2020-04-14 04:00:00,0.1564077377013785
2020-04-14 05:00:00,0.1772032827147154
2020-04-14 06:00:00,0.21502257110991196
2020-04-14 07:00:00,0.24564640818685718
2020-04-14 08:00:00,0.19091491570575742
2020-04-14 09:00:00,0.20938633647698143
2020-04-14 10:00:00,0.19619319787007328
2020-04-14 11:00:00,0.13142900239804672
2020-04-14 12:00:00,0.09909614062740356
2020-04-14 13:00:00,0.08307905105884414
2020-04-14 14:00:00,0.10848130900268138
2020-04-14 15:00:00,0.14646253938824222
2020-04-14 16:00:00,0.15848218192952943
2020-04-14 17:00:00,0.1865042132535071
2020-04-14 18:00:00,0.17842788151216576
2020-04-14 19:00:00,0.1775414007896974
2020-04-14 20:00:00,0.20141337692833655
2020-04-14 21:00:00,0.212210987476055
2020-04-14 22:00:00,0.2131695720530228
2020-04-14 23:00:00,0.20761990871465297
2020-04-15 00:00:00,0.20802709714863749
2020-04-15 01:00:00,0.2138854769902518
2020-04-15 02:00:00,0.1956884708885785
2020-04-15 03:00:00,0.2025577047680273
2020-04-15 04:00:00,0.2114355793579284
2020-04-15 05:00:00,0.19648604685841195
2020-04-15 06:00:00,0.2524465717073035
2020-04-15 07:00:00,0.27242237289909976
2020-04-15 08:00:00,0.23021058302463338
2020-04-15 09:00:00,0.15449546880939952
2020-04-15 10:00:00,0.14170928529066842
2020-04-15 11:00:00,0.15332593962250501
2020-04-15 12:00:00,0.1495060687546956
2020-04-15 13:00:00,0.1553350470245722
2020-04-15 14:00:00,0.14585234010178386
2020-04-15 15:00:00,0.1678251147136605
2020-04-15 16:00:00,0.16514583815262276
2020-04-15 17:00:00,0.1778134068559137
2020-04-15 18:00:00,0.1676552389658435
2020-04-15 19:00:00,0.16813756474982408
2020-04-15 20:00:00,0.16423112258745384
2020-04-15 21:00:00,0.15507743325315732
2020-04-15 22:00:00,0.14896890670596633
2020-04-15 23:00:00,0.13918121681285245
2020-04-16 00:00:00,0.13333427091580266
2020-04-16 01:00:00,0.1292409187616723
2020-04-16 02:00:00,0.12601444628218525
2020-04-16 03:00:00,0.12410474419408776
2020-04-16 04:00:00,0.1228432767590617
2020-04-16 05:00:00,0.12612668561556442
2020-04-16 06:00:00,0.1238690649285725
2020-04-16 07:00:00,0.1313064958491402
2020-04-16 08:00:00,0.1311277529606403
2020-04-16 09:00:00,0.1347705143606021
2020-04-16 10:00:00,0.13956343724544085
2020-04-16 11:00:00,0.1308568384782013
2020-04-16 12:00:00,0.11227037822390869
2020-04-16 13:00:00,0.11787837801413899
2020-04-16 14:00:00,0.13590970859252924
2020-04-16 15:00:00,0.12219247530210872
2020-04-16 16:00:00,0.1304846519153329
2020-04-16 17:00:00,0.13976198288746372
2020-04-16 18:00:00,0.14794638537775978
2020-04-16 19:00:00,0.1511628239875267
2020-04-16 20:00:00,0.14378839643496807
2020-04-16 21:00:00,0.14210013951813216
2020-04-16 22:00:00,0.14917028413778788
2020-04-16 23:00:00,0.1358392381586821
2020-04-17 00:00:00,0.12789801363984912
2020-04-17 01:00:00,0.12432735609438647
2020-04-17 02:00:00,0.12438779265851377
2020-04-17 03:00:00,0.12182262219731468
2020-04-17 04:00:00,0.12477678011951804
2020-04-17 05:00:00,0.12764926700911697
2020-04-17 06:00:00,0.1287884612410441
2020-04-17 07:00:00,0.1395335689820883
2020-04-17 08:00:00,0.13649867341051042
2020-04-17 09:00:00,0.1318240568500443
2020-04-17 10:00:00,0.12506122865878855
2020-04-17 11:00:00,0.1264650370363538
2020-04-17 12:00:00,0.12298421762675599
2020-04-17 13:00:00,0.12401233925434124
2020-04-17 14:00:00,0.11787347775218271
2020-04-17 15:00:00,0.12275997230580526
2020-04-17 16:00:00,0.13753659556200806
2020-04-17 17:00:00,0.1510781471445214
2020-04-17 18:00:00,0.15362532229345177
2020-04-17 19:00:00,0.15073206762699068
2020-04-17 20:00:00,0.15616155787452843
2020-04-17 21:00:00,0.15485062112832465
2020-04-17 22:00:00,0.1450048281291581
2020-04-17 23:00:00,0.13954756973053475
2020-04-18 00:00:00,0.13421421795566288
2020-04-18 01:00:00,0.12406647548166747
2020-04-18 02:00:00,0.1200671616879359
2020-04-18 03:00:00,0.12056815513651173
2020-04-18 04:00:00,0.11975797849307643
2020-04-18 05:00:00,0.11991408683825448
2020-04-18 06:00:00,0.1219560959991709
2020-04-18 07:00:00,0.13155687590052437
2020-04-18 08:00:00,0.12471447678893116
2020-04-18 09:00:00,0.12113915232731987
2020-04-18 10:00:00,0.12494502244668293
2020-04-18 11:00:00,0.11655484059433341
2020-04-18 12:00:00,0.09548068068691223
2020-04-18 13:00:00,0.11734471615252132
2020-04-18 14:00:00,0.1327621069959572
2020-04-18 15:00:00,0.145444451630377
2020-04-18 16:00:00,0.14847188013611695
2020-04-18 17:00:00,0.150208439635093
2020-04-18 18:00:00,0.15916005150014548
2020-04-18 19:00:00,0.16248849609748423
2020-04-18 20:00:00,0.1668443622849859
2020-04-18 21:00:00,0.16454217254877276
2020-04-18 22:00:00,0.15900580992142707
2020-04-18 23:00:00,0.15620075997017852
2020-04-19 00:00:00,0.14676495555468566
2020-04-19 01:00:00,0.15030971171552238
2020-04-19 02:00:00,0.14092757683574103
2020-04-19 03:00:00,0.14200073420416232
2020-04-19 04:00:00,0.13740988878856758
2020-04-19 05:00:00,0.13228234801585853
2020-04-19 06:00:00,0.13393373629511868
2020-04-19 07:00:00,0.137040269029581
2020-04-19 08:00:00,0.13919545090710625
2020-04-19 09:00:00,0.13637336671191447
2020-04-19 10:00:00,0.1274642237838163
2020-04-19 11:00:00,0.12292984805362228
2020-04-19 12:00:00,0.11116945270440212
2020-04-19 13:00:00,0.10274916924289271
2020-04-19 14:00:00,0.11723154343591245
2020-04-19 15:00:00,0.12425338547342774
2020-04-19 16:00:00,0.12754682819965044
2020-04-19 17:00:00,0.13910038819816306
2020-04-19 18:00:00,0.14328226937862837
2020-04-19 19:00:00,0.14978095011586096
2020-04-19 20:00:00,0.15612935615310156
2020-04-19 21:00:00,0.15614382359316284
2020-04-19 22:00:00,0.14182689157761882
2020-04-19 23:00:00,0.13444523030502936
2020-04-20 00:00:00,0.13164344719508494
2020-04-20 01:00:00,0.1257647662682234
2020-04-20 02:00:00,0.12591224081852606
2020-04-20 03:00:00,0.12751836001114242
2020-04-20 04:00:00,0.12450189875835255
2020-04-20 05:00:00,0.13058219046284317
2020-04-20 06:00:00,0.13535294549597504
2020-04-20 07:00:00,0.14418275084954332
2020-04-20 08:00:00,0.1352295055638387
2020-04-20 09:00:00,0.1306001580900162
2020-04-20 10:00:00,0.13399253943859382
2020-04-20 11:00:00,0.11455903390329031
2020-04-20 12:00:00,0.1171538392820346
2020-04-20 13:00:00,0.12272123690177
2020-04-20 14:00:00,0.11320492818271
2020-04-20 15:00:00,0.12160187706347542
2020-04-20 16:00:00,0.13097957837291532
2020-04-20 17:00:00,0.1348384654507317
2020-04-20 18:00:00,0.13207653701369557
2020-04-20 19:00:00,0.13967147635428595
2020-04-20 20:00:00,0.14218134385912165
2020-04-20 21:00:00,0.13759819885517263
2020-04-20 22:00:00,0.13191599509817611
2020-04-20 23:00:00,0.13039598050850534
2020-04-21 00:00:00,0.12682648969207985
2020-04-21 01:00:00,0.12475694572588564
2020-04-21 02:00:00,0.12449583176735898
2020-04-21 03:00:00,0.12281527526216879
2020-04-21 04:00:00,0.12047318339288313
2020-04-21 05:00:00,0.1368993281618867
2020-04-21 06:00:00,0.1412404935635196
2020-04-21 07:00:00,0.14338564157132483
2020-04-21 08:00:00,0.14271057215039804
2020-04-21 09:00:00,0.11240875228772132
2020-04-21 10:00:00,0.10925975061630464
2020-04-21 11:00:00,0.0989755008449565
2020-04-21 12:00:00,0.1202697058487946
2020-04-21 13:00:00,0.12316809412301946
2020-04-21 14:00:00,0.13976434798564757
2020-04-21 15:00:00,0.1492818234337446
2020-04-21 16:00:00,0.14816176355802768
2020-04-21 17:00:00,0.15547295439677
2020-04-21 18:00:00,0.14689072894489646
2020-04-21 19:00:00,0.15233468663249553
2020-04-21 20:00:00,0.15264130302347304
2020-04-21 21:00:00,0.15512806929337192
2020-04-21 22:00:00,0.16145850770343964
2020-04-21 23:00:00,0.15028754386381535
2020-04-22 00:00:00,0.15683919409933716
2020-04-22 01:00:00,0.14298288670768158
2020-04-22 02:00:00,0.136949264164679
2020-04-22 03:00:00,0.13504959594630167
2020-04-22 04:00:00,0.13517116911197838
2020-04-22 05:00:00,0.1424760596139198
2020-04-22 06:00:00,0.16051695737041524
2020-04-22 07:00:00,0.17440079956734875
2020-04-22 08:00:00,0.12826389986591663
2020-04-22 09:00:00,0.1311125854831567
2020-04-22 10:00:00,0.12365928704768278
2020-04-22 11:00:00,0.1402518073773919
2020-04-22 12:00:00,0.1344046281345346
2020-04-22 13:00:00,0.12306075505159669
2020-04-22 14:00:00,0.14247862641780146
2020-04-22 15:00:00,0.16823743675540892
2020-04-22 16:00:00,0.1641459513677379
2020-04-22 17:00:00,0.1736290814769906
2020-04-22 18:00:00,0.17758200296019216
2020-04-22 19:00:00,0.1707638718125728
2020-04-22 20:00:00,0.1821880158532705
2020-04-22 21:00:00,0.17306792831524534
2020-04-22 22:00:00,0.1633745101283379
2020-04-22 23:00:00,0.1734527155517157
2020-04-23 00:00:00,0.16721351535235762
2020-04-23 01:00:00,0.15840144428015476
2020-04-23 02:00:00,0.1528226127158547
2020-04-23 03:00:00,0.14144840467794953
2020-04-23 04:00:00,0.14035167938297663
2020-04-23 05:00:00,0.14947713387457273
2020-04-23 06:00:00,0.15379963161161037
2020-04-23 07:00:00,0.2059521862288719
2020-04-23 08:00:00,0.17807226250162564
2020-04-23 09:00:00,0.16058952791652936
2020-04-23 10:00:00,0.14429335676227037
2020-04-23 11:00:00,0.12588890623778193
2020-04-23 12:00:00,0.14018437043904128
2020-04-23 13:00:00,0.14385793348558543
2020-04-23 14:00:00,0.1531308625274845
2020-04-23 15:00:00,0.15684549443613807
2020-04-23 16:00:00,0.15164351635085516
2020-04-23 17:00:00,0.14521871526926675
2020-04-23 18:00:00,0.16429109245996612
2020-04-23 19:00:00,0.18600158638427924
2020-04-23 20:00:00,0.2027278138616518
2020-04-23 21:00:00,0.23530498869268587
2020-04-23 22:00:00,0.21801523109034313
2020-04-23 23:00:00,0.21044829324664552
2020-04-24 00:00:00,0.2210657608310196
2020-04-24 01:00:00,0.1997773894723674
2020-04-24 02:00:00,0.18693356953919876
2020-04-24 03:00:00,0.18694593686699296
2020-04-24 04:00:00,0.1945208084681436
2020-04-24 05:00:00,0.18449067228109858
2020-04-24 06:00:00,0.21899808363128473
2020-04-24 07:00:00,0.2633704223368476
2020-04-24 08:00:00,0.22285015622052123
2020-04-24 09:00:00,0.20267181086786584
2020-04-24 10:00:00,0.12692122808990097
2020-04-24 11:00:00,0.10855621300687009
2020-04-24 12:00:00,0.1483717747847246
2020-04-24 13:00:00,0.1670707077182036
2020-04-24 14:00:00,0.19936623415965654
2020-04-24 15:00:00,0.18858402443522895
2020-04-24 16:00:00,0.1981983383934142
2020-04-24 17:00:00,0.19274994713547355
2020-04-24 18:00:00,0.2036413626977833
2020-04-24 19:00:00,0.24191987564202394
2020-04-24 20:00:00,0.2361471337117404
2020-04-24 21:00:00,0.214350068492867
2020-04-24 22:00:00,0.2328380568164194
2020-04-24 23:00:00,0.22783138917196477
2020-04-25 00:00:00,0.20783295343684666
2020-04-25 01:00:00,0.21926619796403443
2020-04-25 02:00:00,0.212236422169066
2020-04-25 03:00:00,0.17519044177972903
2020-04-25 04:00:00,0.18686403248858116
2020-04-25 05:00:00,0.16762723746895056
2020-04-25 06:00:00,0.22230132688141993
2020-04-25 07:00:00,0.317090594088498
2020-04-25 08:00:00,0.2366441602815899
2020-04-25 09:00:00,0.21468211957685548
2020-04-25 10:00:00,0.17050065774177928
2020-04-25 11:00:00,0.11747212296338425
2020-04-25 12:00:00,0.12287104491014714
2020-04-25 13:00:00,0.13089347376996957
2020-04-25 14:00:00,0.16080327267614508
2020-04-25 15:00:00,0.17633313619876778
2020-04-25 16:00:00,0.19153281540386122
2020-04-25 17:00:00,0.1919570103966932
2020-04-25 18:00:00,0.18752883469398057
2020-04-25 19:00:00,0.17831540883297925
2020-04-25 20:00:00,0.17479655405676864
2020-04-25 21:00:00,0.1744017329505783
2020-04-25 22:00:00,0.16730335348822248
2020-04-25 23:00:00,0.14899037452025085
2020-04-26 00:00:00,0.150880475560523
2020-04-26 01:00:00,0.14274604071312905
2020-04-26 02:00:00,0.13126542698703061
2020-04-26 03:00:00,0.13084540453363677
2020-04-26 04:00:00,0.12867528852443524
2020-04-26 05:00:00,0.13217547563605045
2020-04-26 06:00:00,0.1343175901483592
2020-04-26 07:00:00,0.14007189775985474
2020-04-26 08:00:00,0.13633369792464967
2020-04-26 09:00:00,0.10787017633299348
2020-04-26 10:00:00,0.11474454382020606
2020-04-26 11:00:00,0.1129104457737196
2020-04-26 12:00:00,0.1315874442012991
2020-04-26 13:00:00,0.12929132145607955
2020-04-26 14:00:00,0.13707573759231198
2020-04-26 15:00:00,0.13575966723834462
2020-04-26 16:00:00,0.13055138881626108
2020-04-26 17:00:00,0.1235593201217697
2020-04-26 18:00:00,0.12213553892509293
2020-04-26 19:00:00,0.12891610139771423
2020-04-26 20:00:00,0.14644947202302544
2020-04-26 21:00:00,0.14514343553877793
2020-04-26 22:00:00,0.1464452717984915
2020-04-26 23:00:00,0.1480770590299266
2020-04-27 00:00:00,0.1408715738419552
2020-04-27 01:00:00,0.14033511183064837
2020-04-27 02:00:00,0.1336784559817781
2020-04-27 03:00:00,0.1287298914433763
2020-04-27 04:00:00,0.1314728714098456
2020-04-27 05:00:00,0.1371994108702558
2020-04-27 06:00:00,0.15512666921852744
2020-04-27 07:00:00,0.17705510812699024
2020-04-27 08:00:00,0.15768343923065878
2020-04-27 09:00:00,0.15168295179231273
2020-04-27 10:00:00,0.14817506426905183
2020-04-27 11:00:00,0.1139367006348451
2020-04-27 12:00:00,0.1496388425191295
2020-04-27 13:00:00,0.15732992033238563
2020-04-27 14:00:00,0.15314532996754565
2020-04-27 15:00:00,0.14353264943001268
2020-04-27 16:00:00,0.15383183333303724
2020-04-27 17:00:00,0.16655253369017814
2020-04-27 18:00:00,0.16272884227914852
2020-04-27 19:00:00,0.16603185218347627
2020-04-27 20:00:00,0.19469675120695415
2020-04-27 21:00:00,0.20055699781502798
2020-04-27 22:00:00,0.1936994312259513
2020-04-27 23:00:00,0.17338877880047696
2020-04-28 00:00:00,0.16590841225134006
2020-04-28 01:00:00,0.15928605823616365
2020-04-28 02:00:00,0.176785127027781
2020-04-28 03:00:00,0.17175419141935241
2020-04-28 04:00:00,0.16574203669063464
2020-04-28 05:00:00,0.16135443547332085
2020-04-28 06:00:00,0.1677595445417696
2020-04-28 07:00:00,0.2255028313595107
2020-04-28 08:00:00,0.16954020639835204
2020-04-28 09:00:00,0.14535484684031977
2020-04-28 10:00:00,0.13104701531126567
2020-04-28 11:00:00,0.13256749659255154
2020-04-28 12:00:00,0.14019580438360593
2020-04-28 13:00:00,0.14446019901459076
2020-04-28 14:00:00,0.1689811098437234
2020-04-28 15:00:00,0.17316896704986737
2020-04-28 16:00:00,0.17561933137380564
2020-04-28 17:00:00,0.17407341539950877
2020-04-28 18:00:00,0.17815510026326714
2020-04-28 19:00:00,0.1725849024938426
2020-04-28 20:00:00,0.18206107573402255
2020-04-28 21:00:00,0.17056739464270745
2020-04-28 22:00:00,0.16167178577144067
2020-04-28 23:00:00,0.1507481684877041
2020-04-29 00:00:00,0.13983318499884273
2020-04-29 01:00:00,0.13711167284665796
2020-04-29 02:00:00,0.13806115693713553
2020-04-29 03:00:00,0.1337491597614329
2020-04-29 04:00:00,0.12921128384412722
2020-04-29 05:00:00,0.12951976700156423
2020-04-29 06:00:00,0.1381687293543658
2020-04-29 07:00:00,0.1438955021605835
2020-04-29 08:00:00,0.13637710024483368
2020-04-29 09:00:00,0.13460040526697775
2020-04-29 10:00:00,0.12947309784007605
2020-04-29 11:00:00,0.11681945473997166
2020-04-29 12:00:00,0.12187909188271534
2020-04-29 13:00:00,0.13034324435602349
2020-04-29 14:00:00,0.12427508663351988
2020-04-29 15:00:00,0.1349756253253429
2020-04-29 16:00:00,0.14603528321481768
2020-04-29 17:00:00,0.13742551900265243
2020-04-29 18:00:00,0.13679012232400417
2020-04-29 19:00:00,0.13734641872894368
2020-04-29 20:00:00,0.15248076110795356
2020-04-29 21:00:00,0.15172985429960825
2020-04-29 22:00:00,0.14313222802444375
2020-04-29 23:00:00,0.1385315820849365
2020-04-30 00:00:00,0.13861418650077076
2020-04-30 01:00:00,0.1326776358136636
2020-04-30 02:00:00,0.13254462870342235
2020-04-30 03:00:00,0.1315403083481961
2020-04-30 04:00:00,0.13051685363675974
2020-04-30 05:00:00,0.13629216237092498
2020-04-30 06:00:00,0.16039818435442765
2020-04-30 07:00:00,0.17684789704998258
2020-04-30 08:00:00,0.15183859344587583
2020-04-30 09:00:00,0.13424058603190367
2020-04-30 10:00:00,0.13419135006653357
2020-04-30 11:00:00,0.1401717697654396
2020-04-30 12:00:00,0.12155240775229795
2020-04-30 13:00:00,0.1377382063396371
2020-04-30 14:00:00,0.14221494565539317
2020-04-30 15:00:00,0.15795435371309782
2020-04-30 16:00:00,0.15640400416845954
2020-04-30 17:00:00,0.15058622254232623
2020-04-30 18:00:00,0.14770883934578466
2020-04-30 19:00:00,0.15145030602229398
2020-04-30 20:00:00,0.14120175815948433
2020-04-30 21:00:00,0.1584273456647806
2020-04-30 22:00:00,0.14778257662093608
2020-04-30 23:00:00,0.14722488014115206
2020-05-01 00:00:00,0.14222427948769087
2020-05-01 01:00:00,0.1369520643143683
2020-05-01 02:00:00,0.1314565372033248
2020-05-01 03:00:00,0.13280107574579997
2020-05-01 04:00:00,0.13456657012489875
2020-05-01 05:00:00,0.14627562939648184
2020-05-01 06:00:00,0.16369046035161294
2020-05-01 07:00:00,0.19070840466617198
2020-05-01 08:00:00,0.15384256724017942
2020-05-01 09:00:00,0.13688322730117328
2020-05-01 10:00:00,0.13778814234242953
2020-05-01 11:00:00,0.13952306842075346
2020-05-01 12:00:00,0.12702553366582708
2020-05-01 13:00:00,0.12177898653132316
2020-05-01 14:00:00,0.1325702967422407
2020-05-01 15:00:00,0.14312312753795367
2020-05-01 16:00:00,0.1510823196839597
2020-05-01 17:00:00,0.1563751760737064
2020-05-01 18:00:00,0.16291481888767897
2020-05-01 19:00:00,0.16411398299211855
2020-05-01 20:00:00,0.1787419649689815
2020-05-01 21:00:00,0.1738697045096129
2020-05-01 22:00:00,0.1715735817643932
2020-05-01 23:00:00,0.15212654217225824
2020-05-02 00:00:00,0.13937186033753168
2020-05-02 01:00:00,0.13711773983765152
2020-05-02 02:00:00,0.12936132519831187
2020-05-02 03:00:00,0.1280592555927908
2020-05-02 04:00:00,0.1276392331393971
2020-05-02 05:00:00,0.13034137758956402
2020-05-02 06:00:00,0.13281951006458784
2020-05-02 07:00:00,0.15972894857868666
2020-05-02 08:00:00,0.15293858558215298
2020-05-02 09:00:00,0.12110088361489946
2020-05-02 10:00:00,0.12577713359601772
2020-05-02 11:00:00,0.11146836868373393
2020-05-02 12:00:00,0.11170638140732392
2020-05-02 13:00:00,0.12159090981052573
2020-05-02 14:00:00,0.1385178146822975
2020-05-02 15:00:00,0.1463162315669767
2020-05-02 16:00:00,0.15090847705741606
2020-05-02 17:00:00,0.16292586524090244
2020-05-02 18:00:00,0.17000946481711599
2020-05-02 19:00:00,0.1616302502177163
2020-05-02 20:00:00,0.15147177383657867
2020-05-02 21:00:00,0.15284921413790312
2020-05-02 22:00:00,0.15171398678470258
2020-05-02 23:00:00,0.1527715099840251
