local_timestamp,epoch,datetime,node_file_id,no_corrected_new_no_negatives,node_id
2021-08-01 12:00:00,1627844400.0,2021-08-01 19:00:00,2155678,0.7830188636240134,31
2021-08-01 13:00:00,1627848000.0,2021-08-01 20:00:00,2155715,1.3046996030896274,31
2021-08-01 14:00:00,1627851600.0,2021-08-01 21:00:00,2155750,0.7413566502891555,31
2021-08-01 15:00:00,1627855200.0,2021-08-01 22:00:00,2155827,0.4520870514665747,31
2021-08-01 16:00:00,1627858800.0,2021-08-01 23:00:00,2155877,0.337790944527617,31
2021-08-01 17:00:00,1627862400.0,2021-08-02 00:00:00,2155913,0.6531011451844453,31
2021-08-01 18:00:00,1627866000.0,2021-08-02 01:00:00,2155979,1.0466848626488705,31
2021-08-01 19:00:00,1627869600.0,2021-08-02 02:00:00,2156010,0.4895540219571828,31
2021-08-01 20:00:00,1627873200.0,2021-08-02 03:00:00,2156085,0.0988094929456746,31
2021-08-01 21:00:00,1627876800.0,2021-08-02 04:00:00,2156117,0.442214633773176,31
2021-08-01 22:00:00,1627880400.0,2021-08-02 05:00:00,2156178,0.1016346985501783,31
2021-08-01 23:00:00,1627884000.0,2021-08-02 06:00:00,2156238,0.3266567685688386,31
2021-08-02 00:00:00,1627887600.0,2021-08-02 07:00:00,2156269,1.6283041630653354,31
2021-08-02 01:00:00,1627891200.0,2021-08-02 08:00:00,2156315,1.998474917435308,31
2021-08-02 02:00:00,1627894800.0,2021-08-02 09:00:00,2156368,2.612247227095647,31
2021-08-02 03:00:00,1627898400.0,2021-08-02 10:00:00,2156428,1.961695825337455,31
2021-08-02 04:00:00,1627902000.0,2021-08-02 11:00:00,2156466,1.3699118037305098,31
2021-08-02 05:00:00,1627905600.0,2021-08-02 12:00:00,2156533,4.571659272983932,31
2021-08-02 06:00:00,1627909200.0,2021-08-02 13:00:00,2156581,4.940170281605252,31
2021-08-02 07:00:00,1627912800.0,2021-08-02 14:00:00,2156620,2.343273971702029,31
2021-08-02 08:00:00,1627916400.0,2021-08-02 15:00:00,2156683,1.1755378779087255,31
2021-08-02 09:00:00,1627920000.0,2021-08-02 16:00:00,2156748,1.3992369439360246,31
2021-08-02 10:00:00,1627923600.0,2021-08-02 17:00:00,2156764,1.844091571312438,31
2021-08-02 11:00:00,1627927200.0,2021-08-02 18:00:00,2156802,1.9391940931775304,31
2021-08-02 12:00:00,1627930800.0,2021-08-02 19:00:00,2156861,3.02514185205069,31
2021-08-02 13:00:00,1627934400.0,2021-08-02 20:00:00,2156926,1.6411580664978669,31
2021-08-02 14:00:00,1627938000.0,2021-08-02 21:00:00,2156965,1.5041870303400184,31
2021-08-02 15:00:00,1627941600.0,2021-08-02 22:00:00,2157017,2.0341823461927677,31
2021-08-02 16:00:00,1627945200.0,2021-08-02 23:00:00,2157093,1.508144940076357,31
2021-08-02 17:00:00,1627948800.0,2021-08-03 00:00:00,2157113,2.129241981036297,31
2021-08-02 18:00:00,1627952400.0,2021-08-03 01:00:00,2157263,2.76722562693836,31
2021-08-02 19:00:00,1627956000.0,2021-08-03 02:00:00,2157303,2.7248120014355663,31
2021-08-02 20:00:00,1627959600.0,2021-08-03 03:00:00,2157355,0.0,31
2021-08-02 21:00:00,1627963200.0,2021-08-03 04:00:00,2157388,0.0,31
2021-08-02 22:00:00,1627966800.0,2021-08-03 05:00:00,2157504,0.0,31
2021-08-02 23:00:00,1627970400.0,2021-08-03 06:00:00,2157513,0.0,31
2021-08-03 00:00:00,1627974000.0,2021-08-03 07:00:00,2157581,0.0,31
2021-08-03 01:00:00,1627977600.0,2021-08-03 08:00:00,2157626,0.0,31
2021-08-03 02:00:00,1627981200.0,2021-08-03 09:00:00,2157663,0.0232332883699974,31
2021-08-03 03:00:00,1627984800.0,2021-08-03 10:00:00,2157731,0.0,31
2021-08-03 04:00:00,1627988400.0,2021-08-03 11:00:00,2157760,0.0,31
2021-08-03 05:00:00,1627992000.0,2021-08-03 12:00:00,2157841,0.0,31
2021-08-03 06:00:00,1627995600.0,2021-08-03 13:00:00,2157858,0.8373105256747246,31
2021-08-03 07:00:00,1627999200.0,2021-08-03 14:00:00,2157930,0.6437988479550603,31
2021-08-03 08:00:00,1628002800.0,2021-08-03 15:00:00,2157986,1.671280028525686,31
2021-08-03 09:00:00,1628006400.0,2021-08-03 16:00:00,2158009,3.298286996731778,31
2021-08-03 10:00:00,1628010000.0,2021-08-03 17:00:00,2158093,3.8871536391182167,31
2021-08-03 11:00:00,1628013600.0,2021-08-03 18:00:00,2158146,3.7183916888794455,31
2021-08-03 12:00:00,1628017200.0,2021-08-03 19:00:00,2158180,5.466075208907556,31
2021-08-03 13:00:00,1628020800.0,2021-08-03 20:00:00,2158250,3.954059518282108,31
2021-08-03 14:00:00,1628024400.0,2021-08-03 21:00:00,2158277,3.183484425473793,31
2021-08-03 15:00:00,1628028000.0,2021-08-03 22:00:00,2158334,3.4534635815090784,31
2021-08-03 16:00:00,1628031600.0,2021-08-03 23:00:00,2158399,4.092750551419375,31
2021-08-03 17:00:00,1628035200.0,2021-08-04 00:00:00,2158475,5.946344517890569,31
2021-08-03 18:00:00,1628038800.0,2021-08-04 01:00:00,2158536,5.515041286608751,31
2021-08-03 19:00:00,1628042400.0,2021-08-04 02:00:00,2158573,1.896759332094448,31
2021-08-03 20:00:00,1628046000.0,2021-08-04 03:00:00,2158607,0.0,31
2021-08-03 21:00:00,1628049600.0,2021-08-04 04:00:00,2158659,0.0,31
2021-08-03 22:00:00,1628053200.0,2021-08-04 05:00:00,2158736,0.0,31
2021-08-03 23:00:00,1628056800.0,2021-08-04 06:00:00,2158787,0.0,31
2021-08-04 00:00:00,1628060400.0,2021-08-04 07:00:00,2158839,0.0,31
2021-08-04 01:00:00,1628064000.0,2021-08-04 08:00:00,2158892,0.0,31
2021-08-04 02:00:00,1628067600.0,2021-08-04 09:00:00,2158951,0.0,31
2021-08-04 03:00:00,1628071200.0,2021-08-04 10:00:00,2158996,0.0,31
2021-08-04 04:00:00,1628074800.0,2021-08-04 11:00:00,2159046,0.0,31
2021-08-04 05:00:00,1628078400.0,2021-08-04 12:00:00,2159094,0.0,31
2021-08-04 06:00:00,1628082000.0,2021-08-04 13:00:00,2159125,0.093994544644957,31
2021-08-04 07:00:00,1628085600.0,2021-08-04 14:00:00,2159179,0.6446795592459482,31
2021-08-04 08:00:00,1628089200.0,2021-08-04 15:00:00,2159223,0.4861603237352216,31
2021-08-04 09:00:00,1628092800.0,2021-08-04 16:00:00,2159312,1.5310813789304705,31
2021-08-04 10:00:00,1628096400.0,2021-08-04 17:00:00,2159365,0.8796983279335571,31
2021-08-04 11:00:00,1628100000.0,2021-08-04 18:00:00,2159412,1.1031678917190408,31
2021-08-04 12:00:00,1628103600.0,2021-08-04 19:00:00,2159445,1.3054591226643684,31
2021-08-04 13:00:00,1628107200.0,2021-08-04 20:00:00,2159496,2.8401992430204457,31
2021-08-04 14:00:00,1628110800.0,2021-08-04 21:00:00,2159547,1.642866519452299,31
2021-08-04 15:00:00,1628114400.0,2021-08-04 22:00:00,2159592,1.6469539060580427,31
2021-08-04 16:00:00,1628118000.0,2021-08-04 23:00:00,2159659,2.483447844926461,31
2021-08-04 17:00:00,1628121600.0,2021-08-05 00:00:00,2159705,1.9087029212663935,31
2021-08-04 18:00:00,1628125200.0,2021-08-05 01:00:00,2159757,2.373778258061896,31
2021-08-04 19:00:00,1628128800.0,2021-08-05 02:00:00,2159779,0.7253257903409098,31
2021-08-04 20:00:00,1628132400.0,2021-08-05 03:00:00,2159865,0.5966625487587294,31
2021-08-04 21:00:00,1628136000.0,2021-08-05 04:00:00,2159916,0.0,31
2021-08-04 22:00:00,1628139600.0,2021-08-05 05:00:00,2159936,0.5903596437064076,31
2021-08-04 23:00:00,1628143200.0,2021-08-05 06:00:00,2160014,0.0,31
2021-08-05 00:00:00,1628146800.0,2021-08-05 07:00:00,2160045,0.0454840972185213,31
2021-08-05 01:00:00,1628150400.0,2021-08-05 08:00:00,2160083,0.0,31
2021-08-05 02:00:00,1628154000.0,2021-08-05 09:00:00,2160138,0.3493724163315939,31
2021-08-05 03:00:00,1628157600.0,2021-08-05 10:00:00,2160215,0.9861183208804531,31
2021-08-05 04:00:00,1628161200.0,2021-08-05 11:00:00,2160243,0.0,31
2021-08-05 05:00:00,1628164800.0,2021-08-05 12:00:00,2160319,0.3612278358924587,31
2021-08-05 06:00:00,1628168400.0,2021-08-05 13:00:00,2160338,1.8618389076478747,31
2021-08-05 07:00:00,1628172000.0,2021-08-05 14:00:00,2160381,1.5372435186882765,31
2021-08-05 08:00:00,1628175600.0,2021-08-05 15:00:00,2160453,2.3246134959965827,31
2021-08-05 09:00:00,1628179200.0,2021-08-05 16:00:00,2160479,1.7132420434264928,31
2021-08-05 10:00:00,1628182800.0,2021-08-05 17:00:00,2160585,1.941931798314842,31
2021-08-05 11:00:00,1628186400.0,2021-08-05 18:00:00,2160618,1.2138794226485388,31
2021-08-05 12:00:00,1628190000.0,2021-08-05 19:00:00,2160681,0.9694899470101443,31
2021-08-05 13:00:00,1628193600.0,2021-08-05 20:00:00,2160727,1.422977737043067,31
2021-08-05 14:00:00,1628197200.0,2021-08-05 21:00:00,2160760,1.175894519681675,31
2021-08-05 15:00:00,1628200800.0,2021-08-05 22:00:00,2160847,1.5362345449357289,31
2021-08-05 16:00:00,1628204400.0,2021-08-05 23:00:00,2160888,0.9818752631534178,31
2021-08-05 17:00:00,1628208000.0,2021-08-06 00:00:00,2160941,2.137454646527658,31
2021-08-05 18:00:00,1628211600.0,2021-08-06 01:00:00,2160993,1.7495902507700984,31
2021-08-05 19:00:00,1628215200.0,2021-08-06 02:00:00,2161042,0.3211198253414142,31
2021-08-05 20:00:00,1628218800.0,2021-08-06 03:00:00,2161097,0.0,31
2021-08-05 21:00:00,1628222400.0,2021-08-06 04:00:00,2161149,0.0,31
2021-08-05 22:00:00,1628226000.0,2021-08-06 05:00:00,2161196,0.0162917193351841,31
2021-08-05 23:00:00,1628229600.0,2021-08-06 06:00:00,2161250,0.0,31
2021-08-06 00:00:00,1628233200.0,2021-08-06 07:00:00,2161286,0.2153123835989348,31
2021-08-06 01:00:00,1628236800.0,2021-08-06 08:00:00,2161333,0.0,31
2021-08-06 02:00:00,1628240400.0,2021-08-06 09:00:00,2161410,0.7649424240538174,31
2021-08-06 03:00:00,1628244000.0,2021-08-06 10:00:00,2161476,0.4914259420019782,31
2021-08-06 04:00:00,1628247600.0,2021-08-06 11:00:00,2161531,0.2823785271369683,31
2021-08-06 05:00:00,1628251200.0,2021-08-06 12:00:00,2161581,0.6332259995150391,31
2021-08-06 06:00:00,1628254800.0,2021-08-06 13:00:00,2161602,1.1495507689362894,31
2021-08-06 07:00:00,1628258400.0,2021-08-06 14:00:00,2161652,2.87123290429634,31
2021-08-06 08:00:00,1628262000.0,2021-08-06 15:00:00,2161725,4.2984877141862405,31
2021-08-06 09:00:00,1628265600.0,2021-08-06 16:00:00,2161763,10.78457306110776,31
2021-08-06 10:00:00,1628269200.0,2021-08-06 17:00:00,2161803,9.41557919138427,31
2021-08-06 11:00:00,1628272800.0,2021-08-06 18:00:00,2161866,7.089875084979708,31
2021-08-06 12:00:00,1628276400.0,2021-08-06 19:00:00,2161907,6.651060920012163,31
2021-08-06 13:00:00,1628280000.0,2021-08-06 20:00:00,2161972,5.505416708678983,31
2021-08-06 14:00:00,1628283600.0,2021-08-06 21:00:00,2162042,4.439389054188474,31
2021-08-06 15:00:00,1628287200.0,2021-08-06 22:00:00,2162108,3.666399523339986,31
2021-08-06 16:00:00,1628290800.0,2021-08-06 23:00:00,2162158,5.6692149409297485,31
2021-08-06 17:00:00,1628294400.0,2021-08-07 00:00:00,2162260,6.912055716296098,31
2021-08-06 18:00:00,1628298000.0,2021-08-07 01:00:00,2162261,4.436498530794603,31
2021-08-06 19:00:00,1628301600.0,2021-08-07 02:00:00,2162290,2.913817970641503,31
2021-08-06 20:00:00,1628305200.0,2021-08-07 03:00:00,2162354,0.0149669984254057,31
2021-08-06 21:00:00,1628308800.0,2021-08-07 04:00:00,2162408,0.0,31
2021-08-06 22:00:00,1628312400.0,2021-08-07 05:00:00,2162482,0.0,31
2021-08-06 23:00:00,1628316000.0,2021-08-07 06:00:00,2162517,1.677814555408423,31
2021-08-07 00:00:00,1628319600.0,2021-08-07 07:00:00,2162547,1.133651382834589,31
2021-08-07 01:00:00,1628323200.0,2021-08-07 08:00:00,2162617,1.771434057881084,31
2021-08-07 02:00:00,1628326800.0,2021-08-07 09:00:00,2162681,2.366974591468733,31
2021-08-07 03:00:00,1628330400.0,2021-08-07 10:00:00,2162735,0.4512632527905484,31
2021-08-07 04:00:00,1628334000.0,2021-08-07 11:00:00,2162805,0.5629422640340902,31
2021-08-07 05:00:00,1628337600.0,2021-08-07 12:00:00,2162825,2.1532503259857743,31
2021-08-07 06:00:00,1628341200.0,2021-08-07 13:00:00,2162892,1.7435340022556003,31
2021-08-07 07:00:00,1628344800.0,2021-08-07 14:00:00,2162931,2.2209551655750577,31
2021-08-07 08:00:00,1628348400.0,2021-08-07 15:00:00,2162996,3.596988243574933,31
2021-08-07 09:00:00,1628352000.0,2021-08-07 16:00:00,2163029,4.69820940896686,31
2021-08-07 10:00:00,1628355600.0,2021-08-07 17:00:00,2163109,4.429771364843696,31
2021-08-07 11:00:00,1628359200.0,2021-08-07 18:00:00,2163135,7.86005648959082,31
2021-08-07 12:00:00,1628362800.0,2021-08-07 19:00:00,2163206,3.4735611005959104,31
2021-08-07 13:00:00,1628366400.0,2021-08-07 20:00:00,2163247,4.238766817715758,31
2021-08-07 14:00:00,1628370000.0,2021-08-07 21:00:00,2163960,2.626506102816343,31
2021-08-07 15:00:00,1628373600.0,2021-08-07 22:00:00,2163961,2.6684078097132167,31
2021-08-07 16:00:00,1628377200.0,2021-08-07 23:00:00,2163962,2.787486296306806,31
2021-08-07 17:00:00,1628380800.0,2021-08-08 00:00:00,2163963,5.027144166842128,31
2021-08-07 18:00:00,1628384400.0,2021-08-08 01:00:00,2163964,3.8612007288708874,31
2021-08-07 19:00:00,1628388000.0,2021-08-08 02:00:00,2163965,2.928822306056537,31
2021-08-07 20:00:00,1628391600.0,2021-08-08 03:00:00,2163966,1.6348781061287232,31
2021-08-07 21:00:00,1628395200.0,2021-08-08 04:00:00,2163967,2.4282109433885326,31
2021-08-07 22:00:00,1628398800.0,2021-08-08 05:00:00,2163968,1.248473652614459,31
2021-08-07 23:00:00,1628402400.0,2021-08-08 06:00:00,2163969,0.7610573587253429,31
2021-08-08 00:00:00,1628406000.0,2021-08-08 07:00:00,2163970,0.4787346795471512,31
2021-08-08 01:00:00,1628409600.0,2021-08-08 08:00:00,2163971,1.5411363902865798,31
2021-08-08 02:00:00,1628413200.0,2021-08-08 09:00:00,2163972,0.6401674937746131,31
2021-08-08 03:00:00,1628416800.0,2021-08-08 10:00:00,2164008,1.6889213315302438,31
2021-08-08 04:00:00,1628420400.0,2021-08-08 11:00:00,2164028,0.9532466470913654,31
2021-08-08 05:00:00,1628424000.0,2021-08-08 12:00:00,2164107,0.3495381937478257,31
2021-08-08 06:00:00,1628427600.0,2021-08-08 13:00:00,2164130,0.0,31
2021-08-08 07:00:00,1628431200.0,2021-08-08 14:00:00,2164221,0.0,31
2021-08-08 08:00:00,1628434800.0,2021-08-08 15:00:00,2164249,0.8432313128685767,31
2021-08-08 09:00:00,1628438400.0,2021-08-08 16:00:00,2164288,3.112194107900625,31
2021-08-08 10:00:00,1628442000.0,2021-08-08 17:00:00,2164363,3.683693725088912,31
2021-08-08 11:00:00,1628445600.0,2021-08-08 18:00:00,2164415,2.085715711132133,31
2021-08-08 12:00:00,1628449200.0,2021-08-08 19:00:00,2164455,1.129571614054374,31
2021-08-08 13:00:00,1628452800.0,2021-08-08 20:00:00,2164503,1.4931233677908295,31
2021-08-08 14:00:00,1628456400.0,2021-08-08 21:00:00,2164563,1.6297807737024457,31
2021-08-08 15:00:00,1628460000.0,2021-08-08 22:00:00,2164643,1.738423871291963,31
2021-08-08 16:00:00,1628463600.0,2021-08-08 23:00:00,2164668,2.003026343515522,31
2021-08-08 17:00:00,1628467200.0,2021-08-09 00:00:00,2164702,1.532726912722576,31
2021-08-08 18:00:00,1628470800.0,2021-08-09 01:00:00,2164769,0.9837190798315144,31
2021-08-08 19:00:00,1628474400.0,2021-08-09 02:00:00,2164818,1.8632656565821983,31
2021-08-08 20:00:00,1628478000.0,2021-08-09 03:00:00,2164874,0.0,31
2021-08-08 21:00:00,1628481600.0,2021-08-09 04:00:00,2164952,0.0,31
2021-08-08 22:00:00,1628485200.0,2021-08-09 05:00:00,2164986,0.2631081007997888,31
2021-08-08 23:00:00,1628488800.0,2021-08-09 06:00:00,2165042,0.1284796495737321,31
2021-08-09 00:00:00,1628492400.0,2021-08-09 07:00:00,2165683,0.4589902614371786,31
2021-08-09 01:00:00,1628496000.0,2021-08-09 08:00:00,2165684,0.7640590133169187,31
2021-08-09 02:00:00,1628499600.0,2021-08-09 09:00:00,2165685,0.0,31
2021-08-09 03:00:00,1628503200.0,2021-08-09 10:00:00,2165686,1.03887315293815,31
2021-08-09 04:00:00,1628506800.0,2021-08-09 11:00:00,2165687,0.8235101498513044,31
2021-08-09 05:00:00,1628510400.0,2021-08-09 12:00:00,2165688,2.1933041867637666,31
2021-08-09 06:00:00,1628514000.0,2021-08-09 13:00:00,2165689,2.519344726805798,31
2021-08-09 07:00:00,1628517600.0,2021-08-09 14:00:00,2165690,6.144365606978258,31
2021-08-09 08:00:00,1628521200.0,2021-08-09 15:00:00,2165691,6.914358167001922,31
2021-08-09 09:00:00,1628524800.0,2021-08-09 16:00:00,2165692,7.24262669042969,31
2021-08-09 10:00:00,1628528400.0,2021-08-09 17:00:00,2165693,4.48409041433755,31
2021-08-09 11:00:00,1628532000.0,2021-08-09 18:00:00,2165694,3.025743778891105,31
2021-08-09 12:00:00,1628535600.0,2021-08-09 19:00:00,2165956,5.104789663195919,31
2021-08-09 13:00:00,1628539200.0,2021-08-09 20:00:00,2165957,3.342784368550885,31
2021-08-09 14:00:00,1628542800.0,2021-08-09 21:00:00,2165958,4.206550859710842,31
2021-08-09 15:00:00,1628546400.0,2021-08-09 22:00:00,2165959,3.771004605976852,31
2021-08-09 16:00:00,1628550000.0,2021-08-09 23:00:00,2165960,2.2234300173745885,31
2021-08-09 17:00:00,1628553600.0,2021-08-10 00:00:00,2165989,1.588632035981039,31
2021-08-09 18:00:00,1628557200.0,2021-08-10 01:00:00,2166043,1.6785000690708047,31
2021-08-09 19:00:00,1628560800.0,2021-08-10 02:00:00,2166094,2.6200907135336813,31
2021-08-09 20:00:00,1628564400.0,2021-08-10 03:00:00,2166136,1.0733319153698462,31
2021-08-09 21:00:00,1628568000.0,2021-08-10 04:00:00,2166197,0.0,31
2021-08-09 22:00:00,1628571600.0,2021-08-10 05:00:00,2166269,0.0,31
2021-08-09 23:00:00,1628575200.0,2021-08-10 06:00:00,2166295,0.0,31
2021-08-10 00:00:00,1628578800.0,2021-08-10 07:00:00,2166360,0.0,31
2021-08-10 01:00:00,1628582400.0,2021-08-10 08:00:00,2166424,0.0,31
2021-08-10 02:00:00,1628586000.0,2021-08-10 09:00:00,2166475,0.0,31
2021-08-10 03:00:00,1628589600.0,2021-08-10 10:00:00,2166505,0.0,31
2021-08-10 04:00:00,1628593200.0,2021-08-10 11:00:00,2166563,0.1020035534754821,31
2021-08-10 05:00:00,1628596800.0,2021-08-10 12:00:00,2166742,0.0,31
2021-08-10 06:00:00,1628600400.0,2021-08-10 13:00:00,2166743,0.0291259628800588,31
2021-08-10 07:00:00,1628604000.0,2021-08-10 14:00:00,2166744,0.1377701253312402,31
2021-08-10 08:00:00,1628607600.0,2021-08-10 15:00:00,2166774,3.715169444526412,31
2021-08-10 09:00:00,1628611200.0,2021-08-10 16:00:00,2166816,6.140900685701293,31
2021-08-10 10:00:00,1628614800.0,2021-08-10 17:00:00,2166863,10.7015664151121,31
2021-08-10 11:00:00,1628618400.0,2021-08-10 18:00:00,2166925,8.650234101100402,31
2021-08-10 12:00:00,1628622000.0,2021-08-10 19:00:00,2169320,4.997453215284112,31
2021-08-10 13:00:00,1628625600.0,2021-08-10 20:00:00,2169321,1.045381014039413,31
2021-08-10 14:00:00,1628629200.0,2021-08-10 21:00:00,2169322,2.159373978093763,31
2021-08-10 15:00:00,1628632800.0,2021-08-10 22:00:00,2169323,1.981803102052723,31
2021-08-10 16:00:00,1628636400.0,2021-08-10 23:00:00,2169324,4.55570442925438,31
2021-08-10 17:00:00,1628640000.0,2021-08-11 00:00:00,2169325,4.978493236194259,31
2021-08-10 18:00:00,1628643600.0,2021-08-11 01:00:00,2169326,2.863242249416693,31
2021-08-10 19:00:00,1628647200.0,2021-08-11 02:00:00,2169327,2.4577464077732945,31
2021-08-10 20:00:00,1628650800.0,2021-08-11 03:00:00,2169328,0.037610759027185,31
2021-08-10 21:00:00,1628654400.0,2021-08-11 04:00:00,2169329,0.0,31
2021-08-10 22:00:00,1628658000.0,2021-08-11 05:00:00,2169330,0.0,31
2021-08-10 23:00:00,1628661600.0,2021-08-11 06:00:00,2169331,0.0,31
2021-08-11 00:00:00,1628665200.0,2021-08-11 07:00:00,2169332,0.0,31
2021-08-11 01:00:00,1628668800.0,2021-08-11 08:00:00,2169333,0.2248829470367699,31
2021-08-11 02:00:00,1628672400.0,2021-08-11 09:00:00,2169334,0.0,31
2021-08-11 03:00:00,1628676000.0,2021-08-11 10:00:00,2169335,0.0,31
2021-08-11 04:00:00,1628679600.0,2021-08-11 11:00:00,2169336,0.7870993238007777,31
2021-08-11 05:00:00,1628683200.0,2021-08-11 12:00:00,2169337,1.5965130985487883,31
2021-08-11 06:00:00,1628686800.0,2021-08-11 13:00:00,2169338,1.7980851873767092,31
2021-08-11 07:00:00,1628690400.0,2021-08-11 14:00:00,2169339,6.748186367341886,31
2021-08-11 08:00:00,1628694000.0,2021-08-11 15:00:00,2169340,13.750187168364072,31
2021-08-11 09:00:00,1628697600.0,2021-08-11 16:00:00,2169341,14.26063848172377,31
2021-08-11 10:00:00,1628701200.0,2021-08-11 17:00:00,2169342,9.74694982467353,31
2021-08-11 11:00:00,1628704800.0,2021-08-11 18:00:00,2169343,5.144838420431306,31
2021-08-11 12:00:00,1628708400.0,2021-08-11 19:00:00,2169344,5.624406265029801,31
2021-08-11 13:00:00,1628712000.0,2021-08-11 20:00:00,2169345,4.808743646901376,31
2021-08-11 14:00:00,1628715600.0,2021-08-11 21:00:00,2169346,4.81255638321415,31
2021-08-11 15:00:00,1628719200.0,2021-08-11 22:00:00,2169347,3.2995339233846077,31
2021-08-11 16:00:00,1628722800.0,2021-08-11 23:00:00,2169348,3.2283122148980707,31
2021-08-11 17:00:00,1628726400.0,2021-08-12 00:00:00,2169349,3.935589384601049,31
2021-08-11 18:00:00,1628730000.0,2021-08-12 01:00:00,2169350,3.921911626326363,31
2021-08-11 19:00:00,1628733600.0,2021-08-12 02:00:00,2169351,3.1159656478811755,31
2021-08-11 20:00:00,1628737200.0,2021-08-12 03:00:00,2169352,1.9340930220442267,31
2021-08-11 21:00:00,1628740800.0,2021-08-12 04:00:00,2169353,0.1564362077393237,31
2021-08-11 22:00:00,1628744400.0,2021-08-12 05:00:00,2169354,0.4376266573829781,31
2021-08-11 23:00:00,1628748000.0,2021-08-12 06:00:00,2169355,0.0,31
2021-08-12 00:00:00,1628751600.0,2021-08-12 07:00:00,2169356,0.4506236607345126,31
2021-08-12 01:00:00,1628755200.0,2021-08-12 08:00:00,2169357,1.0739274727321666,31
2021-08-12 02:00:00,1628758800.0,2021-08-12 09:00:00,2169358,0.8671403058349982,31
2021-08-12 03:00:00,1628762400.0,2021-08-12 10:00:00,2169359,0.1074945709961561,31
2021-08-12 04:00:00,1628766000.0,2021-08-12 11:00:00,2169360,0.4150952574501385,31
2021-08-12 05:00:00,1628769600.0,2021-08-12 12:00:00,2169361,0.5224013152123863,31
2021-08-12 06:00:00,1628773200.0,2021-08-12 13:00:00,2169362,2.853531361610039,31
2021-08-12 07:00:00,1628776800.0,2021-08-12 14:00:00,2169363,6.1937671710026825,31
2021-08-12 08:00:00,1628780400.0,2021-08-12 15:00:00,2169364,3.6580018336256623,31
2021-08-12 09:00:00,1628784000.0,2021-08-12 16:00:00,2169365,3.311439168816052,31
2021-08-12 10:00:00,1628787600.0,2021-08-12 17:00:00,2169405,3.0276638827110194,31
2021-08-12 11:00:00,1628791200.0,2021-08-12 18:00:00,2169641,2.652331641646761,31
2021-08-12 12:00:00,1628794800.0,2021-08-12 19:00:00,2169642,1.929158877229092,31
2021-08-12 13:00:00,1628798400.0,2021-08-12 20:00:00,2169643,1.864034533928152,31
2021-08-12 14:00:00,1628802000.0,2021-08-12 21:00:00,2169644,1.6628995713160606,31
2021-08-12 15:00:00,1628805600.0,2021-08-12 22:00:00,2169815,1.9823437771939432,31
2021-08-12 16:00:00,1628809200.0,2021-08-12 23:00:00,2169816,2.419722758387157,31
2021-08-12 17:00:00,1628812800.0,2021-08-13 00:00:00,2169817,2.781613965891241,31
2021-08-12 18:00:00,1628816400.0,2021-08-13 01:00:00,2169869,2.471410337747196,31
2021-08-12 19:00:00,1628820000.0,2021-08-13 02:00:00,2169890,1.7283726710039709,31
2021-08-12 20:00:00,1628823600.0,2021-08-13 03:00:00,2169941,0.0,31
2021-08-12 21:00:00,1628827200.0,2021-08-13 04:00:00,2170009,0.0,31
2021-08-12 22:00:00,1628830800.0,2021-08-13 05:00:00,2170059,0.3035567176919436,31
2021-08-12 23:00:00,1628834400.0,2021-08-13 06:00:00,2170097,0.3564991520532103,31
2021-08-13 00:00:00,1628838000.0,2021-08-13 07:00:00,2170163,0.0,31
2021-08-13 01:00:00,1628841600.0,2021-08-13 08:00:00,2170227,0.0466378356334384,31
2021-08-13 02:00:00,1628845200.0,2021-08-13 09:00:00,2170278,0.0,31
2021-08-13 03:00:00,1628848800.0,2021-08-13 10:00:00,2170333,0.9570389770573388,31
2021-08-13 04:00:00,1628852400.0,2021-08-13 11:00:00,2170401,0.74211577140996,31
2021-08-13 05:00:00,1628856000.0,2021-08-13 12:00:00,2170440,1.41487495554287,31
2021-08-13 06:00:00,1628859600.0,2021-08-13 13:00:00,2170491,1.6502030706424282,31
2021-08-13 07:00:00,1628863200.0,2021-08-13 14:00:00,2170546,2.9068218640626977,31
2021-08-13 08:00:00,1628866800.0,2021-08-13 15:00:00,2170613,1.0490174052109529,31
2021-08-13 09:00:00,1628870400.0,2021-08-13 16:00:00,2171150,2.663428633472672,31
2021-08-13 10:00:00,1628874000.0,2021-08-13 17:00:00,2171151,1.9109606736689324,31
2021-08-13 11:00:00,1628877600.0,2021-08-13 18:00:00,2171152,1.4668962620648545,31
2021-08-13 12:00:00,1628881200.0,2021-08-13 19:00:00,2171153,1.6562903810490797,31
2021-08-13 13:00:00,1628884800.0,2021-08-13 20:00:00,2171154,1.9733213496551516,31
2021-08-13 14:00:00,1628888400.0,2021-08-13 21:00:00,2171155,2.009552153737617,31
2021-08-13 15:00:00,1628892000.0,2021-08-13 22:00:00,2171156,3.432607488900997,31
2021-08-13 16:00:00,1628895600.0,2021-08-13 23:00:00,2171157,2.413773610948563,31
2021-08-13 17:00:00,1628899200.0,2021-08-14 00:00:00,2171158,3.403693198153668,31
2021-08-13 18:00:00,1628902800.0,2021-08-14 01:00:00,2171159,2.10642611815792,31
2021-08-13 19:00:00,1628906400.0,2021-08-14 02:00:00,2171188,0.9289749214418332,31
2021-08-13 20:00:00,1628910000.0,2021-08-14 03:00:00,2171234,1.028648881885557,31
2021-08-13 21:00:00,1628913600.0,2021-08-14 04:00:00,2171314,1.6107082599512583,31
2021-08-13 22:00:00,1628917200.0,2021-08-14 05:00:00,2171352,1.3480518671435178,31
2021-08-13 23:00:00,1628920800.0,2021-08-14 06:00:00,2171396,0.7328890256244982,31
2021-08-14 00:00:00,1628924400.0,2021-08-14 07:00:00,2171441,0.5811968902936231,31
2021-08-14 01:00:00,1628928000.0,2021-08-14 08:00:00,2171477,0.3879844237612779,31
2021-08-14 02:00:00,1628931600.0,2021-08-14 09:00:00,2171544,2.683315938489798,31
2021-08-14 03:00:00,1628935200.0,2021-08-14 10:00:00,2171597,0.0,31
2021-08-14 04:00:00,1628938800.0,2021-08-14 11:00:00,2171655,0.0,31
2021-08-14 05:00:00,1628942400.0,2021-08-14 12:00:00,2171707,0.0,31
2021-08-14 06:00:00,1628946000.0,2021-08-14 13:00:00,2171742,0.0,31
2021-08-14 07:00:00,1628949600.0,2021-08-14 14:00:00,2171801,0.4629197067273392,31
2021-08-14 08:00:00,1628953200.0,2021-08-14 15:00:00,2171840,2.6692726500942268,31
2021-08-14 09:00:00,1628956800.0,2021-08-14 16:00:00,2171926,2.629622022614861,31
2021-08-14 10:00:00,1628960400.0,2021-08-14 17:00:00,2172038,4.661955263106504,31
2021-08-14 11:00:00,1628964000.0,2021-08-14 18:00:00,2172039,2.8372840012001435,31
2021-08-14 12:00:00,1628967600.0,2021-08-14 19:00:00,2172048,1.9705084458926505,31
2021-08-14 13:00:00,1628971200.0,2021-08-14 20:00:00,2172110,2.303340263540295,31
2021-08-14 14:00:00,1628974800.0,2021-08-14 21:00:00,2172504,2.091565500836474,31
2021-08-14 15:00:00,1628978400.0,2021-08-14 22:00:00,2172505,2.21799414438612,31
2021-08-14 16:00:00,1628982000.0,2021-08-14 23:00:00,2172506,2.6315733499490026,31
2021-08-14 17:00:00,1628985600.0,2021-08-15 00:00:00,2172507,1.735015300013397,31
2021-08-14 18:00:00,1628989200.0,2021-08-15 01:00:00,2172508,1.246905825007925,31
2021-08-14 19:00:00,1628992800.0,2021-08-15 02:00:00,2172509,0.9136331491298736,31
2021-08-14 20:00:00,1628996400.0,2021-08-15 03:00:00,2172510,0.0,31
2021-08-14 21:00:00,1629000000.0,2021-08-15 04:00:00,2172540,0.1306444629020937,31
2021-08-14 22:00:00,1629003600.0,2021-08-15 05:00:00,2172581,0.138522140713027,31
2021-08-14 23:00:00,1629007200.0,2021-08-15 06:00:00,2172641,0.6302465386665919,31
2021-08-15 00:00:00,1629010800.0,2021-08-15 07:00:00,2172719,0.6676633457706416,31
2021-08-15 01:00:00,1629014400.0,2021-08-15 08:00:00,2173192,0.3930816862319872,31
2021-08-15 02:00:00,1629018000.0,2021-08-15 09:00:00,2173258,0.8247003829281496,31
2021-08-15 03:00:00,1629021600.0,2021-08-15 10:00:00,2173334,0.8157594286848466,31
2021-08-15 04:00:00,1629025200.0,2021-08-15 11:00:00,2173662,0.1710723162108944,31
2021-08-15 05:00:00,1629028800.0,2021-08-15 12:00:00,2173663,0.2453262972041283,31
2021-08-15 06:00:00,1629032400.0,2021-08-15 13:00:00,2173664,0.314476623756807,31
2021-08-15 07:00:00,1629036000.0,2021-08-15 14:00:00,2173665,1.0807492750356662,31
2021-08-15 08:00:00,1629039600.0,2021-08-15 15:00:00,2173666,1.591927449313399,31
2021-08-15 09:00:00,1629043200.0,2021-08-15 16:00:00,2173667,3.2399473378384567,31
2021-08-15 10:00:00,1629046800.0,2021-08-15 17:00:00,2173706,2.769433322824778,31
2021-08-15 11:00:00,1629050400.0,2021-08-15 18:00:00,2173768,3.4494139424997616,31
2021-08-15 12:00:00,1629054000.0,2021-08-15 19:00:00,2173786,1.7219347846936506,31
2021-08-15 13:00:00,1629057600.0,2021-08-15 20:00:00,2174037,1.316200990527939,31
2021-08-15 14:00:00,1629061200.0,2021-08-15 21:00:00,2174038,1.176155025484478,31
2021-08-15 15:00:00,1629064800.0,2021-08-15 22:00:00,2174039,2.191435114032637,31
2021-08-15 16:00:00,1629068400.0,2021-08-15 23:00:00,2174040,2.752314071084794,31
2021-08-15 17:00:00,1629072000.0,2021-08-16 00:00:00,2174050,3.4047361838207038,31
2021-08-15 18:00:00,1629075600.0,2021-08-16 01:00:00,2174113,2.0260432618037107,31
2021-08-15 19:00:00,1629079200.0,2021-08-16 02:00:00,2174354,1.6069503047488922,31
2021-08-15 20:00:00,1629082800.0,2021-08-16 03:00:00,2174355,0.1719292809044112,31
2021-08-15 21:00:00,1629086400.0,2021-08-16 04:00:00,2174356,0.0,31
2021-08-15 22:00:00,1629090000.0,2021-08-16 05:00:00,2174357,0.3682788272224471,31
2021-08-15 23:00:00,1629093600.0,2021-08-16 06:00:00,2174618,1.657332623750623,31
2021-08-16 00:00:00,1629097200.0,2021-08-16 07:00:00,2174619,0.8928431442580731,31
2021-08-16 01:00:00,1629100800.0,2021-08-16 08:00:00,2174620,1.1289754121450295,31
2021-08-16 02:00:00,1629104400.0,2021-08-16 09:00:00,2174621,0.4553667800374041,31
2021-08-16 03:00:00,1629108000.0,2021-08-16 10:00:00,2174622,1.306794959521877,31
2021-08-16 04:00:00,1629111600.0,2021-08-16 11:00:00,2174641,0.0,31
2021-08-16 05:00:00,1629115200.0,2021-08-16 12:00:00,2174702,0.4315718962404524,31
2021-08-16 06:00:00,1629118800.0,2021-08-16 13:00:00,2174779,2.0408100894959897,31
2021-08-16 07:00:00,1629122400.0,2021-08-16 14:00:00,2174784,3.826302944742552,31
2021-08-16 08:00:00,1629126000.0,2021-08-16 15:00:00,2174862,5.841303721343414,31
2021-08-16 09:00:00,1629129600.0,2021-08-16 16:00:00,2176361,6.151118794715267,31
2021-08-16 10:00:00,1629133200.0,2021-08-16 17:00:00,2176362,6.606618215256807,31
2021-08-16 11:00:00,1629136800.0,2021-08-16 18:00:00,2176363,3.850299512327085,31
2021-08-16 12:00:00,1629140400.0,2021-08-16 19:00:00,2176364,2.80181885943119,31
2021-08-16 13:00:00,1629144000.0,2021-08-16 20:00:00,2176365,2.257741296849185,31
2021-08-16 14:00:00,1629147600.0,2021-08-16 21:00:00,2176366,1.176159387872585,31
2021-08-16 15:00:00,1629151200.0,2021-08-16 22:00:00,2176367,0.9178333634109156,31
2021-08-16 16:00:00,1629154800.0,2021-08-16 23:00:00,2176368,0.8655990287766553,31
2021-08-16 17:00:00,1629158400.0,2021-08-17 00:00:00,2176369,1.1303676671683291,31
2021-08-16 18:00:00,1629162000.0,2021-08-17 01:00:00,2176370,1.1975842844003353,31
2021-08-16 19:00:00,1629165600.0,2021-08-17 02:00:00,2176371,2.795612427328024,31
2021-08-16 20:00:00,1629169200.0,2021-08-17 03:00:00,2176372,0.830771138732608,31
2021-08-16 21:00:00,1629172800.0,2021-08-17 04:00:00,2176373,0.3749959706892518,31
2021-08-16 22:00:00,1629176400.0,2021-08-17 05:00:00,2177070,0.2516720483718,31
2021-08-16 23:00:00,1629180000.0,2021-08-17 06:00:00,2177071,0.2792231523585986,31
2021-08-17 00:00:00,1629183600.0,2021-08-17 07:00:00,2177072,0.058417629184376,31
2021-08-17 01:00:00,1629187200.0,2021-08-17 08:00:00,2177073,0.6010095750768123,31
2021-08-17 02:00:00,1629190800.0,2021-08-17 09:00:00,2177074,0.0,31
2021-08-17 03:00:00,1629194400.0,2021-08-17 10:00:00,2177075,0.651860652020023,31
2021-08-17 04:00:00,1629198000.0,2021-08-17 11:00:00,2177076,0.5396423891067617,31
2021-08-17 05:00:00,1629201600.0,2021-08-17 12:00:00,2177077,0.0,31
2021-08-17 06:00:00,1629205200.0,2021-08-17 13:00:00,2177078,1.6825455317769302,31
2021-08-17 07:00:00,1629208800.0,2021-08-17 14:00:00,2177079,2.2858494597754118,31
2021-08-17 08:00:00,1629212400.0,2021-08-17 15:00:00,2177080,1.9360128549838864,31
2021-08-17 09:00:00,1629216000.0,2021-08-17 16:00:00,2177081,3.063075908683884,31
2021-08-17 10:00:00,1629219600.0,2021-08-17 17:00:00,2177082,1.153478750502133,31
2021-08-17 11:00:00,1629223200.0,2021-08-17 18:00:00,2177160,1.5012894480057497,31
2021-08-17 12:00:00,1629226800.0,2021-08-17 19:00:00,2177178,1.4355465535937135,31
2021-08-17 13:00:00,1629230400.0,2021-08-17 20:00:00,2177267,1.5809977782614355,31
2021-08-17 14:00:00,1629234000.0,2021-08-17 21:00:00,2177316,1.3819713029674388,31
2021-08-17 15:00:00,1629237600.0,2021-08-17 22:00:00,2177356,0.9546839218145022,31
2021-08-17 16:00:00,1629241200.0,2021-08-17 23:00:00,2177426,0.001328004723895,31
2021-08-17 17:00:00,1629244800.0,2021-08-18 00:00:00,2177476,0.7000128292371821,31
2021-08-17 18:00:00,1629248400.0,2021-08-18 01:00:00,2178374,1.4563241449347046,31
2021-08-17 19:00:00,1629252000.0,2021-08-18 02:00:00,2178375,1.0772231504597478,31
2021-08-17 20:00:00,1629255600.0,2021-08-18 03:00:00,2178376,0.0,31
2021-08-17 21:00:00,1629259200.0,2021-08-18 04:00:00,2178377,0.3461839830873696,31
2021-08-17 22:00:00,1629262800.0,2021-08-18 05:00:00,2178378,0.1619567640534338,31
2021-08-17 23:00:00,1629266400.0,2021-08-18 06:00:00,2178379,0.2374030818413413,31
2021-08-18 00:00:00,1629270000.0,2021-08-18 07:00:00,2178380,0.8183146071489631,31
2021-08-18 01:00:00,1629273600.0,2021-08-18 08:00:00,2178381,0.6530193720261934,31
2021-08-18 02:00:00,1629277200.0,2021-08-18 09:00:00,2178382,0.5098133059410603,31
2021-08-18 03:00:00,1629280800.0,2021-08-18 10:00:00,2178383,0.0,31
2021-08-18 04:00:00,1629284400.0,2021-08-18 11:00:00,2178384,0.0,31
2021-08-18 05:00:00,1629288000.0,2021-08-18 12:00:00,2178385,0.6995614531155239,31
2021-08-18 06:00:00,1629291600.0,2021-08-18 13:00:00,2178386,3.5321329108434014,31
2021-08-18 07:00:00,1629295200.0,2021-08-18 14:00:00,2178387,7.807280152160708,31
2021-08-18 08:00:00,1629298800.0,2021-08-18 15:00:00,2178388,3.789665757490205,31
2021-08-18 09:00:00,1629302400.0,2021-08-18 16:00:00,2178389,3.142502419863828,31
2021-08-18 10:00:00,1629306000.0,2021-08-18 17:00:00,2178390,3.3310740903133524,31
2021-08-18 11:00:00,1629309600.0,2021-08-18 18:00:00,2178391,7.092148783395674,31
2021-08-18 12:00:00,1629313200.0,2021-08-18 19:00:00,2178434,5.578872576574541,31
2021-08-18 13:00:00,1629316800.0,2021-08-18 20:00:00,2178471,3.5074938542210194,31
2021-08-18 14:00:00,1629320400.0,2021-08-18 21:00:00,2178512,3.6362256490340137,31
2021-08-18 15:00:00,1629324000.0,2021-08-18 22:00:00,2178567,4.090312524713009,31
2021-08-18 16:00:00,1629327600.0,2021-08-18 23:00:00,2178630,4.0439314099949,31
2021-08-18 17:00:00,1629331200.0,2021-08-19 00:00:00,2178692,2.913848532621632,31
2021-08-18 18:00:00,1629334800.0,2021-08-19 01:00:00,2178730,2.8723807657953664,31
2021-08-18 19:00:00,1629338400.0,2021-08-19 02:00:00,2179685,3.5209498834690605,31
2021-08-18 20:00:00,1629342000.0,2021-08-19 03:00:00,2179686,0.6538311435700717,31
2021-08-18 21:00:00,1629345600.0,2021-08-19 04:00:00,2179687,1.2008280155960689,31
2021-08-18 22:00:00,1629349200.0,2021-08-19 05:00:00,2179688,0.98744482290628,31
2021-08-18 23:00:00,1629352800.0,2021-08-19 06:00:00,2179689,1.6000487146708124,31
2021-08-19 00:00:00,1629356400.0,2021-08-19 07:00:00,2179691,1.3219418421687594,31
2021-08-19 01:00:00,1629360000.0,2021-08-19 08:00:00,2179692,0.0,31
2021-08-19 02:00:00,1629363600.0,2021-08-19 09:00:00,2179693,0.0,31
2021-08-19 03:00:00,1629367200.0,2021-08-19 10:00:00,2179694,0.0,31
2021-08-19 04:00:00,1629370800.0,2021-08-19 11:00:00,2179695,0.0132814911493834,31
2021-08-19 05:00:00,1629374400.0,2021-08-19 12:00:00,2179696,1.161804216194965,31
2021-08-19 06:00:00,1629378000.0,2021-08-19 13:00:00,2179697,0.0874385569447682,31
2021-08-19 07:00:00,1629381600.0,2021-08-19 14:00:00,2179698,1.4781386684563662,31
2021-08-19 08:00:00,1629385200.0,2021-08-19 15:00:00,2179699,2.0597233362855683,31
2021-08-19 09:00:00,1629388800.0,2021-08-19 16:00:00,2179700,1.1199376098580789,31
2021-08-19 10:00:00,1629392400.0,2021-08-19 17:00:00,2179701,1.264576299758888,31
2021-08-19 11:00:00,1629396000.0,2021-08-19 18:00:00,2179977,1.0002297803949851,31
2021-08-19 12:00:00,1629399600.0,2021-08-19 19:00:00,2179978,1.779465192836767,31
2021-08-19 13:00:00,1629403200.0,2021-08-19 20:00:00,2179979,2.882700580920541,31
2021-08-19 14:00:00,1629406800.0,2021-08-19 21:00:00,2179980,2.47068845271383,31
2021-08-19 15:00:00,1629410400.0,2021-08-19 22:00:00,2179981,1.753250970768402,31
2021-08-19 16:00:00,1629414000.0,2021-08-19 23:00:00,2180311,1.755844756614093,31
2021-08-19 17:00:00,1629417600.0,2021-08-20 00:00:00,2180312,1.5283768068564203,31
2021-08-19 18:00:00,1629421200.0,2021-08-20 01:00:00,2180313,1.5232309858735027,31
2021-08-19 19:00:00,1629424800.0,2021-08-20 02:00:00,2180314,1.1703582139535422,31
2021-08-19 20:00:00,1629428400.0,2021-08-20 03:00:00,2180315,0.882680535906692,31
2021-08-19 21:00:00,1629432000.0,2021-08-20 04:00:00,2180341,1.6416133665174204,31
2021-08-19 22:00:00,1629435600.0,2021-08-20 05:00:00,2180421,2.4162608398722973,31
2021-08-19 23:00:00,1629439200.0,2021-08-20 06:00:00,2180448,1.7252984631354442,31
2021-08-20 00:00:00,1629442800.0,2021-08-20 07:00:00,2180494,1.658637212243809,31
2021-08-20 01:00:00,1629446400.0,2021-08-20 08:00:00,2180548,1.803260694714316,31
2021-08-20 02:00:00,1629450000.0,2021-08-20 09:00:00,2180597,0.0,31
2021-08-20 03:00:00,1629453600.0,2021-08-20 10:00:00,2180651,0.0,31
2021-08-20 04:00:00,1629457200.0,2021-08-20 11:00:00,2180704,0.0,31
2021-08-20 05:00:00,1629460800.0,2021-08-20 12:00:00,2180773,0.4777706005639413,31
2021-08-20 06:00:00,1629464400.0,2021-08-20 13:00:00,2180810,0.2205069768430725,31
2021-08-20 07:00:00,1629468000.0,2021-08-20 14:00:00,2180865,1.0704875053019285,31
2021-08-20 08:00:00,1629471600.0,2021-08-20 15:00:00,2180898,2.88982352866166,31
2021-08-20 09:00:00,1629475200.0,2021-08-20 16:00:00,2180961,5.711148097556622,31
2021-08-20 10:00:00,1629478800.0,2021-08-20 17:00:00,2180998,6.355451780396686,31
2021-08-20 11:00:00,1629482400.0,2021-08-20 18:00:00,2181167,7.106543423885258,31
2021-08-20 12:00:00,1629486000.0,2021-08-20 19:00:00,2181222,6.584641829177863,31
2021-08-20 13:00:00,1629489600.0,2021-08-20 20:00:00,2181349,6.821761293776886,31
2021-08-20 14:00:00,1629493200.0,2021-08-20 21:00:00,2181350,6.80773518663567,31
2021-08-20 15:00:00,1629496800.0,2021-08-20 22:00:00,2181368,3.936991793039306,31
2021-08-20 16:00:00,1629500400.0,2021-08-20 23:00:00,2181421,2.664672001618957,31
2021-08-20 17:00:00,1629504000.0,2021-08-21 00:00:00,2181471,1.913470934193635,31
2021-08-20 18:00:00,1629507600.0,2021-08-21 01:00:00,2181540,1.8178136973013217,31
2021-08-20 19:00:00,1629511200.0,2021-08-21 02:00:00,2181604,2.0151353954007245,31
2021-08-20 20:00:00,1629514800.0,2021-08-21 03:00:00,2181649,1.4618497457381423,31
2021-08-20 21:00:00,1629518400.0,2021-08-21 04:00:00,2181709,2.0113070018336385,31
2021-08-20 22:00:00,1629522000.0,2021-08-21 05:00:00,2181757,1.695831503608014,31
2021-08-20 23:00:00,1629525600.0,2021-08-21 06:00:00,2181809,1.0402592411159173,31
2021-08-21 00:00:00,1629529200.0,2021-08-21 07:00:00,2181857,0.0,31
2021-08-21 01:00:00,1629532800.0,2021-08-21 08:00:00,2181918,0.0,31
2021-08-21 02:00:00,1629536400.0,2021-08-21 09:00:00,2181956,0.0,31
2021-08-21 03:00:00,1629540000.0,2021-08-21 10:00:00,2182029,0.0,31
2021-08-21 04:00:00,1629543600.0,2021-08-21 11:00:00,2182073,0.0,31
2021-08-21 05:00:00,1629547200.0,2021-08-21 12:00:00,2182124,0.0,31
2021-08-21 06:00:00,1629550800.0,2021-08-21 13:00:00,2182176,0.7372081911717352,31
2021-08-21 07:00:00,1629554400.0,2021-08-21 14:00:00,2182208,1.061738939667192,31
2021-08-21 08:00:00,1629558000.0,2021-08-21 15:00:00,2182268,0.5470726511713266,31
2021-08-21 09:00:00,1629561600.0,2021-08-21 16:00:00,2182316,1.250950359816481,31
2021-08-21 10:00:00,1629565200.0,2021-08-21 17:00:00,2182385,0.9651304658753616,31
2021-08-21 11:00:00,1629568800.0,2021-08-21 18:00:00,2182432,1.2984724826990188,31
2021-08-21 12:00:00,1629572400.0,2021-08-21 19:00:00,2182479,1.553897715685734,31
2021-08-21 13:00:00,1629576000.0,2021-08-21 20:00:00,2182539,1.7722367141247857,31
2021-08-21 14:00:00,1629579600.0,2021-08-21 21:00:00,2182573,1.619824961358261,31
2021-08-21 15:00:00,1629583200.0,2021-08-21 22:00:00,2182635,1.9695591358582492,31
2021-08-21 16:00:00,1629586800.0,2021-08-21 23:00:00,2182701,1.2726481099264788,31
2021-08-21 17:00:00,1629590400.0,2021-08-22 00:00:00,2182751,1.448627285677003,31
2021-08-21 18:00:00,1629594000.0,2021-08-22 01:00:00,2182826,1.4276490399469637,31
2021-08-21 19:00:00,1629597600.0,2021-08-22 02:00:00,2182885,2.5549553966091283,31
2021-08-21 20:00:00,1629601200.0,2021-08-22 03:00:00,2182922,0.2835236084320574,31
2021-08-21 21:00:00,1629604800.0,2021-08-22 04:00:00,2182963,0.8092612827439378,31
2021-08-21 22:00:00,1629608400.0,2021-08-22 05:00:00,2183024,0.8172887818286689,31
2021-08-21 23:00:00,1629612000.0,2021-08-22 06:00:00,2183075,0.0,31
2021-08-22 00:00:00,1629615600.0,2021-08-22 07:00:00,2183116,0.0,31
2021-08-22 01:00:00,1629619200.0,2021-08-22 08:00:00,2183174,0.1900846810567991,31
2021-08-22 02:00:00,1629622800.0,2021-08-22 09:00:00,2183212,0.0,31
2021-08-22 03:00:00,1629626400.0,2021-08-22 10:00:00,2183293,0.0,31
2021-08-22 04:00:00,1629630000.0,2021-08-22 11:00:00,2183323,0.2090750661375846,31
2021-08-22 05:00:00,1629633600.0,2021-08-22 12:00:00,2183366,0.4141181397376865,31
2021-08-22 06:00:00,1629637200.0,2021-08-22 13:00:00,2183437,0.3959351308158041,31
2021-08-22 07:00:00,1629640800.0,2021-08-22 14:00:00,2183469,0.2576522177338081,31
2021-08-22 08:00:00,1629644400.0,2021-08-22 15:00:00,2183542,0.7737488879580408,31
2021-08-22 09:00:00,1629648000.0,2021-08-22 16:00:00,2183606,0.6059263644185373,31
2021-08-22 10:00:00,1629651600.0,2021-08-22 17:00:00,2183642,0.8582649026890978,31
2021-08-22 11:00:00,1629655200.0,2021-08-22 18:00:00,2183696,0.5695244530621313,31
2021-08-22 12:00:00,1629658800.0,2021-08-22 19:00:00,2183736,1.1059660352642764,31
2021-08-22 13:00:00,1629662400.0,2021-08-22 20:00:00,2183789,0.9055823046537076,31
2021-08-22 14:00:00,1629666000.0,2021-08-22 21:00:00,2183833,1.2913809180468716,31
2021-08-22 15:00:00,1629669600.0,2021-08-22 22:00:00,2183904,0.905161087278243,31
2021-08-22 16:00:00,1629673200.0,2021-08-22 23:00:00,2183950,0.9382980962299784,31
2021-08-22 17:00:00,1629676800.0,2021-08-23 00:00:00,2184008,1.7834759058776966,31
2021-08-22 18:00:00,1629680400.0,2021-08-23 01:00:00,2184061,1.6045070751217525,31
2021-08-22 19:00:00,1629684000.0,2021-08-23 02:00:00,2184127,1.4385185154656082,31
2021-08-22 20:00:00,1629687600.0,2021-08-23 03:00:00,2184162,1.7556262284909463,31
2021-08-22 21:00:00,1629691200.0,2021-08-23 04:00:00,2184208,1.383697817442588,31
2021-08-22 22:00:00,1629694800.0,2021-08-23 05:00:00,2184259,1.3965964675640183,31
2021-08-22 23:00:00,1629698400.0,2021-08-23 06:00:00,2184296,1.056294974482209,31
2021-08-23 00:00:00,1629702000.0,2021-08-23 07:00:00,2184355,1.1938144019058328,31
2021-08-23 01:00:00,1629705600.0,2021-08-23 08:00:00,2184436,1.9846151990615424,31
2021-08-23 02:00:00,1629709200.0,2021-08-23 09:00:00,2184465,2.2846262896452423,31
2021-08-23 03:00:00,1629712800.0,2021-08-23 10:00:00,2184512,1.3462707253189263,31
2021-08-23 04:00:00,1629716400.0,2021-08-23 11:00:00,2184565,0.8185510903034281,31
2021-08-23 05:00:00,1629720000.0,2021-08-23 12:00:00,2184613,2.3657187684192387,31
2021-08-23 06:00:00,1629723600.0,2021-08-23 13:00:00,2184680,4.07670023215616,31
2021-08-23 07:00:00,1629727200.0,2021-08-23 14:00:00,2184709,4.775874722515292,31
2021-08-23 08:00:00,1629730800.0,2021-08-23 15:00:00,2184763,2.999969852786444,31
2021-08-23 09:00:00,1629734400.0,2021-08-23 16:00:00,2184870,2.3642669074237626,31
2021-08-23 10:00:00,1629738000.0,2021-08-23 17:00:00,2184921,3.432286327064518,31
2021-08-23 11:00:00,1629741600.0,2021-08-23 18:00:00,2184962,2.549947828356955,31
2021-08-23 12:00:00,1629745200.0,2021-08-23 19:00:00,2185019,3.3454807040269268,31
2021-08-23 13:00:00,1629748800.0,2021-08-23 20:00:00,2185054,4.256322602579012,31
2021-08-23 14:00:00,1629752400.0,2021-08-23 21:00:00,2185115,2.1128573966190816,31
2021-08-23 15:00:00,1629756000.0,2021-08-23 22:00:00,2185185,1.6277099481071655,31
2021-08-23 16:00:00,1629759600.0,2021-08-23 23:00:00,2185233,1.4601480543221,31
2021-08-23 17:00:00,1629763200.0,2021-08-24 00:00:00,2185313,1.5030767320779947,31
2021-08-23 18:00:00,1629766800.0,2021-08-24 01:00:00,2185367,2.720072531009936,31
2021-08-23 19:00:00,1629770400.0,2021-08-24 02:00:00,2185468,1.611546137361806,31
2021-08-23 20:00:00,1629774000.0,2021-08-24 03:00:00,2185469,0.3424335597910755,31
2021-08-23 21:00:00,1629777600.0,2021-08-24 04:00:00,2185493,0.1898033878840657,31
2021-08-23 22:00:00,1629781200.0,2021-08-24 05:00:00,2185561,0.0,31
2021-08-23 23:00:00,1629784800.0,2021-08-24 06:00:00,2185641,0.0,31
2021-08-24 00:00:00,1629788400.0,2021-08-24 07:00:00,2186334,0.0,31
2021-08-24 01:00:00,1629792000.0,2021-08-24 08:00:00,2186335,0.0,31
2021-08-24 02:00:00,1629795600.0,2021-08-24 09:00:00,2186336,0.0,31
2021-08-24 03:00:00,1629799200.0,2021-08-24 10:00:00,2186337,0.2389797430349354,31
2021-08-24 04:00:00,1629802800.0,2021-08-24 11:00:00,2186338,0.0971189467172983,31
2021-08-24 05:00:00,1629806400.0,2021-08-24 12:00:00,2186339,0.2235932179195394,31
2021-08-24 06:00:00,1629810000.0,2021-08-24 13:00:00,2186340,0.9522302925319108,31
2021-08-24 07:00:00,1629813600.0,2021-08-24 14:00:00,2186341,1.530698028884963,31
2021-08-24 08:00:00,1629817200.0,2021-08-24 15:00:00,2186342,0.967402468679551,31
2021-08-24 09:00:00,1629820800.0,2021-08-24 16:00:00,2186343,1.0037322132517126,31
2021-08-24 10:00:00,1629824400.0,2021-08-24 17:00:00,2186366,0.9315914094288013,31
2021-08-24 11:00:00,1629828000.0,2021-08-24 18:00:00,2186406,2.0859276447016883,31
2021-08-24 12:00:00,1629831600.0,2021-08-24 19:00:00,2186491,1.5038561807087714,31
2021-08-24 16:00:00,1629846000.0,2021-08-24 23:00:00,2193814,1.2956813336953763,31
2021-08-24 17:00:00,1629849600.0,2021-08-25 00:00:00,2193825,1.015971583656519,31
2021-08-24 18:00:00,1629853200.0,2021-08-25 01:00:00,2193779,1.0997340077436846,31
2021-08-24 19:00:00,1629856800.0,2021-08-25 02:00:00,2193793,1.1567749628873107,31
2021-08-24 20:00:00,1629860400.0,2021-08-25 03:00:00,2193741,1.2625311454805352,31
2021-08-24 21:00:00,1629864000.0,2021-08-25 04:00:00,2193827,1.247511037649641,31
2021-08-24 22:00:00,1629867600.0,2021-08-25 05:00:00,2193849,1.2370602495528438,31
2021-08-24 23:00:00,1629871200.0,2021-08-25 06:00:00,2193786,0.968887241938523,31
2021-08-25 00:00:00,1629874800.0,2021-08-25 07:00:00,2193835,0.9637627148075668,31
2021-08-25 01:00:00,1629878400.0,2021-08-25 08:00:00,2193821,0.5211866269107244,31
2021-08-25 02:00:00,1629882000.0,2021-08-25 09:00:00,2193794,0.1657328109265101,31
2021-08-25 03:00:00,1629885600.0,2021-08-25 10:00:00,2193769,0.0952067667749432,31
2021-08-25 04:00:00,1629889200.0,2021-08-25 11:00:00,2193800,0.6823970581817882,31
2021-08-25 05:00:00,1629892800.0,2021-08-25 12:00:00,2193743,0.4518460687337482,31
2021-08-25 06:00:00,1629896400.0,2021-08-25 13:00:00,2193837,0.5967133703883771,31
2021-08-25 07:00:00,1629900000.0,2021-08-25 14:00:00,2193758,0.8126219598942335,31
2021-08-25 08:00:00,1629903600.0,2021-08-25 15:00:00,2193832,1.8205527333287312,31
2021-08-25 09:00:00,1629907200.0,2021-08-25 16:00:00,2193799,2.419525120072928,31
2021-08-25 10:00:00,1629910800.0,2021-08-25 17:00:00,2193819,4.385026867612073,31
2021-08-25 11:00:00,1629914400.0,2021-08-25 18:00:00,2193792,1.992179431943403,31
2021-08-25 12:00:00,1629918000.0,2021-08-25 19:00:00,2193824,1.6620933778875069,31
2021-08-25 13:00:00,1629921600.0,2021-08-25 20:00:00,2193839,3.1767494012728816,31
2021-08-25 14:00:00,1629925200.0,2021-08-25 21:00:00,2193815,3.063057863411636,31
2021-08-25 15:00:00,1629928800.0,2021-08-25 22:00:00,2193859,3.701263449912484,31
2021-08-25 16:00:00,1629932400.0,2021-08-25 23:00:00,2193847,3.873675546559197,31
2021-08-25 17:00:00,1629936000.0,2021-08-26 00:00:00,2193810,3.598744345251931,31
2021-08-25 18:00:00,1629939600.0,2021-08-26 01:00:00,2193856,3.2325605827590307,31
2021-08-25 19:00:00,1629943200.0,2021-08-26 02:00:00,2193842,2.927305263717764,31
2021-08-25 20:00:00,1629946800.0,2021-08-26 03:00:00,2193795,0.9170823624714712,31
2021-08-25 21:00:00,1629950400.0,2021-08-26 04:00:00,2193797,0.0,31
2021-08-25 22:00:00,1629954000.0,2021-08-26 05:00:00,2193773,0.0,31
2021-08-25 23:00:00,1629957600.0,2021-08-26 06:00:00,2193801,0.0,31
2021-08-26 00:00:00,1629961200.0,2021-08-26 07:00:00,2193841,1.2055570269193367,31
2021-08-26 01:00:00,1629964800.0,2021-08-26 08:00:00,2193751,1.0903830193752055,31
2021-08-26 02:00:00,1629968400.0,2021-08-26 09:00:00,2193843,0.7864362116196304,31
2021-08-26 03:00:00,1629972000.0,2021-08-26 10:00:00,2193838,0.5658811610197088,31
2021-08-26 04:00:00,1629975600.0,2021-08-26 11:00:00,2193776,1.0293585650360262,31
2021-08-26 05:00:00,1629979200.0,2021-08-26 12:00:00,2193834,2.2047040902768584,31
2021-08-26 06:00:00,1629982800.0,2021-08-26 13:00:00,2193798,2.5057726483921776,31
2021-08-26 07:00:00,1629986400.0,2021-08-26 14:00:00,2193771,3.374356266764506,31
2021-08-26 08:00:00,1629990000.0,2021-08-26 15:00:00,2193806,6.005268299537312,31
2021-08-26 09:00:00,1629993600.0,2021-08-26 16:00:00,2193750,7.94623803744604,31
2021-08-26 10:00:00,1629997200.0,2021-08-26 17:00:00,2193744,6.796972218969644,31
2021-08-26 11:00:00,1630000800.0,2021-08-26 18:00:00,2193746,7.181346102500376,31
2021-08-26 12:00:00,1630004400.0,2021-08-26 19:00:00,2193775,6.044153986129759,31
2021-08-26 13:00:00,1630008000.0,2021-08-26 20:00:00,2193840,3.080131846722459,31
2021-08-26 14:00:00,1630011600.0,2021-08-26 21:00:00,2193759,3.213996388104067,31
2021-08-26 15:00:00,1630015200.0,2021-08-26 22:00:00,2193752,3.627497538627368,31
2021-08-26 16:00:00,1630018800.0,2021-08-26 23:00:00,2193740,4.375285126129443,31
2021-08-26 17:00:00,1630022400.0,2021-08-27 00:00:00,2193833,5.17680489394594,31
2021-08-26 18:00:00,1630026000.0,2021-08-27 01:00:00,2193791,5.339537770219183,31
2021-08-26 19:00:00,1630029600.0,2021-08-27 02:00:00,2193802,6.0307641556757074,31
2021-08-26 20:00:00,1630033200.0,2021-08-27 03:00:00,2193770,3.405271120997435,31
2021-08-26 21:00:00,1630036800.0,2021-08-27 04:00:00,2193754,1.464415587060068,31
2021-08-26 22:00:00,1630040400.0,2021-08-27 05:00:00,2193783,1.3192179368309915,31
2021-08-26 23:00:00,1630044000.0,2021-08-27 06:00:00,2193864,1.6688496424387704,31
2021-08-27 00:00:00,1630047600.0,2021-08-27 07:00:00,2193749,3.700000086997801,31
2021-08-27 01:00:00,1630051200.0,2021-08-27 08:00:00,2193854,2.983121098449872,31
2021-08-27 02:00:00,1630054800.0,2021-08-27 09:00:00,2193850,6.07401928359116,31
2021-08-27 03:00:00,1630058400.0,2021-08-27 10:00:00,2193766,3.3182787316162496,31
2021-08-27 04:00:00,1630062000.0,2021-08-27 11:00:00,2193755,3.620847489413462,31
2021-08-27 05:00:00,1630065600.0,2021-08-27 12:00:00,2193809,5.041220471413292,31
2021-08-27 06:00:00,1630069200.0,2021-08-27 13:00:00,2193846,7.934208987413607,31
2021-08-27 07:00:00,1630072800.0,2021-08-27 14:00:00,2193848,12.6625095465608,31
2021-08-27 08:00:00,1630076400.0,2021-08-27 15:00:00,2193756,22.951972386917923,31
2021-08-27 09:00:00,1630080000.0,2021-08-27 16:00:00,2193787,17.680047866388126,31
2021-08-27 10:00:00,1630083600.0,2021-08-27 17:00:00,2193836,13.538233171301448,31
2021-08-27 11:00:00,1630087200.0,2021-08-27 18:00:00,2193826,3.2340567829636964,31
2021-08-27 12:00:00,1630090800.0,2021-08-27 19:00:00,2193745,1.9977829482474216,31
2021-08-27 13:00:00,1630094400.0,2021-08-27 20:00:00,2193822,5.069073298136567,31
2021-08-27 14:00:00,1630098000.0,2021-08-27 21:00:00,2193817,2.347229816438259,31
2021-08-27 15:00:00,1630101600.0,2021-08-27 22:00:00,2193780,1.9992840982812048,31
2021-08-27 16:00:00,1630105200.0,2021-08-27 23:00:00,2193844,2.431969678831932,31
2021-08-27 17:00:00,1630108800.0,2021-08-28 00:00:00,2193763,4.154408044477251,31
2021-08-27 18:00:00,1630112400.0,2021-08-28 01:00:00,2193747,2.5654890812907523,31
2021-08-27 19:00:00,1630116000.0,2021-08-28 02:00:00,2193789,3.661335643883038,31
2021-08-27 20:00:00,1630119600.0,2021-08-28 03:00:00,2193811,8.866503427125654,31
2021-08-27 21:00:00,1630123200.0,2021-08-28 04:00:00,2193830,6.01815775719993,31
2021-08-27 22:00:00,1630126800.0,2021-08-28 05:00:00,2193857,6.44356620160997,31
2021-08-27 23:00:00,1630130400.0,2021-08-28 06:00:00,2193788,17.66236996364463,31
2021-08-28 00:00:00,1630134000.0,2021-08-28 07:00:00,2193855,9.754474403775982,31
2021-08-28 01:00:00,1630137600.0,2021-08-28 08:00:00,2193767,11.469497762520133,31
2021-08-28 02:00:00,1630141200.0,2021-08-28 09:00:00,2193762,4.413877809638878,31
2021-08-28 03:00:00,1630144800.0,2021-08-28 10:00:00,2193861,3.5018202537686696,31
2021-08-28 04:00:00,1630148400.0,2021-08-28 11:00:00,2193784,3.788488824202753,31
2021-08-28 05:00:00,1630152000.0,2021-08-28 12:00:00,2193820,3.217257984565192,31
2021-08-28 06:00:00,1630155600.0,2021-08-28 13:00:00,2193823,6.5396496416332015,31
2021-08-28 07:00:00,1630159200.0,2021-08-28 14:00:00,2193807,9.860371429591602,31
2021-08-28 08:00:00,1630162800.0,2021-08-28 15:00:00,2193761,18.228150243459982,31
2021-08-28 09:00:00,1630166400.0,2021-08-28 16:00:00,2193765,19.26931293194228,31
2021-08-28 10:00:00,1630170000.0,2021-08-28 17:00:00,2193808,14.073051319444788,31
2021-08-28 11:00:00,1630173600.0,2021-08-28 18:00:00,2193796,8.27807525345749,31
2021-08-28 12:00:00,1630177200.0,2021-08-28 19:00:00,2193858,3.2528553584444344,31
2021-08-28 13:00:00,1630180800.0,2021-08-28 20:00:00,2193748,0.0,31
2021-08-28 14:00:00,1630184400.0,2021-08-28 21:00:00,2193812,0.0,31
2021-08-28 15:00:00,1630188000.0,2021-08-28 22:00:00,2193816,0.5337024041192127,31
2021-08-28 16:00:00,1630191600.0,2021-08-28 23:00:00,2193774,1.3035129085018229,31
2021-08-28 17:00:00,1630195200.0,2021-08-29 00:00:00,2193805,1.41021597367867,31
2021-08-28 18:00:00,1630198800.0,2021-08-29 01:00:00,2193739,3.899515256519856,31
2021-08-28 19:00:00,1630202400.0,2021-08-29 02:00:00,2193845,7.542318855390443,31
2021-08-28 20:00:00,1630206000.0,2021-08-29 03:00:00,2193760,1.7686994330589858,31
2021-08-28 21:00:00,1630209600.0,2021-08-29 04:00:00,2193772,1.1484181101223123,31
2021-08-28 22:00:00,1630213200.0,2021-08-29 05:00:00,2193781,5.686599520183812,31
2021-08-28 23:00:00,1630216800.0,2021-08-29 06:00:00,2193851,5.412184687694163,31
2021-08-29 00:00:00,1630220400.0,2021-08-29 07:00:00,2193818,6.015638128661728,31
2021-08-29 01:00:00,1630224000.0,2021-08-29 08:00:00,2193853,5.6220380876743175,31
2021-08-29 02:00:00,1630227600.0,2021-08-29 09:00:00,2193813,2.223275430228034,31
2021-08-29 03:00:00,1630231200.0,2021-08-29 10:00:00,2193777,1.1434815243661456,31
2021-08-29 04:00:00,1630234800.0,2021-08-29 11:00:00,2193782,1.3196661998356731,31
2021-08-29 05:00:00,1630238400.0,2021-08-29 12:00:00,2193778,1.148353828852807,31
2021-08-29 06:00:00,1630242000.0,2021-08-29 13:00:00,2193828,0.2271577450824828,31
2021-08-29 07:00:00,1630245600.0,2021-08-29 14:00:00,2193764,1.1392240863313177,31
2021-08-29 08:00:00,1630249200.0,2021-08-29 15:00:00,2193757,2.472993083963966,31
2021-08-29 09:00:00,1630252800.0,2021-08-29 16:00:00,2193865,6.201141052365035,31
2021-08-29 10:00:00,1630256400.0,2021-08-29 17:00:00,2193803,4.445432480612118,31
2021-08-29 11:00:00,1630260000.0,2021-08-29 18:00:00,2193768,4.507224869263897,31
2021-08-29 12:00:00,1630263600.0,2021-08-29 19:00:00,2193829,5.256694476888367,31
2021-08-29 13:00:00,1630267200.0,2021-08-29 20:00:00,2193863,4.110808875639557,31
2021-08-29 14:00:00,1630270800.0,2021-08-29 21:00:00,2193831,3.69483905662038,31
2021-08-29 15:00:00,1630274400.0,2021-08-29 22:00:00,2193860,3.7166800456391833,31
2021-08-29 16:00:00,1630278000.0,2021-08-29 23:00:00,2193785,3.2330419020879164,31
2021-08-29 17:00:00,1630281600.0,2021-08-30 00:00:00,2193804,2.4772267228410847,31
2021-08-29 18:00:00,1630285200.0,2021-08-30 01:00:00,2193862,2.9923474223377413,31
2021-08-29 19:00:00,1630288800.0,2021-08-30 02:00:00,2193852,1.7981309694393977,31
2021-08-29 20:00:00,1630292400.0,2021-08-30 03:00:00,2193753,0.7088531941063971,31
2021-08-29 21:00:00,1630296000.0,2021-08-30 04:00:00,2193742,1.8972198644903049,31
2021-08-29 22:00:00,1630299600.0,2021-08-30 05:00:00,2193911,0.8377315278697264,31
2021-08-29 23:00:00,1630303200.0,2021-08-30 06:00:00,2193912,1.2033837506861025,31
2021-08-30 00:00:00,1630306800.0,2021-08-30 07:00:00,2193913,0.0,31
2021-08-30 01:00:00,1630310400.0,2021-08-30 08:00:00,2193914,0.3295386701122744,31
2021-08-30 02:00:00,1630314000.0,2021-08-30 09:00:00,2193915,1.6458451052955834,31
2021-08-30 03:00:00,1630317600.0,2021-08-30 10:00:00,2193916,2.6592430208863598,31
2021-08-30 04:00:00,1630321200.0,2021-08-30 11:00:00,2193917,1.8332813759680529,31
2021-08-30 05:00:00,1630324800.0,2021-08-30 12:00:00,2193918,1.916943284468287,31
2021-08-30 06:00:00,1630328400.0,2021-08-30 13:00:00,2193919,3.062206018010753,31
2021-08-30 07:00:00,1630332000.0,2021-08-30 14:00:00,2193920,2.676671340602172,31
2021-08-30 08:00:00,1630335600.0,2021-08-30 15:00:00,2193921,3.1205621860350075,31
2021-08-30 09:00:00,1630339200.0,2021-08-30 16:00:00,2193922,6.615464832647955,31
2021-08-30 10:00:00,1630342800.0,2021-08-30 17:00:00,2193923,8.090295368179664,31
2021-08-30 11:00:00,1630346400.0,2021-08-30 18:00:00,2196977,5.601516239407237,31
2021-08-30 12:00:00,1630350000.0,2021-08-30 19:00:00,2196978,3.990186795568695,31
2021-08-30 13:00:00,1630353600.0,2021-08-30 20:00:00,2196979,4.33583854119536,31
2021-08-30 14:00:00,1630357200.0,2021-08-30 21:00:00,2196980,4.163230597932485,31
2021-08-30 15:00:00,1630360800.0,2021-08-30 22:00:00,2196981,4.618724447340721,31
2021-08-30 16:00:00,1630364400.0,2021-08-30 23:00:00,2196982,3.993866573014972,31
2021-08-30 17:00:00,1630368000.0,2021-08-31 00:00:00,2196983,5.320058960413638,31
2021-08-30 18:00:00,1630371600.0,2021-08-31 01:00:00,2196984,4.326168118203273,31
2021-08-30 19:00:00,1630375200.0,2021-08-31 02:00:00,2196985,1.4191815207316028,31
2021-08-30 20:00:00,1630378800.0,2021-08-31 03:00:00,2196986,0.0,31
2021-08-30 21:00:00,1630382400.0,2021-08-31 04:00:00,2197040,0.0,31
2021-08-30 22:00:00,1630386000.0,2021-08-31 05:00:00,2197064,0.8339476282761602,31
2021-08-30 23:00:00,1630389600.0,2021-08-31 06:00:00,2200705,0.0,31
2021-08-31 00:00:00,1630393200.0,2021-08-31 07:00:00,2200766,0.6569889790196832,31
2021-08-31 01:00:00,1630396800.0,2021-08-31 08:00:00,2200829,0.0,31
2021-08-31 02:00:00,1630400400.0,2021-08-31 09:00:00,2200861,0.0,31
2021-08-31 03:00:00,1630404000.0,2021-08-31 10:00:00,2200921,0.6359929414172134,31
2021-08-31 04:00:00,1630407600.0,2021-08-31 11:00:00,2200965,0.8025858156300334,31
2021-08-31 05:00:00,1630411200.0,2021-08-31 12:00:00,2201022,3.539953714508518,31
2021-08-31 06:00:00,1630414800.0,2021-08-31 13:00:00,2201065,6.803079379793061,31
2021-08-31 07:00:00,1630418400.0,2021-08-31 14:00:00,2201116,10.139708449840088,31
2021-08-31 08:00:00,1630422000.0,2021-08-31 15:00:00,2201176,6.814724663362767,31
2021-08-31 09:00:00,1630425600.0,2021-08-31 16:00:00,2219853,5.5341844707754095,31
2021-08-31 10:00:00,1630429200.0,2021-08-31 17:00:00,2219854,2.538609534341683,31
2021-08-31 11:00:00,1630432800.0,2021-08-31 18:00:00,2219855,2.191986275741038,31
2021-08-31 12:00:00,1630436400.0,2021-08-31 19:00:00,2219856,2.6699263789840604,31
2021-08-31 13:00:00,1630440000.0,2021-08-31 20:00:00,2219857,2.013614070915354,31
2021-08-31 14:00:00,1630443600.0,2021-08-31 21:00:00,2219858,2.063245603554297,31
2021-08-31 15:00:00,1630447200.0,2021-08-31 22:00:00,2219859,1.8939371336114397,31
2021-08-31 16:00:00,1630450800.0,2021-08-31 23:00:00,2219860,1.297964795480123,31
2021-08-31 17:00:00,1630454400.0,2021-09-01 00:00:00,2219861,1.7439660532466696,31
2021-08-31 18:00:00,1630458000.0,2021-09-01 01:00:00,2219862,2.0631477324894574,31
2021-08-31 19:00:00,1630461600.0,2021-09-01 02:00:00,2219863,0.9699335105573476,31
2021-08-31 20:00:00,1630465200.0,2021-09-01 03:00:00,2219870,0.1313500367745534,31
2021-08-31 21:00:00,1630468800.0,2021-09-01 04:00:00,2219962,0.509592408336534,31
2021-08-31 22:00:00,1630472400.0,2021-09-01 05:00:00,2220001,0.0023993315017296,31
2021-08-31 23:00:00,1630476000.0,2021-09-01 06:00:00,2220060,0.440180867238892,31
